idx,opath,lineName,direction,t_flag,time,lng,lat,distance_of_gpspoint,gps_normalized_distance_length
BS00077D,63083.0,M2333,1.0,1,2019-01-04 06:28:06,113.906535788,22.7092095889,0.47951747300451,0.0114543416299744
BS04358D,63083.0,M2333,1.0,1,2019-01-04 06:28:22,113.906522558,22.7092198724,0.4777442151066879,0.0114119834201006
BS00077D,63083.0,M2333,1.0,1,2019-01-04 06:28:29,113.906414146,22.709312993,0.4773794460318495,0.0114032700992427
BS04358D,63083.0,M2333,1.0,1,2019-01-04 06:28:32,113.906454419,22.7092746086,0.4714474372582032,0.0112615708726856
BS00077D,63083.0,M2333,1.0,1,2019-01-04 06:28:36,113.906374762,22.7093505308,0.4831805652213333,0.0115418427368907
BS04358D,63083.0,M2333,1.0,1,2019-01-04 06:28:42,113.906368389,22.7093566048,0.484119264631937,0.0115642656606468
BS07977D,63083.0,M2333,1.0,1,2019-01-04 07:11:28,113.906407275,22.7093195418,0.4783915106291984,0.0114274455137005
BS06787D,63083.0,M2333,1.0,1,2019-01-04 07:11:32,113.906391284,22.709334783,0.4807469113045413,0.0114837094989142
BS07977D,63083.0,M2333,1.0,1,2019-01-04 07:11:38,113.906431418,22.7092965306,0.4748353387566518,0.011342498437074
BS06787D,63083.0,M2333,1.0,1,2019-01-04 07:11:42,113.906394563,22.7093316579,0.4802639417230941,0.0114721726959942
BS00406D,63083.0,M2333,1.0,1,2019-01-04 07:11:43,113.9063311,22.7093921455,0.4896117727986266,0.0116954664374454
BS00406D,63083.0,M2333,1.0,1,2019-01-04 07:11:46,113.906316452,22.7094061068,0.4917693653947745,0.011747005336622
BS07977D,63083.0,M2333,1.0,1,2019-01-04 07:11:48,113.906419394,22.7093079909,0.4766064260363307,0.0113848047969045
BS00406D,63083.0,M2333,1.0,1,2019-01-04 07:11:56,113.906315155,22.7094073427,0.4919603848446821,0.0117515682611459
BS07977D,63083.0,M2333,1.0,1,2019-01-04 07:11:58,113.906398063,22.7093283223,0.4797484307712545,0.0114598585700472
BS06787D,63083.0,M2333,1.0,1,2019-01-04 07:12:02,113.906392298,22.7093338163,0.4805975343105251,0.0114801412970917
BS07977D,63083.0,M2333,1.0,1,2019-01-04 07:12:08,113.906413507,22.7093136024,0.4774735965205827,0.0114055190931236
BS06787D,63083.0,M2333,1.0,1,2019-01-04 07:12:12,113.906386239,22.7093395918,0.4814900446711987,0.011501460892633
BS06787D,63083.0,M2333,1.0,1,2019-01-04 07:12:19,113.906349135,22.7093749564,0.4869553214177036,0.0116320111863784
BS06787D,63083.0,M2333,1.0,1,2019-01-04 07:12:22,113.906279065,22.7094417407,0.4972762913032466,0.0118785505132584
BS06787D,63083.0,M2333,1.0,1,2019-01-04 07:12:32,113.905663259,22.7100274722,0.5878864082541999,0.0140429747378547
BS06787D,63083.0,M2333,1.0,1,2019-01-04 07:12:42,113.905268099,22.7104074905,0.6622501045962979,0.0158193170626359
BS01841D,50449.0,M2333,1.0,1,2019-01-04 07:45:56,113.935549461,22.6831200094,7.950069780291547,0.1899051033010826
BS06103D,50449.0,M2333,1.0,1,2019-01-04 07:46:03,113.935166285,22.6831423671,7.91060541535177,0.1889624091477333
BS01841D,50449.0,M2333,1.0,1,2019-01-04 07:46:34,113.935661522,22.6831122673,7.961617073314493,0.1901809360843125
BS01841D,50449.0,M2333,1.0,1,2019-01-04 07:46:36,113.935747609,22.6831062154,7.970488742369144,0.1903928556365728
BS06103D,50449.0,M2333,1.0,1,2019-01-04 07:46:43,113.935368143,22.6831325363,7.931372457740633,0.1894584761558357
BS01841D,50449.0,M2333,1.0,1,2019-01-04 07:46:56,113.936174149,22.6830596901,8.014622141805857,0.1914470800661286
BS06103D,50449.0,M2333,1.0,1,2019-01-04 07:47:03,113.935590574,22.683117169,7.954306257085521,0.1900063009742384
BS01841D,50449.0,M2333,1.0,1,2019-01-04 07:47:06,113.936480055,22.6830263231,8.04627357087518,0.1922031448646964
BS06103D,50449.0,M2333,1.0,1,2019-01-04 07:47:31,113.935666112,22.6831119502,7.962090048413811,0.1901922341467921
BS06103D,50449.0,M2333,1.0,1,2019-01-04 07:47:33,113.935766801,22.6831041221,7.972472769829334,0.1904402485463449
BS00077D,55737.0,M2333,1.0,1,2019-01-04 07:48:06,114.0225686,22.6580682,18.9680407187028,0.4530938509538841
BS01899D,55739.0,M2333,1.0,1,2019-01-04 07:48:07,114.02348753,22.6569930675,19.12001234063056,0.456724031236398
BS01841D,85736.0,M2333,1.0,1,2019-01-04 07:48:15,113.937034122,22.6829891538,8.103472744032173,0.1935694743671171
BS00077D,55739.0,M2333,1.0,1,2019-01-04 07:48:16,114.023126629,22.6574153155,19.060326885154115,0.4552983113495205
BS00077D,55739.0,M2333,1.0,1,2019-01-04 07:48:16,114.023163457,22.6573722269,19.066417501484047,0.4554437992704152
BS01841D,85736.0,M2333,1.0,1,2019-01-04 07:48:16,113.937102739,22.6829902422,8.110524883312577,0.1937379304027935
BS01899D,55739.0,M2333,1.0,1,2019-01-04 07:48:17,114.023669393,22.6567802903,19.150088744210475,0.4574424730471766
BS06103D,85736.0,M2333,1.0,1,2019-01-04 07:48:21,113.937049196,22.6829893929,8.105021980335994,0.1936064813228352
BS06103D,85736.0,M2333,1.0,1,2019-01-04 07:48:23,113.937199456,22.6829949114,8.120478839897022,0.1939757028004786
BS00077D,55739.0,M2333,1.0,1,2019-01-04 07:48:26,114.023325296,22.657182878,19.0931822753515,0.4560831354380962
BS01841D,85736.0,M2333,1.0,1,2019-01-04 07:48:26,113.937806099,22.6830503518,8.183142871904192,0.1954725726142612
BS01841D,85736.0,M2333,1.0,1,2019-01-04 07:48:33,113.938186441,22.6831108515,8.222818027352297,0.1964203019678497
BS06103D,85736.0,M2333,1.0,1,2019-01-04 07:48:33,113.937819206,22.6830524366,8.184507715199626,0.195505174932753
BS01841D,85736.0,M2333,1.0,1,2019-01-04 07:48:36,113.938353992,22.6831375034,8.240286748766191,0.1968375812416578
BS01899D,55739.0,M2333,1.0,1,2019-01-04 07:48:37,114.023886748,22.6565259882,19.18603479649915,0.4583011244756295
BS06103D,85736.0,M2333,1.0,1,2019-01-04 07:48:41,113.938199547,22.6831129364,8.22418445066792,0.1964529420286388
BS06103D,85736.0,M2333,1.0,1,2019-01-04 07:48:43,113.938215021,22.6831153978,8.225797756388626,0.196491479424915
BS00077D,55739.0,M2333,1.0,1,2019-01-04 07:48:46,114.023562587,22.6569052514,19.13242526285884,0.4570205414989713
BS01841D,85736.0,M2333,1.0,1,2019-01-04 07:48:46,113.938400118,22.6831448406,8.245095805879036,0.1969524562695549
BS01899D,55739.0,M2333,1.0,1,2019-01-04 07:48:47,114.023945486,22.6564572668,19.195748756904152,0.4585331640306467
BS01899D,55739.0,M2333,1.0,1,2019-01-04 07:48:51,114.024087542,22.6562910636,19.21924190215605,0.4590943500704207
BS01899D,55739.0,M2333,1.0,1,2019-01-04 07:48:57,114.024351935,22.6559817279,19.262967121326383,0.4601388242062314
BS06103D,85736.0,M2333,1.0,1,2019-01-04 07:49:03,113.938411745,22.6831466901,8.246308027032558,0.1969814128686472
BS00077D,55739.0,M2333,1.0,1,2019-01-04 07:49:06,114.023705191,22.6567384077,19.156008950844807,0.4575838903533799
BS01841D,56359.0,M2333,1.0,1,2019-01-04 07:49:06,113.938812004,22.6832103457,8.288038431145917,0.1979782364089373
BS01899D,15544.0,M2333,1.0,1,2019-01-04 07:49:07,114.0249153,22.6553226,19.3561363109573,0.4623643775749829
BS01899D,67562.0,M2333,1.0,1,2019-01-04 07:49:12,114.025031423,22.6551838904,19.375589056575077,0.4628290496807788
BS06103D,56359.0,M2333,1.0,1,2019-01-04 07:49:13,113.938718567,22.6831954875,8.278296861931029,0.1977455373560743
BS00077D,55739.0,M2333,1.0,1,2019-01-04 07:49:16,114.024032573,22.6563553763,19.210151168570118,0.4588771976744757
BS01841D,56180.0,M2333,1.0,1,2019-01-04 07:49:16,113.939703882,22.6833521687,8.381023897226395,0.2001994011319549
BS00077D,55739.0,M2333,1.0,1,2019-01-04 07:49:17,114.024075448,22.656305213,19.217241835678468,0.459046574033036
BS01899D,67562.0,M2333,1.0,1,2019-01-04 07:49:17,114.025162168,22.6550264484,19.397601836562348,0.4633548739028241
BS06103D,56359.0,M2333,1.0,1,2019-01-04 07:49:23,113.939195306,22.6832712983,8.328000789815222,0.1989328262504079
BS00077D,55739.0,M2333,1.0,1,2019-01-04 07:49:26,114.024601103,22.6556902058,19.304174418266687,0.4611231521679313
BS01841D,56180.0,M2333,1.0,1,2019-01-04 07:49:26,113.940513654,22.6834790237,8.465414283465687,0.2022152532514068
BS01899D,67562.0,M2333,1.0,1,2019-01-04 07:49:27,114.025411169,22.6547266029,19.43952477756986,0.4643562966151698
BS06103D,56180.0,M2333,1.0,1,2019-01-04 07:49:33,113.94007442,22.6834110847,8.419655337998401,0.2011221990385424
BS00077D,15544.0,M2333,1.0,1,2019-01-04 07:49:34,114.0249546,22.6552764,19.36265481571916,0.4625200865630019
BS00077D,67562.0,M2333,1.0,1,2019-01-04 07:49:36,114.025125338,22.655070798,19.39140104876719,0.4632067542913828
BS01841D,28830.0,M2333,1.0,1,2019-01-04 07:49:36,113.940867685,22.6835321962,8.502267952044381,0.2030955851141297
BS01899D,67562.0,M2333,1.0,1,2019-01-04 07:49:37,114.025498254,22.6546217364,19.45418674796609,0.4647065303967142
BS06103D,56180.0,M2333,1.0,1,2019-01-04 07:49:43,113.940606731,22.6834929943,8.475103193028179,0.2024466944113198
BS00077D,67562.0,M2333,1.0,1,2019-01-04 07:49:46,114.025204288,22.6549757281,19.404693318382098,0.4635242697225785
BS01841D,28830.0,M2333,1.0,1,2019-01-04 07:49:46,113.941098217,22.6835630973,8.526207221687011,0.2036674278274737
BS01899D,67562.0,M2333,1.0,1,2019-01-04 07:49:47,114.025609011,22.6544883637,19.472834297559046,0.4651519686041299
BS06103D,28830.0,M2333,1.0,1,2019-01-04 07:49:53,113.940895847,22.6835364278,8.505199573065324,0.2031656134042211
BS01899D,67562.0,M2333,1.0,1,2019-01-04 07:49:54,114.02595906,22.6540668366,19.531770250324797,0.4665597849513364
BS00077D,67562.0,M2333,1.0,1,2019-01-04 07:49:56,114.025295758,22.6548655805,19.42009361999517,0.4638921401878101
BS01841D,28773.0,M2333,1.0,1,2019-01-04 07:49:56,113.941459285,22.683592377,8.563478423820802,0.204557733408051
BS01899D,67562.0,M2333,1.0,1,2019-01-04 07:49:57,114.02614659,22.653841015,19.56334365216596,0.4673139858959717
BS06103D,28830.0,M2333,1.0,1,2019-01-04 07:50:03,113.941255657,22.6835813403,8.542511393411948,0.2040568892411758
BS00077D,67562.0,M2333,1.0,1,2019-01-04 07:50:06,114.025344741,22.654806595,19.428340662549395,0.4640891391464947
BS01841D,28773.0,M2333,1.0,1,2019-01-04 07:50:06,113.941880285,22.6836114713,8.606791996889866,0.2055923744609398
BS01899D,67562.0,M2333,1.0,1,2019-01-04 07:50:07,114.026790972,22.6530650543,19.671835123035216,0.4699055460397315
BS06103D,28773.0,M2333,1.0,1,2019-01-04 07:50:13,113.941589323,22.6835982748,8.57685707138776,0.2048773121687973
BS00077D,67562.0,M2333,1.0,1,2019-01-04 07:50:16,114.025518877,22.6545969014,19.45765901212641,0.4647894731509637
BS01841D,28773.0,M2333,1.0,1,2019-01-04 07:50:16,113.942211906,22.6836265118,8.640910021903565,0.2064073593910994
BS01899D,67562.0,M2333,1.0,1,2019-01-04 07:50:17,114.027286195,22.6524687105,19.755213515646247,0.4718972244399801
BS06103D,28773.0,M2333,1.0,1,2019-01-04 07:50:23,113.941772743,22.6836065937,8.595727796891103,0.2053280814293342
BS00077D,67562.0,M2333,1.0,1,2019-01-04 07:50:36,114.025824932,22.6542283523,19.509187844465902,0.4660203539480953
BS00077D,67562.0,M2333,1.0,1,2019-01-04 07:50:38,114.025938502,22.654091593,19.528308953774594,0.4664771041828542
BS00077D,67562.0,M2333,1.0,1,2019-01-04 07:50:46,114.026485855,22.6534324746,19.620463995759906,0.468678432378906
BS00077D,67562.0,M2333,1.0,1,2019-01-04 07:50:56,114.026934303,22.652892456,19.695967100071066,0.4704819919978805
BS00077D,67562.0,M2333,1.0,1,2019-01-04 07:51:06,114.026947729,22.6528762887,19.69822755605388,0.4705359880178889
BS06103D,28773.0,M2333,1.0,1,2019-01-04 07:51:13,113.941803803,22.6836080024,8.598923330129432,0.2054044138498661
BS01841D,28773.0,M2333,1.0,1,2019-01-04 07:51:16,113.942349126,22.6836327353,8.655027568609604,0.2067445884016189
BS06103D,28773.0,M2333,1.0,1,2019-01-04 07:51:23,113.942024256,22.683618001,8.621604105518115,0.20594619462817
BS01841D,28773.0,M2333,1.0,1,2019-01-04 07:51:26,113.942714499,22.6836493067,8.69261808108325,0.2076425214200365
BS06103D,28773.0,M2333,1.0,1,2019-01-04 07:51:33,113.942368428,22.6836336107,8.657013407843769,0.2067920245896431
BS01841D,28773.0,M2333,1.0,1,2019-01-04 07:51:36,113.943048553,22.6836644576,8.934057465736378,0.213409838255062
BS06103D,28773.0,M2333,1.0,1,2019-01-04 07:51:43,113.942711305,22.6836491618,8.692289473980876,0.2076346719083409
BS01841D,28773.0,M2333,1.0,1,2019-01-04 07:51:46,113.943291329,22.6836754686,8.909080052904942,0.2128131971820859
BS01899D,82001.0,M2333,1.0,1,2019-01-04 07:51:47,114.02754487,22.65215721,19.79876600155072,0.4729375724574543
BS01899D,15438.0,M2333,1.0,1,2019-01-04 07:51:48,114.027597595,22.6520937033,19.80764445243217,0.4731496540087352
BS06103D,28773.0,M2333,1.0,1,2019-01-04 07:51:53,113.94296273,22.6836605651,8.942887155091302,0.2136207550288015
BS00077D,67562.0,M2333,1.0,1,2019-01-04 07:51:56,114.027230853,22.6525353528,19.74589584452533,0.471674651136142
BS01899D,36456.0,M2333,1.0,1,2019-01-04 08:08:07,114.048409577,22.637978071,22.92068971411459,0.5475116657065829
BS00077D,75983.0,M2333,1.0,1,2019-01-04 08:08:16,114.046992808,22.6382225484,22.772559587736215,0.5439732480914793
BS01899D,36456.0,M2333,1.0,1,2019-01-04 08:08:17,114.048898838,22.6378942444,22.971832325475848,0.5487333207564196
BS00077D,36456.0,M2333,1.0,1,2019-01-04 08:08:26,114.047434348,22.6381463574,22.818724705044136,0.5450760046223717
BS01899D,36456.0,M2333,1.0,1,2019-01-04 08:08:27,114.049037344,22.6378706293,22.986308082720846,0.5490791064225766
BS00077D,36456.0,M2333,1.0,1,2019-01-04 08:08:36,114.048448858,22.6379712926,22.924796739914832,0.5476097711547626
BS00077D,36456.0,M2333,1.0,1,2019-01-04 08:08:46,114.048999497,22.6378770822,22.982352556527328,0.5489846198795462
BS01899D,36456.0,M2333,1.0,1,2019-01-04 08:08:47,114.049429817,22.637803713,23.027326854980515,0.5500589310528669
BS01899D,36456.0,M2333,1.0,1,2019-01-04 08:08:49,114.049580939,22.637777947,23.04312116336518,0.5504362132463886
BS00077D,36456.0,M2333,1.0,1,2019-01-04 08:08:56,114.04901763,22.6378739904,22.984247704201056,0.549029889697887
BS01899D,36456.0,M2333,1.0,1,2019-01-04 08:08:57,114.050176286,22.6376764411,23.17564194579531,0.5536017669550267
BS01899D,36456.0,M2333,1.0,1,2019-01-04 08:09:07,114.050939309,22.6374940633,23.186489309059624,0.5538608803588312
BS00077D,83519.0,M2333,1.0,1,2019-01-04 08:09:08,114.051089,22.6374502,23.20262515469957,0.5542463209295165
BS00077D,83519.0,M2333,1.0,1,2019-01-04 08:09:36,114.051089,22.6374502,23.20262515469957,0.5542463209295165
BS00077D,83519.0,M2333,1.0,1,2019-01-04 08:10:46,114.051089,22.6374502,23.20262515469957,0.5542463209295165
BS01899D,83519.0,M2333,1.0,1,2019-01-04 08:10:47,114.051141484,22.6374274339,23.208580198638508,0.5543885704022432
BS00077D,83519.0,M2333,1.0,1,2019-01-04 08:10:56,114.05133985,22.6373413886,23.2310875866272,0.5549262094367615
BS01899D,15982.0,M2333,1.0,1,2019-01-04 08:10:57,114.051859522,22.6370960457,23.291020136354465,0.5563578317195331
BS00077D,15982.0,M2333,1.0,1,2019-01-04 08:11:06,114.052208509,22.6369297392,23.331345153878893,0.5573210844745691
BS01899D,15982.0,M2333,1.0,1,2019-01-04 08:11:07,114.052698703,22.6366961425,23.38798742965128,0.5586741112440233
BS01899D,15982.0,M2333,1.0,1,2019-01-04 08:11:11,114.053221196,22.6364471536,23.554736896674264,0.5626572932330548
BS00077D,15982.0,M2333,1.0,1,2019-01-04 08:11:16,114.053159919,22.6364763544,23.561817407418435,0.5628264269842616
BS00077D,15982.0,M2333,1.0,1,2019-01-04 08:11:17,114.053252306,22.6364323283,23.551142148638046,0.5625714246789382
BS01899D,15982.0,M2333,1.0,1,2019-01-04 08:11:17,114.053739767,22.6361994511,23.508311430323577,0.5615483176860747
BS00077D,15982.0,M2333,1.0,1,2019-01-04 08:11:26,114.053871242,22.6361354835,23.52357033736431,0.561912810627384
BS01899D,83503.0,M2333,1.0,1,2019-01-04 08:11:27,114.054234816,22.6359999924,23.564058283192395,0.5628799552874211
BS00077D,83503.0,M2333,1.0,1,2019-01-04 08:11:56,114.054055249,22.6360472887,23.544870953157552,0.562421623223296
BS01899D,83503.0,M2333,1.0,1,2019-01-04 08:11:56,114.054393395,22.6359621646,23.58088982300549,0.5632820140611499
BS01899D,83503.0,M2333,1.0,1,2019-01-04 08:11:57,114.054424422,22.6359547633,23.584182883409984,0.5633606761350152
BS00077D,83503.0,M2333,1.0,1,2019-01-04 08:12:06,114.054234585,22.6360000475,23.564033773747173,0.5628793698247955
BS01899D,83503.0,M2333,1.0,1,2019-01-04 08:12:07,114.054446938,22.6359493921,23.5865726302986,0.5634177605559433
BS00077D,83503.0,M2333,1.0,1,2019-01-04 08:12:46,114.054403826,22.6359596763,23.58199692180661,0.5633084595789882
BS00077D,83503.0,M2333,1.0,1,2019-01-04 08:12:47,114.054441211,22.6359507584,23.58596478892349,0.5634032409124282
BS01899D,18088.0,M2333,1.0,1,2019-01-04 08:12:47,114.054617118,22.6359455179,23.604191045840945,0.5638386156070354
BS00077D,83503.0,M2333,1.0,1,2019-01-04 08:12:56,114.054481609,22.6359411218,23.590252441123848,0.5635056610240159
BS01899D,18088.0,M2333,1.0,1,2019-01-04 08:12:57,114.054899478,22.6359547296,23.67971043954505,0.5656425643343996
BS00077D,18088.0,M2333,1.0,1,2019-01-04 08:13:16,114.054538108,22.6359429402,23.596064165512026,0.5636444869904281
BS00077D,18088.0,M2333,1.0,1,2019-01-04 08:13:26,114.054575717,22.6359441672,23.599932585281504,0.5637368928027339
BS01899D,18088.0,M2333,1.0,1,2019-01-04 08:13:27,114.05498381,22.6359574808,23.671036145491232,0.5654353595231364
BS00077D,52146.0,M2333,1.0,1,2019-01-04 08:13:36,114.0553068,22.6359754,23.675177518040144,0.5655342854198196
BS01899D,52146.0,M2333,1.0,1,2019-01-04 08:13:37,114.0554307,22.6359813,23.687930613916198,0.5658389214867575
BS00077D,52145.0,M2333,1.0,1,2019-01-04 08:14:06,114.056326532,22.6364075534,23.79324068786901,0.568354486887483
BS01899D,52145.0,M2333,1.0,1,2019-01-04 08:14:07,114.0564064,22.6364615,23.803394171736265,0.5685970254382082
BS00077D,52145.0,M2333,1.0,1,2019-01-04 08:14:26,114.056366952,22.6364348549,23.798379210101466,0.5684772319227264
BS01899D,23214.0,M2333,1.0,1,2019-01-04 08:14:27,114.056495908,22.6365568677,23.817400989988855,0.5689316094532785
BS00077D,23214.0,M2333,1.0,1,2019-01-04 08:14:36,114.056595705,22.6366631984,23.833017931253494,0.5693046548385479
BS01899D,23214.0,M2333,1.0,1,2019-01-04 08:14:37,114.05683154,22.6368138265,23.86250108709037,0.5700089256071798
BS00077D,53595.0,M2333,1.0,1,2019-01-04 08:14:46,114.057299629,22.6371020308,23.92024068246415,0.571388164296531
BS01899D,53595.0,M2333,1.0,1,2019-01-04 08:14:47,114.057421424,22.6371766401,23.935241019455397,0.5717464807169649
BS00077D,53595.0,M2333,1.0,1,2019-01-04 08:14:56,114.057785463,22.6373996437,23.980076237246667,0.5728174696392616
BS01899D,53595.0,M2333,1.0,1,2019-01-04 08:14:57,114.058021057,22.6375439645,24.009092095591896,0.5735105779677043
BS00077D,53595.0,M2333,1.0,1,2019-01-04 08:15:06,114.058320775,22.6377275663,24.046005447775222,0.5743923355061025
BS01899D,23166.0,M2333,1.0,1,2019-01-04 08:15:07,114.058586496,22.6378929921,24.078895008491106,0.5751779758335321
BS00077D,23166.0,M2333,1.0,1,2019-01-04 08:15:16,114.058987901,22.6381463031,24.155339218465635,0.5770040158549633
BS01899D,23166.0,M2333,1.0,1,2019-01-04 08:15:17,114.059286406,22.6383178287,24.1648961977435,0.5772323055665214
BS00077D,23166.0,M2333,1.0,1,2019-01-04 08:15:22,114.059253315,22.6382998547,24.160955095236957,0.5771381635653429
BS00077D,23166.0,M2333,1.0,1,2019-01-04 08:15:26,114.059420305,22.6383905588,24.180843439527425,0.5776132409145168
BS01899D,23166.0,M2333,1.0,1,2019-01-04 08:15:27,114.059773768,22.6385362761,24.220710891310333,0.5785655636938657
BS00077D,23166.0,M2333,1.0,1,2019-01-04 08:15:36,114.059770968,22.638535275,24.220402457391103,0.578558196063529
BS01899D,23166.0,M2333,1.0,1,2019-01-04 08:15:37,114.059967783,22.6386056578,24.24208317687272,0.5790760882816581
BS00077D,23166.0,M2333,1.0,1,2019-01-04 08:15:56,114.059938351,22.6385951326,24.23884100914976,0.5789986418927127
BS01899D,23166.0,M2333,1.0,1,2019-01-04 08:15:57,114.060333409,22.6387004774,24.2811332899854,0.5800088871085272
BS01899D,23166.0,M2333,1.0,1,2019-01-04 08:15:58,114.060409793,22.638719184,24.289253731827,0.580202861927541
BS01899D,23166.0,M2333,1.0,1,2019-01-04 08:16:05,114.060995809,22.6387962079,24.350141187368777,0.5816572942600805
BS00077D,23166.0,M2333,1.0,1,2019-01-04 08:16:06,114.060000708,22.638617432,24.24877075336673,0.5792358359241352
BS01899D,23166.0,M2333,1.0,1,2019-01-04 08:16:07,114.061324375,22.6388186112,24.384006561003982,0.5824662440499888
BS00077D,23166.0,M2333,1.0,1,2019-01-04 08:16:16,114.060167569,22.6386598625,24.263502698781817,0.579587741214679
BS01899D,23166.0,M2333,1.0,1,2019-01-04 08:16:17,114.061994422,22.6388495424,24.45545427476804,0.5841729316436783
BS00077D,23166.0,M2333,1.0,1,2019-01-04 08:16:19,114.060389963,22.6387143276,24.287145589589297,0.5801525042601886
BS00077D,23166.0,M2333,1.0,1,2019-01-04 08:16:26,114.061007512,22.6387970095,24.35134744791389,0.5816861084767804
BS00077D,23166.0,M2333,1.0,1,2019-01-04 08:16:35,114.061708196,22.6388363295,24.42350966887702,0.5834098636644909
BS00077D,23166.0,M2333,1.0,1,2019-01-04 08:16:36,114.061722456,22.6388369877,24.424977311857187,0.583444921582152
BS01841D,52337.0,M2333,1.0,1,2019-01-04 08:16:50,114.008095668,22.6609277962,16.83511272210374,0.4021441206091196
BS06103D,26352.0,M2333,1.0,1,2019-01-04 08:16:53,114.006614468,22.660924772,16.68243709727984,0.3984971236512292
BS01899D,23166.0,M2333,1.0,1,2019-01-04 08:16:57,114.062069955,22.6388540596,24.46074867054179,0.584299400065229
BS01899D,23166.0,M2333,1.0,1,2019-01-04 08:16:58,114.062161745,22.6388597874,24.470205358607604,0.5845252940980684
BS01841D,52347.0,M2333,1.0,1,2019-01-04 08:17:00,114.008639505,22.6612903758,16.90428740758826,0.4037965118655239
BS00077D,23166.0,M2333,1.0,1,2019-01-04 08:17:06,114.061965638,22.6388482137,24.45841673204612,0.5842436965263733
BS01899D,23166.0,M2333,1.0,1,2019-01-04 08:17:07,114.062382614,22.6388735698,24.49339026304665,0.585079117120281
BS01841D,52347.0,M2333,1.0,1,2019-01-04 08:17:10,114.008667069,22.6613130404,16.9082497086087,0.4038911602403673
BS01899D,68482.0,M2333,1.0,1,2019-01-04 08:17:17,114.062608169,22.6387458861,24.52322621402413,0.5857918151857132
BS01841D,52347.0,M2333,1.0,1,2019-01-04 08:17:20,114.00869514,22.6613361209,16.91210407936749,0.4039832304607978
BS06103D,26352.0,M2333,1.0,1,2019-01-04 08:17:23,114.006881356,22.6609204691,16.70987215195586,0.3991524709672032
BS01841D,52347.0,M2333,1.0,1,2019-01-04 08:17:25,114.008981158,22.6615712919,16.951376719252025,0.40492134483467
BS06103D,26352.0,M2333,1.0,1,2019-01-04 08:17:25,114.007033892,22.6609165598,16.725555294055958,0.3995270977067053
BS01899D,68482.0,M2333,1.0,1,2019-01-04 08:17:27,114.062934864,22.6380405376,24.607594735524994,0.5878071450172451
BS01841D,52347.0,M2333,1.0,1,2019-01-04 08:17:30,114.009365054,22.6618942652,17.004630478252196,0.4061934293425531
BS06103D,52338.0,M2333,1.0,1,2019-01-04 08:17:33,114.007659201,22.660899398,16.81031401038607,0.4015517482098039
BS06103D,25047.0,M2333,1.0,1,2019-01-04 08:17:35,114.0078669,22.6608952,16.811203678050827,0.4015729999012291
BS00077D,23166.0,M2333,1.0,1,2019-01-04 08:17:36,114.062300913,22.6388684716,24.501807528210435,0.585280182224691
BS01899D,68482.0,M2333,1.0,1,2019-01-04 08:17:37,114.063349611,22.6370757682,24.723604018725432,0.5905782848334865
BS01841D,52347.0,M2333,1.0,1,2019-01-04 08:17:40,114.010132743,22.66253792,17.110960499690595,0.4087333584580589
BS06103D,52337.0,M2333,1.0,1,2019-01-04 08:17:43,114.00826922,22.6610120858,16.85531177860962,0.4026266200108032
BS00077D,68482.0,M2333,1.0,1,2019-01-04 08:17:46,114.062641899,22.6387082289,24.52864945239691,0.585921361299379
BS01899D,7445.0,M2333,1.0,1,2019-01-04 08:17:47,114.063864642,22.6358777062,24.8664494518874,0.5939904657942071
BS01841D,52347.0,M2333,1.0,1,2019-01-04 08:17:50,114.010620048,22.6629381645,17.33595729061843,0.4141079073619549
BS01899D,7445.0,M2333,1.0,1,2019-01-04 08:17:52,114.06411139,22.6353036444,25.0117351975966,0.5974609390491058
BS06103D,52347.0,M2333,1.0,1,2019-01-04 08:17:53,114.008671369,22.6613165752,16.908840078350213,0.4039052625350448
BS00077D,68482.0,M2333,1.0,1,2019-01-04 08:17:56,114.062971957,22.6379542537,24.617852699762796,0.5880521793140593
BS01899D,7445.0,M2333,1.0,1,2019-01-04 08:17:57,114.064324427,22.6347916246,24.99568291210059,0.5970774944983555
BS00077D,68482.0,M2333,1.0,1,2019-01-04 08:18:06,114.063410674,22.6369337278,24.74053961228552,0.5909828291624516
BS01899D,7445.0,M2333,1.0,1,2019-01-04 08:18:07,114.064411656,22.6345644151,25.02239427122497,0.597715554736066
BS01899D,7445.0,M2333,1.0,1,2019-01-04 08:18:29,114.064519847,22.6342739544,25.056428860988493,0.5985285466296559
BS00077D,7445.0,M2333,1.0,1,2019-01-04 08:18:36,114.064447089,22.6344709762,25.033363961386367,0.597977590189949
BS01899D,7445.0,M2333,1.0,1,2019-01-04 08:18:37,114.064738089,22.6336584409,25.128189189779768,0.6002427017287483
BS01899D,7445.0,M2333,1.0,1,2019-01-04 08:18:47,114.064855671,22.6332951539,25.17550402156936,0.6013729217478166
BS00077D,7445.0,M2333,1.0,1,2019-01-04 08:18:50,114.064511695,22.6342964587,25.053799637917173,0.5984657417873389
BS00077D,7445.0,M2333,1.0,1,2019-01-04 08:18:56,114.064662918,22.6338738643,25.103111919426365,0.599643675336706
BS00077D,7445.0,M2333,1.0,1,2019-01-04 08:19:06,114.064823226,22.6333953981,25.187095168923683,0.6016498020893147
BS00077D,7445.0,M2333,1.0,1,2019-01-04 08:19:36,114.064864097,22.633259848,25.174221571259743,0.6013422875690916
BS01899D,7445.0,M2333,1.0,1,2019-01-04 08:19:37,114.064871836,22.6331639342,25.1848727133271,0.6015967137930713
BS00077D,15987.0,M2333,1.0,1,2019-01-04 08:19:46,114.065085596,22.6324279046,25.26943028385223,0.603616559481127
BS01899D,15987.0,M2333,1.0,1,2019-01-04 08:19:47,114.065121116,22.6323136264,25.2826015682374,0.6039311849109533
BS00077D,15987.0,M2333,1.0,1,2019-01-04 08:19:56,114.065347693,22.6314401729,25.435134591926012,0.6075747755234814
BS01899D,15987.0,M2333,1.0,1,2019-01-04 08:19:57,114.065349895,22.6314310232,25.43409638656344,0.6075499756786905
BS00077D,15987.0,M2333,1.0,1,2019-01-04 08:20:06,114.065435974,22.6310478532,25.426517458807805,0.6073689361283318
BS01899D,75104.0,M2333,1.0,1,2019-01-04 08:20:07,114.0654592,22.6309329,25.43946922398169,0.60767831785343
BS00077D,15987.0,M2333,1.0,1,2019-01-04 08:20:16,114.065447838,22.6309891369,25.433133028130936,0.6075269637193371
BS00077D,75104.0,M2333,1.0,1,2019-01-04 08:21:06,114.065478396,22.6308379987,25.450162150223782,0.607933742185381
BS00077D,40830.0,M2333,1.0,1,2019-01-04 08:21:16,114.06557579,22.6303159003,25.508845342324555,0.6093355207817855
BS01899D,41055.0,M2333,1.0,1,2019-01-04 08:21:25,114.0657447,22.6301721,25.54163751956229,0.6101188348881896
BS00077D,41055.0,M2333,1.0,1,2019-01-04 08:21:26,114.0657447,22.6301721,25.54163751956229,0.6101188348881896
BS01899D,8221.0,M2333,1.0,1,2019-01-04 08:21:27,114.066339755,22.6302303799,25.60314849832397,0.6115881614599948
BS00077D,8221.0,M2333,1.0,1,2019-01-04 08:21:36,114.066387658,22.6302350715,25.60810024143439,0.611706444860379
BS01899D,75088.0,M2333,1.0,1,2019-01-04 08:21:37,114.066506651,22.6302461634,25.62039431400721,0.6120001161345257
BS00077D,75088.0,M2333,1.0,1,2019-01-04 08:22:06,114.066535399,22.63024874,25.62336334056713,0.612071037939132
BS01899D,75088.0,M2333,1.0,1,2019-01-04 08:22:07,114.066696714,22.6302631982,25.640023577504603,0.6124690047625774
BS00077D,75088.0,M2333,1.0,1,2019-01-04 08:22:16,114.066597135,22.6302542732,25.629739290636977,0.6122233416911894
BS01899D,75088.0,M2333,1.0,1,2019-01-04 08:22:17,114.066727158,22.6302659268,25.643167762533736,0.6125441106168976
BS00077D,75088.0,M2333,1.0,1,2019-01-04 08:22:46,114.066832948,22.6302754086,25.65409350738536,0.6128050963392913
BS01899D,75088.0,M2333,1.0,1,2019-01-04 08:22:48,114.06697429,22.630286584,25.668678481848875,0.6131534909016891
BS01899D,32725.0,M2333,1.0,1,2019-01-04 08:23:28,114.06855069,22.6303232574,25.830845739547904,0.6170272166269315
BS00077D,32725.0,M2333,1.0,1,2019-01-04 08:23:36,114.069015283,22.6303116092,25.87864263209621,0.618168951739667
BS01899D,32725.0,M2333,1.0,1,2019-01-04 08:23:38,114.069762225,22.6302485057,25.955756064114865,0.620010977618447
BS00077D,32725.0,M2333,1.0,1,2019-01-04 08:23:46,114.070319613,22.630178077,26.01359462918413,0.6213925804191539
BS01899D,32725.0,M2333,1.0,1,2019-01-04 08:23:48,114.071160581,22.6300438559,26.10132163495831,0.623488135119207
BS00077D,18016.0,M2333,1.0,1,2019-01-04 08:23:56,114.0717323,22.629936,26.16129658516608,0.6249207702317842
BS01899D,18016.0,M2333,1.0,1,2019-01-04 08:23:58,114.0722828,22.6298321,26.219045735243064,0.6263002371564779
BS00077D,10330.0,M2333,1.0,1,2019-01-04 08:24:06,114.072368943,22.629815846,26.228082308336884,0.6265160958085773
BS01899D,10330.0,M2333,1.0,1,2019-01-04 08:24:08,114.072918905,22.6297120759,26.285774443033493,0.627894200794068
BS00077D,10330.0,M2333,1.0,1,2019-01-04 08:24:16,114.072853922,22.6297243373,26.278957591256862,0.6277313651238657
BS01899D,10330.0,M2333,1.0,1,2019-01-04 08:24:18,114.073489856,22.6296043453,26.34566841434636,0.6293249015455857
BS00077D,10330.0,M2333,1.0,1,2019-01-04 08:24:26,114.073222834,22.6296547288,26.3176572317352,0.6286557921321634
BS01899D,10330.0,M2333,1.0,1,2019-01-04 08:24:28,114.073513348,22.6295999128,26.348132773364053,0.6293837682432073
BS00077D,10330.0,M2333,1.0,1,2019-01-04 08:24:36,114.073569714,22.6295892774,26.35404568700895,0.6295250113401331
BS01899D,20137.0,M2333,1.0,1,2019-01-04 08:24:38,114.0742326,22.6294642,26.42358389680811,0.6311860861835287
BS00077D,20137.0,M2333,1.0,1,2019-01-04 08:24:46,114.07433576,22.6294449207,26.43440154046315,0.631444489668348
BS01899D,85542.0,M2333,1.0,1,2019-01-04 08:24:48,114.074807439,22.6293575034,26.483848195484292,0.6326256330279902
BS01899D,11828.0,M2333,1.0,1,2019-01-04 08:24:52,114.075219289,22.6292855789,26.526929481437808,0.6336547253863526
BS00077D,85542.0,M2333,1.0,1,2019-01-04 08:24:56,114.0749055,22.629341,26.494093221474238,0.6328703582659705
BS01899D,20147.0,M2333,1.0,1,2019-01-04 08:24:58,114.075722624,22.6291966837,26.579600625525146,0.6349128928408935
BS00077D,20147.0,M2333,1.0,1,2019-01-04 08:25:06,114.075838618,22.629176198,26.591738736566988,0.6352028386269035
BS01899D,20147.0,M2333,1.0,1,2019-01-04 08:25:08,114.076126299,22.6291253907,26.62184292034749,0.635921944029576
BS00077D,20147.0,M2333,1.0,1,2019-01-04 08:25:16,114.0760212,22.6291439523,26.610844903628365,0.6356592319328432
BS01899D,20147.0,M2333,1.0,1,2019-01-04 08:25:18,114.076171671,22.6291173776,26.626590842715064,0.6360353587180754
BS01899D,20147.0,M2333,1.0,1,2019-01-04 08:25:36,114.076312245,22.6290925508,26.641301119575907,0.6363867464069949
BS01899D,20147.0,M2333,1.0,1,2019-01-04 08:25:38,114.076364688,22.6290832887,26.64678898736049,0.6365178363379435
BS00077D,20147.0,M2333,1.0,1,2019-01-04 08:25:46,114.076207472,22.6291110547,26.630337216987133,0.6361248492021596
BS01899D,20147.0,M2333,1.0,1,2019-01-04 08:25:48,114.076754644,22.6290144188,26.68759569482288,0.637492595328768
BS00077D,20147.0,M2333,1.0,1,2019-01-04 08:25:49,114.076335535,22.6290884375,26.643738288076143,0.6364449635986159
BS00077D,20147.0,M2333,1.0,1,2019-01-04 08:25:56,114.076869446,22.6289941436,26.699609085519523,0.6377795618918664
BS01899D,20147.0,M2333,1.0,1,2019-01-04 08:25:58,114.077402147,22.6289000633,26.75535330188988,0.6391111365145814
BS00077D,20147.0,M2333,1.0,1,2019-01-04 08:26:06,114.077739022,22.6288405677,26.7906054307312,0.6399532120377158
BS01899D,20147.0,M2333,1.0,1,2019-01-04 08:26:08,114.078192952,22.6287603992,26.8381067445829,0.641087886595706
BS01899D,20147.0,M2333,1.0,1,2019-01-04 08:26:10,114.078437548,22.6287172011,26.86370240197268,0.641699295815373
BS00077D,20147.0,M2333,1.0,1,2019-01-04 08:26:12,114.078411334,22.6287218306,26.86095925052956,0.6416337695404379
BS00077D,20147.0,M2333,1.0,1,2019-01-04 08:26:16,114.078769523,22.6286585709,26.89844181659732,0.6425291240188016
BS01899D,20147.0,M2333,1.0,1,2019-01-04 08:26:18,114.079131729,22.6285946017,26.93634475828932,0.6434345201041639
BS00077D,20147.0,M2333,1.0,1,2019-01-04 08:26:26,114.079316597,22.6285619521,26.95569022429975,0.6438966295978726
BS01899D,20147.0,M2333,1.0,1,2019-01-04 08:26:28,114.079430075,22.6285419108,26.967565101826988,0.6441802874657682
BS01899D,20147.0,M2333,1.0,1,2019-01-04 08:26:38,114.079468048,22.6285352044,26.971538777590744,0.6442752075516611
BS01899D,20147.0,M2333,1.0,1,2019-01-04 08:26:40,114.079567171,22.6285176984,26.981911480057544,0.6445229826263343
BS00077D,20147.0,M2333,1.0,1,2019-01-04 08:26:44,114.079524739,22.6285251923,26.97747119279891,0.644416916486811
BS00077D,20147.0,M2333,1.0,1,2019-01-04 08:26:46,114.079615809,22.6285091084,26.987001194356587,0.6446445617755048
BS01899D,20147.0,M2333,1.0,1,2019-01-04 08:26:48,114.080246228,22.6283977701,27.052971287307336,0.6462204042099512
BS00077D,66659.0,M2333,1.0,1,2019-01-04 08:26:56,114.080501932,22.6283526084,27.079729442692248,0.6468595822804526
BS01899D,66659.0,M2333,1.0,1,2019-01-04 08:26:58,114.08124408,22.6282212127,27.157398590541145,0.6487148826681444
BS00077D,20155.0,M2333,1.0,1,2019-01-04 08:27:06,114.0816769,22.6281355,27.202894144632115,0.6498016451920161
BS01899D,75138.0,M2333,1.0,1,2019-01-04 08:27:08,114.082376129,22.6280198187,27.27590890986292,0.6515457652962237
BS00077D,75138.0,M2333,1.0,1,2019-01-04 08:27:16,114.082645108,22.627977004,27.30396384198866,0.6522159197641318
BS01899D,42177.0,M2333,1.0,1,2019-01-04 08:27:18,114.083717943,22.6278634411,27.415096941424853,0.6548705810830701
BS00077D,42177.0,M2333,1.0,1,2019-01-04 08:27:26,114.083876018,22.6278614425,27.43135585968912,0.6552589615171882
BS01899D,27163.0,M2333,1.0,1,2019-01-04 08:27:28,114.085045607,22.6279556577,27.552238907206792,0.6581465220368585
BS00077D,27163.0,M2333,1.0,1,2019-01-04 08:27:36,114.084811872,22.6279173193,27.527824811825177,0.6575633370543893
BS01899D,42083.0,M2333,1.0,1,2019-01-04 08:27:38,114.086321941,22.6283349536,27.690339980819832,0.6614453734149294
BS00077D,42083.0,M2333,1.0,1,2019-01-04 08:27:46,114.085976787,22.6282047995,27.652042125896536,0.6605305439484701
BS01899D,42083.0,M2333,1.0,1,2019-01-04 08:27:48,114.08764217,22.6290615219,27.849226265412995,0.6652407257983248
BS00077D,42083.0,M2333,1.0,1,2019-01-04 08:27:56,114.087195284,22.628776458,27.792668164388918,0.6638897097299984
BS04785D,67562.0,M2333,1.0,1,2019-01-04 08:56:09,114.026811938,22.6530398074,19.67536505081913,0.4699898662179156
BS04785D,67562.0,M2333,1.0,1,2019-01-04 08:56:19,114.027133693,22.6526523522,19.72953745456033,0.4712838945991561
BS35658D,15544.0,M2333,1.0,1,2019-01-04 08:56:31,114.0249153,22.6553226,19.3561363109573,0.4623643775749829
BS35658D,67562.0,M2333,1.0,1,2019-01-04 08:56:33,114.025039526,22.6551741331,19.37695328855324,0.4628616373965978
BS35658D,67562.0,M2333,1.0,1,2019-01-04 08:56:41,114.025432396,22.6547010415,19.44309865116217,0.464441666536754
BS35658D,67562.0,M2333,1.0,1,2019-01-04 08:56:51,114.025569402,22.6545360606,19.466165541403857,0.4649926705273154
BS35658D,67562.0,M2333,1.0,1,2019-01-04 08:57:01,114.025803069,22.6542546794,19.505506901095234,0.4659324264266557
BS35658D,67562.0,M2333,1.0,1,2019-01-04 08:57:04,114.025975934,22.6540465171,19.534611233785405,0.4666276481616571
BS35658D,67562.0,M2333,1.0,1,2019-01-04 08:57:11,114.026433994,22.6534949253,19.611732409818146,0.4684698590234415
BS35658D,67562.0,M2333,1.0,1,2019-01-04 08:57:21,114.027018747,22.6527907702,19.710184450577263,0.4708216050442014
BS04785D,82001.0,M2333,1.0,1,2019-01-04 08:57:49,114.0275306,22.6521744,19.796362882729184,0.4728801686181598
BS35658D,67562.0,M2333,1.0,1,2019-01-04 08:57:51,114.027300526,22.6524514536,19.75762632787458,0.4719548598278611
BS04785D,15438.0,M2333,1.0,1,2019-01-04 08:57:54,114.027725944,22.6519391566,19.8292531245624,0.4736658252155922
BS35658D,82001.0,M2333,1.0,1,2019-01-04 08:57:58,114.0275824,22.652112,19.805086224610854,0.4730885450459083
BS04785D,15438.0,M2333,1.0,1,2019-01-04 08:57:59,114.027979071,22.651634363,19.964139959669915,0.4768878973562105
BS35658D,15438.0,M2333,1.0,1,2019-01-04 08:58:01,114.02768589,22.6519873865,19.822509652459853,0.4735047423821539
BS04785D,15438.0,M2333,1.0,1,2019-01-04 08:58:09,114.028144442,22.6514352365,19.936298177250883,0.4762228344432434
BS35658D,15438.0,M2333,1.0,1,2019-01-04 08:58:11,114.028050381,22.6515484966,19.95213419003049,0.4766011128390185
BS04785D,15438.0,M2333,1.0,1,2019-01-04 08:58:19,114.028224871,22.6513383907,19.92275721506304,0.4758993784366743
BS35658D,15438.0,M2333,1.0,1,2019-01-04 08:58:21,114.02816305,22.6514128309,19.933165400407056,0.476148001098809
BS04785D,15438.0,M2333,1.0,1,2019-01-04 08:58:24,114.028637511,22.6510137475,19.96896661030679,0.4770031926445697
BS04785D,12704.0,M2333,1.0,1,2019-01-04 08:58:29,114.029110694,22.6506559195,20.03170118531929,0.4785017475349724
BS35658D,15438.0,M2333,1.0,1,2019-01-04 08:58:31,114.028425262,22.6511742372,19.94082781040637,0.4763310348082819
BS35658D,15438.0,M2333,1.0,1,2019-01-04 08:58:35,114.028697274,22.6509685589,19.99479406757609,0.4776201389200464
BS04785D,12704.0,M2333,1.0,1,2019-01-04 08:58:39,114.02965225,22.6502464654,20.103495271231985,0.4802167089980096
BS35658D,12704.0,M2333,1.0,1,2019-01-04 08:58:41,114.029063037,22.6506919518,20.025383282353506,0.4783508303671334
BS04785D,12704.0,M2333,1.0,1,2019-01-04 08:58:49,114.03031774,22.6497433091,20.19171942416268,0.4823241391639042
BS35658D,12704.0,M2333,1.0,1,2019-01-04 08:58:51,114.029750164,22.6501724362,20.116475702193725,0.4805267754692238
BS04785D,12719.0,M2333,1.0,1,2019-01-04 08:58:59,114.031156979,22.649108739,20.302981119842404,0.4849818722902085
BS35658D,12704.0,M2333,1.0,1,2019-01-04 08:59:01,114.030374214,22.6497006108,20.19920620782102,0.4825029776475054
BS04785D,12719.0,M2333,1.0,1,2019-01-04 08:59:09,114.031379146,22.6489407474,20.332435231537623,0.4856854492749023
SZBDL470,63083.0,M2333,1.0,2,2019-01-04 09:06:35,113.906351387,22.7093728101,0.4866236206719629,0.0116240877761285
SZBDL607,63083.0,M2333,1.0,2,2019-01-04 09:06:44,113.909773395,22.7076627905,0.0821270753391984,0.001961787903393
SZBDL470,63083.0,M2333,1.0,2,2019-01-04 09:06:45,113.906350434,22.709373718,0.4867639602378114,0.0116274400988736
SZBDL470,63083.0,M2333,1.0,2,2019-01-04 09:07:05,113.906347014,22.7093769777,0.4872677151644758,0.0116394734060056
SZBDL607,63083.0,M2333,1.0,2,2019-01-04 09:07:06,113.907252106,22.7086626274,0.3650764643683478,0.0087206635406566
SZBDL607,63083.0,M2333,1.0,2,2019-01-04 09:07:14,113.90655917,22.7091914145,0.4572736315172416,0.010922997989957
SZBDL470,63083.0,M2333,1.0,2,2019-01-04 09:07:15,113.906335786,22.7093876793,0.4889215529717539,0.0116789790013417
SZBDL607,63083.0,M2333,1.0,2,2019-01-04 09:07:24,113.906370577,22.7093545197,0.4837970067093187,0.0115565678132347
SZBDL470,63083.0,M2333,1.0,2,2019-01-04 09:07:25,113.906329696,22.7093934841,0.4898186097663448,0.0117004071985716
SZBDL607,63083.0,M2333,1.0,2,2019-01-04 09:07:34,113.906364348,22.7093604566,0.4847145073180197,0.0115784843564462
SZBDL470,63083.0,M2333,1.0,2,2019-01-04 09:07:35,113.906336926,22.7093865928,0.4887536399595446,0.0116749680254874
SZBDL607,63083.0,M2333,1.0,2,2019-01-04 09:07:44,113.906306834,22.7094152741,0.4931860740981756,0.0117808465757686
SZBDL470,63083.0,M2333,1.0,2,2019-01-04 09:07:45,113.906333881,22.7093894952,0.4892021683617349,0.0116856821242192
SZBDL470,63083.0,M2333,1.0,2,2019-01-04 09:07:55,113.906331976,22.709391311,0.4894827758124209,0.011692385057449
BS04785D,15982.0,M2333,1.0,1,2019-01-04 09:13:49,114.0538754,22.6361334603,23.524052921327137,0.5619243382189454
BS35658D,15982.0,M2333,1.0,1,2019-01-04 09:13:49,114.05322858,22.6364436346,23.553883668585343,0.5626369119819659
BS35658D,15982.0,M2333,1.0,1,2019-01-04 09:13:51,114.053407136,22.6363585454,23.53325162433217,0.5621440697046661
BS04785D,83503.0,M2333,1.0,1,2019-01-04 09:13:55,114.05437134,22.6359674255,23.57854901383196,0.5632260986264187
BS04785D,83503.0,M2333,1.0,1,2019-01-04 09:13:59,114.054418096,22.6359562723,23.583511472179037,0.5633446379840688
BS35658D,15982.0,M2333,1.0,1,2019-01-04 09:14:01,114.053954601,22.6360949259,23.533244947912696,0.5621439102235338
BS04785D,83503.0,M2333,1.0,1,2019-01-04 09:14:09,114.054453428,22.6359478442,23.58726144165705,0.5634342143476454
BS35658D,83503.0,M2333,1.0,1,2019-01-04 09:14:11,114.054314121,22.6359810747,23.5724760590363,0.5630810325905619
BS35658D,83503.0,M2333,1.0,1,2019-01-04 09:14:12,114.054421639,22.635955427,23.583887513440462,0.5633536205661808
BS07325D,84985.0,M2333,1.0,1,2019-01-04 09:19:28,114.142831978,22.6223175782,37.32091390418974,0.8914930568076159
BS00077D,84985.0,M2333,1.0,1,2019-01-04 09:19:36,114.142540013,22.6223124657,37.29089294321141,0.8907759393667197
BS00077D,84985.0,M2333,1.0,1,2019-01-04 09:19:36,114.14260123,22.6223135376,37.29718750990391,0.8909262990957549
BS07325D,84985.0,M2333,1.0,1,2019-01-04 09:19:38,114.142976591,22.6223201104,37.33578356688024,0.891848251781664
BS00077D,84985.0,M2333,1.0,1,2019-01-04 09:19:46,114.142883898,22.6223184873,37.32625251747263,0.8916205814627434
BS07325D,84985.0,M2333,1.0,1,2019-01-04 09:19:48,114.14301476,22.6223207788,37.33970824975845,0.891942001563491
BS00077D,84985.0,M2333,1.0,1,2019-01-04 09:19:56,114.142937588,22.6223194275,37.331773129125246,0.8917524535538256
BS01841D,83833.0,M2333,1.0,1,2019-01-04 09:25:37,114.112987469,22.6026669139,32.626412716514,0.779354452036788
BS06103D,83833.0,M2333,1.0,1,2019-01-04 09:25:53,114.112897628,22.6024903638,32.648032291220225,0.7798708836759278
BS06103D,83833.0,M2333,1.0,1,2019-01-04 09:25:55,114.112866844,22.6024298701,32.655440608307174,0.7800478478109057
BS01841D,83833.0,M2333,1.0,1,2019-01-04 09:25:57,114.112907098,22.6025089743,32.645753226883414,0.7798164431539861
BS06103D,83833.0,M2333,1.0,1,2019-01-04 09:26:03,114.112856849,22.6024102284,32.65790355702816,0.780106680820453
BS01841D,83833.0,M2333,1.0,1,2019-01-04 09:26:07,114.112891651,22.6024786199,32.64947051899853,0.779905238946052
BS07325D,13844.0,M2333,1.0,1,2019-01-04 09:28:08,114.155852815,22.6208586967,38.8558847416214,0.928159250124465
BS00077D,13844.0,M2333,1.0,1,2019-01-04 09:28:16,114.155870399,22.6207921806,38.86346923824524,0.92834042269963
BS07325D,13844.0,M2333,1.0,1,2019-01-04 09:28:18,114.155804443,22.6195306686,39.00466175928438,0.9317131201770468
BS07325D,13844.0,M2333,1.0,1,2019-01-04 09:28:19,114.155718595,22.6192530756,39.03664411996524,0.9324770900133832
BS00077D,13844.0,M2333,1.0,1,2019-01-04 09:28:26,114.155747122,22.6193454129,39.026006458821705,0.93222298581126
BS00077D,13844.0,M2333,1.0,1,2019-01-04 09:28:27,114.15570897,22.6192175354,39.040702285647306,0.9325740283289408
BS07325D,13844.0,M2333,1.0,1,2019-01-04 09:28:28,114.155591666,22.61838201,39.1343557022934,0.934811148537214
BS07325D,13844.0,M2333,1.0,1,2019-01-04 09:28:31,114.15560079,22.6181755907,39.15725127416703,0.935358060207421
BS00077D,77234.0,M2333,1.0,1,2019-01-04 09:28:36,114.1557462,22.6174701,39.23709059525931,0.9372652000110367
BS07325D,13844.0,M2333,1.0,1,2019-01-04 09:28:38,114.155604042,22.6181276402,39.16257176551127,0.9354851519797276
BS02656D,13844.0,M2333,1.0,1,2019-01-04 09:28:40,114.155812611,22.6195620683,39.00108463789091,0.9316276726745066
BS02656D,13844.0,M2333,1.0,1,2019-01-04 09:28:41,114.15574716,22.6193455359,39.0259922887774,0.9322226473282272
BS00077D,77234.0,M2333,1.0,1,2019-01-04 09:28:46,114.1557462,22.6174701,39.23709059525931,0.9372652000110367
BS07325D,13844.0,M2333,1.0,1,2019-01-04 09:28:48,114.155608516,22.6180616738,39.16989126601135,0.9356599945329372
BS02656D,13844.0,M2333,1.0,1,2019-01-04 09:28:49,114.155595275,22.6184945434,39.12188837627166,0.9345133387190016
BS00077D,77234.0,M2333,1.0,1,2019-01-04 09:28:50,114.1557462,22.6174701,39.23709059525931,0.9372652000110367
BS02656D,13844.0,M2333,1.0,1,2019-01-04 09:28:50,114.155592411,22.6184052346,39.131782699797256,0.9347496866484096
BS00077D,77234.0,M2333,1.0,1,2019-01-04 09:28:56,114.1557462,22.6174701,39.23709059525931,0.9372652000110367
BS07325D,77234.0,M2333,1.0,1,2019-01-04 09:28:58,114.156004091,22.6168737704,39.30825115593578,0.938965028314397
BS02656D,13844.0,M2333,1.0,1,2019-01-04 09:29:00,114.155730591,22.6175146447,39.23190330799999,0.9371412901146388
BS00077D,77234.0,M2333,1.0,1,2019-01-04 09:29:06,114.156237973,22.6164650641,39.40040647611476,0.9411663631557236
BS07325D,77234.0,M2333,1.0,1,2019-01-04 09:29:08,114.156458356,22.61607841,39.40807934493429,0.9413496466973852
BS00077D,77234.0,M2333,1.0,1,2019-01-04 09:29:16,114.156323978,22.6163147703,39.381560132903104,0.9407161763204672
BS02656D,77234.0,M2333,1.0,1,2019-01-04 09:29:20,114.1557462,22.6174701,39.23709059525931,0.9372652000110367
BS00077D,77234.0,M2333,1.0,1,2019-01-04 09:29:36,114.156527405,22.6159569138,39.42892944841189,0.941847697804379
BS07325D,44067.0,M2333,1.0,1,2019-01-04 09:29:38,114.156689139,22.6156694993,39.45920256076851,0.9425708384419093
BS00077D,44067.0,M2333,1.0,1,2019-01-04 09:29:46,114.156908598,22.6152618229,39.50967231748505,0.9437764208616504
BS07325D,44067.0,M2333,1.0,1,2019-01-04 09:29:48,114.156943253,22.6151974463,39.51764205140921,0.9439667956867748
BS07325D,44067.0,M2333,1.0,1,2019-01-04 09:29:53,114.157140852,22.6148303777,39.578974877911854,0.9454318666955356
BS00077D,44067.0,M2333,1.0,1,2019-01-04 09:29:56,114.157056655,22.6149867862,39.59833802769907,0.945894398605594
BS00077D,44067.0,M2333,1.0,1,2019-01-04 09:29:57,114.157127929,22.6148543843,39.581946856209896,0.945502859008974
BS07325D,44067.0,M2333,1.0,1,2019-01-04 09:29:58,114.157268365,22.6145618673,39.59559309631806,0.9458288298128826
BS02656D,77234.0,M2333,1.0,1,2019-01-04 09:30:00,114.1557462,22.6174701,39.23709059525931,0.9372652000110367
BS00077D,44067.0,M2333,1.0,1,2019-01-04 09:30:06,114.157388516,22.6142977801,39.62733965853265,0.9465871670782688
BS07325D,44067.0,M2333,1.0,1,2019-01-04 09:30:08,114.157425199,22.6141888609,39.63999722941927,0.9468895213183188
BS00077D,44067.0,M2333,1.0,1,2019-01-04 09:30:26,114.157480592,22.6140031371,39.661337963733466,0.947399292234356
BS07325D,44067.0,M2333,1.0,1,2019-01-04 09:30:28,114.157512689,22.6138955232,39.67370343911406,0.9476946691234168
BS07325D,44067.0,M2333,1.0,1,2019-01-04 09:30:38,114.157538049,22.6138104962,39.683473540200815,0.9479280497235144
BS07325D,44067.0,M2333,1.0,1,2019-01-04 09:30:39,114.157556737,22.61374784,39.69067311288083,0.948100027533937
BS00077D,44067.0,M2333,1.0,1,2019-01-04 09:30:40,114.15752958,22.6138388919,39.680210714528286,0.9478501098734856
BS00077D,44067.0,M2333,1.0,1,2019-01-04 09:30:46,114.157597035,22.6136127278,39.70619828950508,0.9484708809166212
BS07325D,44067.0,M2333,1.0,1,2019-01-04 09:30:48,114.157657703,22.6134118385,39.72930228816086,0.9490227713242084
BS00077D,44067.0,M2333,1.0,1,2019-01-04 09:30:56,114.157685948,22.6133184774,39.7400411653585,0.9492792932969604
BS07325D,44067.0,M2333,1.0,1,2019-01-04 09:30:58,114.157764041,22.6130603423,39.76973284959002,0.9499885452302136
BS00077D,44067.0,M2333,1.0,1,2019-01-04 09:31:06,114.157814293,22.6128942355,39.788839092132726,0.9504449403391928
BS07325D,44067.0,M2333,1.0,1,2019-01-04 09:31:08,114.158087313,22.6121234871,39.878781584317785,0.9525934168609844
BS07325D,44067.0,M2333,1.0,1,2019-01-04 09:31:13,114.1583374,22.6115951599,39.942712942424045,0.9541205595780766
BS00077D,44067.0,M2333,1.0,1,2019-01-04 09:31:16,114.158184486,22.6119013505,39.905339971677634,0.9532278230277812
BS07325D,44067.0,M2333,1.0,1,2019-01-04 09:31:18,114.158610293,22.6111164784,40.00270978043381,0.9555537175294984
BS00077D,44067.0,M2333,1.0,1,2019-01-04 09:31:19,114.158311232,22.6116410624,39.93697231776539,0.9539834319868802
BS00077D,44067.0,M2333,1.0,1,2019-01-04 09:31:26,114.158586816,22.6111576588,39.997550108396176,0.9554304672841062
BS07325D,44067.0,M2333,1.0,1,2019-01-04 09:31:28,114.158870625,22.6106399881,40.06191334987281,0.956967926496315
BS00077D,44067.0,M2333,1.0,1,2019-01-04 09:31:36,114.158776394,22.6108251204,40.06172310260386,0.9569633820170512
BS07325D,44067.0,M2333,1.0,1,2019-01-04 09:31:38,114.158879069,22.6106212823,40.06415937525911,0.9570215778094217
BS07325D,44067.0,M2333,1.0,1,2019-01-04 09:31:51,114.158915268,22.6105410898,40.07378814465148,0.9572515823875768
BS00077D,44067.0,M2333,1.0,1,2019-01-04 09:31:55,114.158879683,22.6106199211,40.06432279770307,0.9570254815180632
BS00406D,6682.0,M2333,1.0,1,2019-01-04 09:33:26,114.125210645,22.6094785,34.917512517449886,0.8340824678145141
BS06103D,77721.0,M2333,1.0,1,2019-01-04 09:33:32,114.124530617,22.6090379773,34.832257095260026,0.8320459523869289
BS06103D,77721.0,M2333,1.0,1,2019-01-04 09:33:33,114.124644196,22.6091099106,34.84639292896192,0.8323836182230276
BS00406D,6682.0,M2333,1.0,1,2019-01-04 09:33:36,114.125425261,22.6096218302,34.94469429964199,0.834731765153752
BS06103D,6682.0,M2333,1.0,1,2019-01-04 09:33:43,114.125104186,22.6094081863,34.90408015560102,0.8337616059686459
BS00406D,6682.0,M2333,1.0,1,2019-01-04 09:33:47,114.125439356,22.6096312432,34.946479425778506,0.8347744068629105
BS00406D,6682.0,M2333,1.0,1,2019-01-04 09:33:56,114.125813408,22.6098810514,34.99385336995313,0.8359060389128032
BS06103D,6682.0,M2333,1.0,1,2019-01-04 09:34:03,114.125391064,22.6095989918,34.94036321293199,0.8346283075122723
BS00406D,85015.0,M2333,1.0,1,2019-01-04 09:34:06,114.126523847,22.610378057,35.085313583525846,0.8380907695864287
BS06103D,6682.0,M2333,1.0,1,2019-01-04 09:34:13,114.125472896,22.6096536425,34.95072728115082,0.8348758763387241
BS01841D,14301.0,M2333,1.0,1,2019-01-04 09:36:07,114.133235904,22.6164872104,36.05863135950418,0.8613406300153478
BS00406D,14301.0,M2333,1.0,1,2019-01-04 09:36:08,114.133521209,22.6168273236,36.2450099644463,0.8657926976327148
BS01841D,14301.0,M2333,1.0,1,2019-01-04 09:36:08,114.133250992,22.6165051973,36.06115596960755,0.8614009359441918
BS00406D,14301.0,M2333,1.0,1,2019-01-04 09:36:16,114.133932399,22.6173175033,36.17620858683824,0.8641492236654414
BS00406D,14315.0,M2333,1.0,1,2019-01-04 09:36:26,114.134704861,22.6182383944,36.30442436152338,0.8672119426866974
BS01841D,14301.0,M2333,1.0,1,2019-01-04 09:36:27,114.133676874,22.6170128919,36.21896368092829,0.8651705242054628
BS00406D,14315.0,M2333,1.0,1,2019-01-04 09:36:36,114.135558082,22.6192555262,36.447187476158014,0.8706221572862578
BS01841D,14315.0,M2333,1.0,1,2019-01-04 09:36:37,114.134163094,22.6175925486,36.21377424756177,0.8650465630445199
BS00406D,43800.0,M2333,1.0,1,2019-01-04 09:36:46,114.136222078,22.6200663867,36.55999262173226,0.8733167591470211
BS01841D,14315.0,M2333,1.0,1,2019-01-04 09:36:47,114.134876468,22.6184429684,36.33313810289836,0.867897834279183
BS00406D,43800.0,M2333,1.0,1,2019-01-04 09:36:56,114.136668136,22.6205898472,36.6339466034128,0.8750833145256146
BS01841D,14315.0,M2333,1.0,1,2019-01-04 09:36:57,114.135595896,22.6193006048,36.45351462127983,0.8707732952235546
BS00406D,43800.0,M2333,1.0,1,2019-01-04 09:37:06,114.136792356,22.6207181981,36.65304872901333,0.875539611292271
BS01841D,43800.0,M2333,1.0,1,2019-01-04 09:37:07,114.136287718,22.6201490205,36.57136256099777,0.873588355441194
BS01841D,43800.0,M2333,1.0,1,2019-01-04 09:37:17,114.136372971,22.6202563447,36.60637139823413,0.8744246194030905
BS01841D,43800.0,M2333,1.0,1,2019-01-04 09:37:27,114.136465279,22.6203671008,36.601645222918805,0.8743117241913152
BS00406D,43800.0,M2333,1.0,1,2019-01-04 09:37:36,114.137205454,22.6210549704,36.72384978745136,0.8772308520848779
BS01841D,43800.0,M2333,1.0,1,2019-01-04 09:37:37,114.136748235,22.6206777988,36.64670087386632,0.8753879786499487
BS00406D,43800.0,M2333,1.0,1,2019-01-04 09:37:38,114.137314367,22.6211437231,36.72450670356583,0.8772465439877197
BS01841D,43800.0,M2333,1.0,1,2019-01-04 09:37:45,114.137344769,22.6211684889,36.7286648725672,0.8773458711050371
BS00406D,52809.0,M2333,1.0,1,2019-01-04 09:37:46,114.137851627,22.6215091548,36.79319548541501,0.8788873283547993
BS01841D,52809.0,M2333,1.0,1,2019-01-04 09:37:47,114.137493609,22.6212883935,36.74892478574022,0.8778298242036039
BS00406D,52809.0,M2333,1.0,1,2019-01-04 09:37:56,114.138422201,22.6217897342,36.85963961016829,0.8804744940934326
BS01841D,52809.0,M2333,1.0,1,2019-01-04 09:37:57,114.138209744,22.6216948064,36.83536984556453,0.8798947567726865
BS00406D,52809.0,M2333,1.0,1,2019-01-04 09:38:11,114.138569793,22.6218481356,36.87613372801995,0.8808684927929464
BS00406D,52809.0,M2333,1.0,1,2019-01-04 09:38:16,114.138906086,22.6219699303,36.91326675458404,0.881755497742641
BS01841D,52809.0,M2333,1.0,1,2019-01-04 09:38:17,114.138420896,22.6217892177,36.85949376496592,0.8804710102563106
BS01841D,52809.0,M2333,1.0,1,2019-01-04 09:38:25,114.138465043,22.6218066865,36.86442740827948,0.88058886130278
BS00406D,52809.0,M2333,1.0,1,2019-01-04 09:38:26,114.139900237,22.6222002957,37.01891159850456,0.884279059868811
BS01841D,52809.0,M2333,1.0,1,2019-01-04 09:38:27,114.138645547,22.621878111,36.88459959754251,0.8810707189205963
BS00406D,84985.0,M2333,1.0,1,2019-01-04 09:38:36,114.140794118,22.6222818939,37.11132262513699,0.886486502827651
BS01841D,52809.0,M2333,1.0,1,2019-01-04 09:38:37,114.13944461,22.6221219779,36.9712078938132,0.8831395507553546
BS00406D,84985.0,M2333,1.0,1,2019-01-04 09:38:42,114.141442518,22.6222932478,37.17793721134379,0.8880777404173287
BS00406D,84985.0,M2333,1.0,1,2019-01-04 09:38:46,114.141778276,22.6222991271,37.21256821823433,0.8889049790608525
BS01841D,84985.0,M2333,1.0,1,2019-01-04 09:38:47,114.140365979,22.622255556,37.06722105647472,0.8854330387469569
BS00406D,84985.0,M2333,1.0,1,2019-01-04 09:38:56,114.142533488,22.6223123514,37.29022201758563,0.8907599128155332
BS00406D,84985.0,M2333,1.0,1,2019-01-04 09:38:57,114.142624945,22.6223139529,37.29962597724492,0.8909845473130773
BS01841D,84985.0,M2333,1.0,1,2019-01-04 09:38:57,114.141290511,22.6222905861,37.16231457309421,0.8877045589468997
BS01841D,84985.0,M2333,1.0,1,2019-01-04 09:38:58,114.141496442,22.622294192,37.18347969830612,0.8882101350488495
BS00406D,84985.0,M2333,1.0,1,2019-01-04 09:39:06,114.143103814,22.6223223382,37.34886512313726,0.8921607338555305
BS01841D,84985.0,M2333,1.0,1,2019-01-04 09:39:07,114.142396334,22.6223099498,37.27611931704807,0.8904230384387765
BS01841D,84985.0,M2333,1.0,1,2019-01-04 09:39:08,114.142586877,22.6223132863,37.29571167944729,0.8908910456020039
BS00406D,77737.0,M2333,1.0,1,2019-01-04 09:39:16,114.1432958,22.6223257,37.36860585863122,0.8926322852402131
BS01841D,84985.0,M2333,1.0,1,2019-01-04 09:39:17,114.142875436,22.6223183392,37.32538242235967,0.8915997973052612
BS00406D,20268.0,M2333,1.0,1,2019-01-04 09:39:26,114.144065358,22.6222946576,37.44794979493353,0.8945275916760331
BS01841D,84985.0,M2333,1.0,1,2019-01-04 09:39:27,114.143211628,22.6223242261,37.35995097143105,0.8924255440048239
BS00406D,20268.0,M2333,1.0,1,2019-01-04 09:39:36,114.144462586,22.6223244078,37.48892416365484,0.8955063556290246
BS01841D,77737.0,M2333,1.0,1,2019-01-04 09:39:37,114.143718959,22.6222921942,37.41226689724149,0.8936752262805637
BS00406D,20268.0,M2333,1.0,1,2019-01-04 09:39:46,114.144512847,22.6223297294,37.49412476950392,0.8956305836695693
BS01841D,20268.0,M2333,1.0,1,2019-01-04 09:39:47,114.144365472,22.6223161649,37.47889785205391,0.8952668548708018
BS00406D,20268.0,M2333,1.0,1,2019-01-04 09:39:56,114.144619473,22.6223410188,37.50515757249551,0.8958941267138091
BS45160D,61464.0,M2333,1.0,1,2019-01-04 09:40:04,114.109557012,22.6101081166,31.780675629097928,0.7591521401841975
BS35658D,61464.0,M2333,1.0,1,2019-01-04 09:40:11,114.109014218,22.6105343122,31.614976495391637,0.7551940477431222
BS45160D,61464.0,M2333,1.0,1,2019-01-04 09:40:14,114.109755692,22.6099521157,31.753922908886047,0.7585130919448956
BS35658D,61464.0,M2333,1.0,1,2019-01-04 09:40:21,114.109033935,22.6105188301,31.617631470418164,0.75525746772818
BS35658D,61464.0,M2333,1.0,1,2019-01-04 09:40:22,114.109094941,22.6104709291,31.62584604584649,0.7554536911373327
BS45160D,61464.0,M2333,1.0,1,2019-01-04 09:40:24,114.110055886,22.6096949219,31.76633913726335,0.7588096811821935
BS35658D,61464.0,M2333,1.0,1,2019-01-04 09:40:31,114.109427099,22.6102101225,31.79816870019698,0.7595700011044065
BS45160D,30447.0,M2333,1.0,1,2019-01-04 09:40:34,114.110358342,22.6093349898,31.80751831193377,0.7597933373809133
BS35658D,61464.0,M2333,1.0,1,2019-01-04 09:40:41,114.109696049,22.6099989462,31.76195395016324,0.7587049312325382
BS45160D,30447.0,M2333,1.0,1,2019-01-04 09:40:44,114.110888237,22.6085420689,31.91085973622026,0.7622618772046843
BS35658D,61464.0,M2333,1.0,1,2019-01-04 09:40:51,114.110047633,22.6097025456,31.767536109816827,0.75883827353455
BS45160D,30447.0,M2333,1.0,1,2019-01-04 09:40:54,114.111121915,22.6081904408,32.039980745052866,0.7653462197574357
BS35658D,30447.0,M2333,1.0,1,2019-01-04 09:41:01,114.11054215,22.6090628456,31.84307918175713,0.7606427878692629
BS45160D,30447.0,M2333,1.0,1,2019-01-04 09:41:04,114.111367291,22.6078211881,32.00466122104003,0.7645025343506949
BS35658D,30447.0,M2333,1.0,1,2019-01-04 09:41:11,114.111152922,22.6081437825,32.03390949826984,0.7652011945212605
BS45160D,10968.0,M2333,1.0,1,2019-01-04 09:41:14,114.111724797,22.6072857363,32.074425349010326,0.7661690057522105
BS35658D,10968.0,M2333,1.0,1,2019-01-04 09:41:21,114.111575552,22.6075092206,32.04530585722147,0.7654734219084125
BS45160D,10968.0,M2333,1.0,1,2019-01-04 09:41:24,114.112148147,22.6066518019,32.176284334977254,0.7686021342387234
BS35658D,10968.0,M2333,1.0,1,2019-01-04 09:41:31,114.112008603,22.6068607583,32.20351095550719,0.7692525026414128
BS45160D,10968.0,M2333,1.0,1,2019-01-04 09:41:34,114.112250959,22.6064978296,32.17708735399517,0.7686213161344506
BS35658D,10968.0,M2333,1.0,1,2019-01-04 09:41:41,114.112154917,22.6066416648,32.17496347347182,0.7685705825231325
BS45160D,11407.0,M2333,1.0,1,2019-01-04 09:41:44,114.112499927,22.6060324917,32.23466185185562,0.7699966111024019
BS35658D,11407.0,M2333,1.0,1,2019-01-04 09:41:51,114.112444983,22.6061433762,32.22114803568941,0.7696738035389517
BS45160D,11407.0,M2333,1.0,1,2019-01-04 09:41:54,114.112696241,22.6055637127,32.29037161899525,0.7713273628286017
BS35658D,11407.0,M2333,1.0,1,2019-01-04 09:42:01,114.112667902,22.6056313824,32.28233142746528,0.7711353049668147
BS45160D,11407.0,M2333,1.0,1,2019-01-04 09:42:04,114.112785033,22.6053126266,32.31964265933954,0.7720265667467978
BS35658D,11407.0,M2333,1.0,1,2019-01-04 09:42:11,114.112724671,22.6054876106,32.29929555538609,0.7715405309024663
BS45160D,11407.0,M2333,1.0,1,2019-01-04 09:42:14,114.112799814,22.6052697758,32.32462532018362,0.7721455886860334
BS35658D,11407.0,M2333,1.0,1,2019-01-04 09:42:21,114.112740405,22.6054419982,32.30459934550156,0.7716672237287686
BS45160D,11417.0,M2333,1.0,1,2019-01-04 09:43:34,114.1129516,22.6048296,32.375807132355206,0.7733681801344352
BS35658D,11407.0,M2333,1.0,1,2019-01-04 09:43:41,114.112837021,22.6051619156,32.371333879063386,0.7732613265278693
BS45160D,83872.0,M2333,1.0,1,2019-01-04 09:43:44,114.113097768,22.6044246579,32.42310123039096,0.7744979048816666
BS35658D,11417.0,M2333,1.0,1,2019-01-04 09:43:51,114.112955985,22.6048174542,32.37722569519835,0.7734020656638344
BS45160D,11423.0,M2333,1.0,1,2019-01-04 09:43:54,114.113239585,22.6039916594,32.47324660669315,0.7756957387535587
BS35658D,83872.0,M2333,1.0,1,2019-01-04 09:44:01,114.113122548,22.6043560408,32.43111556753188,0.7746893451538526
BS45160D,11423.0,M2333,1.0,1,2019-01-04 09:44:04,114.113265506,22.6038997912,32.48376326819199,0.7759469526099793
BS35658D,11423.0,M2333,1.0,1,2019-01-04 09:44:11,114.113202376,22.6041235312,32.4581504909506,0.7753351344445699
BS00406D,77234.0,M2333,1.0,1,2019-01-04 09:44:16,114.1557462,22.6174701,39.23709059525931,0.9372652000110367
BS01841D,13844.0,M2333,1.0,1,2019-01-04 09:44:17,114.155616729,22.6187831724,39.08981224115343,0.9337471288716076
BS45160D,11423.0,M2333,1.0,1,2019-01-04 09:44:24,114.113291657,22.6037582394,32.49976122168826,0.7763290993200429
BS00406D,77234.0,M2333,1.0,1,2019-01-04 09:44:26,114.1557462,22.6174701,39.23709059525931,0.9372652000110367
BS01841D,13844.0,M2333,1.0,1,2019-01-04 09:44:27,114.155590498,22.6183456136,39.13838798105811,0.9349074684861598
BS35658D,11423.0,M2333,1.0,1,2019-01-04 09:44:31,114.113247739,22.6039627618,32.476554685877204,0.7757747595843862
BS45160D,11423.0,M2333,1.0,1,2019-01-04 09:44:34,114.113293271,22.6037141501,32.50464642448676,0.776445793257044
BS00406D,77234.0,M2333,1.0,1,2019-01-04 09:44:36,114.1557462,22.6174701,39.23709059525931,0.9372652000110367
BS01841D,13844.0,M2333,1.0,1,2019-01-04 09:44:37,114.155596796,22.6182344777,39.15071728882083,0.9352019814312053
BS35658D,11423.0,M2333,1.0,1,2019-01-04 09:44:41,114.113257274,22.6039289674,32.48042331189721,0.7758671703234447
BS00406D,77234.0,M2333,1.0,1,2019-01-04 09:44:46,114.1557462,22.6174701,39.23709059525931,0.9372652000110367
BS01841D,77234.0,M2333,1.0,1,2019-01-04 09:44:47,114.1557462,22.6174701,39.23709059525931,0.9372652000110367
BS01841D,77234.0,M2333,1.0,1,2019-01-04 09:45:02,114.1557462,22.6174701,39.23709059525931,0.9372652000110367
BS00406D,77234.0,M2333,1.0,1,2019-01-04 09:45:06,114.1557462,22.6174701,39.23709059525931,0.9372652000110367
BS01841D,77234.0,M2333,1.0,1,2019-01-04 09:45:07,114.1557462,22.6174701,39.23709059525931,0.9372652000110367
BS45160D,11423.0,M2333,1.0,1,2019-01-04 09:45:14,114.113277849,22.6034166795,32.53782598663042,0.7772383609137452
BS00406D,77234.0,M2333,1.0,1,2019-01-04 09:45:16,114.155919077,22.617025322,39.28945339092431,0.9385160018775244
BS01841D,77234.0,M2333,1.0,1,2019-01-04 09:45:17,114.1557462,22.6174701,39.23709059525931,0.9372652000110367
BS35658D,11423.0,M2333,1.0,1,2019-01-04 09:45:21,114.113295323,22.6036581223,32.51085444574863,0.77659408565593
BS35658D,11423.0,M2333,1.0,1,2019-01-04 09:45:31,114.113296309,22.6036311761,32.51384014938891,0.7766654058297026
BS45160D,11423.0,M2333,1.0,1,2019-01-04 09:45:44,114.11326393,22.6033512605,32.545210398743336,0.7774147540252367
BS35658D,11423.0,M2333,1.0,1,2019-01-04 09:45:51,114.113299777,22.6035364944,32.52433112103363,0.776916006026805
BS35658D,11423.0,M2333,1.0,1,2019-01-04 09:46:51,114.11327585,22.6034072841,32.53888652662034,0.7772636942707982
BS45160D,11423.0,M2333,1.0,1,2019-01-04 09:46:54,114.113228138,22.6032079202,32.56152914545098,0.7778045635948261
BS00406D,44067.0,M2333,1.0,1,2019-01-04 09:46:56,114.158581762,22.6111665246,39.9964392931025,0.9554039329895748
BS01841D,44067.0,M2333,1.0,1,2019-01-04 09:46:57,114.157513303,22.6138934666,39.67393977103676,0.9477003144371604
BS01841D,44067.0,M2333,1.0,1,2019-01-04 09:46:57,114.157530139,22.6138370184,39.68042599652074,0.9478552523628152
BS06103D,44067.0,M2333,1.0,1,2019-01-04 09:47:03,114.157669031,22.6133743948,39.733609320775486,0.949125654380107
BS01841D,44067.0,M2333,1.0,1,2019-01-04 09:47:07,114.157633892,22.6134905471,39.72024898273957,0.948806512983243
BS06103D,44067.0,M2333,1.0,1,2019-01-04 09:47:13,114.157816239,22.6128878034,39.78957894002424,0.9504626132520286
BS45160D,11423.0,M2333,1.0,1,2019-01-04 09:47:14,114.113195089,22.6031150699,32.57235821116472,0.7780632399209282
BS00406D,44067.0,M2333,1.0,1,2019-01-04 09:47:16,114.15887271,22.6106353686,40.06246800655799,0.9569811757051908
BS00406D,44067.0,M2333,1.0,1,2019-01-04 09:47:17,114.158897466,22.6105805278,40.06905281090743,0.9571384684063564
BS01841D,44067.0,M2333,1.0,1,2019-01-04 09:47:17,114.157743845,22.6131270977,39.762054370454095,0.9498051276736637
BS35658D,11423.0,M2333,1.0,1,2019-01-04 09:47:21,114.113250341,22.6032873945,32.552419518804086,0.7775869598960885
BS06103D,44067.0,M2333,1.0,1,2019-01-04 09:47:23,114.158267179,22.6117268803,39.926448458780406,0.9537320462024907
BS06103D,44067.0,M2333,1.0,1,2019-01-04 09:47:24,114.158329355,22.6116092723,39.94094775613795,0.954078394176606
BS45160D,83833.0,M2333,1.0,1,2019-01-04 09:47:24,114.113134388,22.60295563,32.59108730510853,0.7785106259965765
BS00406D,44067.0,M2333,1.0,1,2019-01-04 09:47:26,114.158933066,22.6101756863,40.11471677586903,0.9582292537985384
BS01841D,44067.0,M2333,1.0,1,2019-01-04 09:47:27,114.157930284,22.6125108301,39.83812285962068,0.9516221927677272
BS06103D,44067.0,M2333,1.0,1,2019-01-04 09:47:33,114.158824291,22.6107411047,40.05119642550964,0.9567119289158532
BS00406D,44067.0,M2333,1.0,1,2019-01-04 09:47:36,114.158827854,22.609553554,40.20398315223223,0.9603615797897634
BS01841D,44067.0,M2333,1.0,1,2019-01-04 09:47:36,114.158341304,22.6115883121,39.94356955899374,0.9541410217705673
BS01841D,44067.0,M2333,1.0,1,2019-01-04 09:47:37,114.158394386,22.6114952019,39.9552208522859,0.9544193388315976
BS35658D,11423.0,M2333,1.0,1,2019-01-04 09:47:38,114.113203944,22.6031399467,32.56945683475204,0.7779939340905905
BS00406D,18483.0,M2333,1.0,1,2019-01-04 09:47:41,114.158775562,22.6092626604,40.217303272302345,0.9606797604910408
BS35658D,11423.0,M2333,1.0,1,2019-01-04 09:47:41,114.113191985,22.6031063473,32.57337549905814,0.7780875401054329
BS06103D,44067.0,M2333,1.0,1,2019-01-04 09:47:43,114.158866134,22.6106499369,40.0607187866759,0.9569393916968004
BS45160D,83833.0,M2333,1.0,1,2019-01-04 09:47:44,114.113063903,22.602817117,32.60802391573953,0.778915194620543
BS00406D,18483.0,M2333,1.0,1,2019-01-04 09:47:46,114.158393266,22.6092557364,40.25661661419992,0.9616188471230448
BS01841D,44067.0,M2333,1.0,1,2019-01-04 09:47:47,114.158807878,22.6107698947,40.05480364187518,0.956798095303754
BS06103D,44067.0,M2333,1.0,1,2019-01-04 09:47:47,114.158901777,22.6105709762,40.070199654149626,0.9571658633085898
BS35658D,83833.0,M2333,1.0,1,2019-01-04 09:47:51,114.113158843,22.6030133,32.584228280112654,0.7783467829252093
BS06103D,44067.0,M2333,1.0,1,2019-01-04 09:47:53,114.158940026,22.6102232836,40.11027441448716,0.9581231381139672
BS00406D,18483.0,M2333,1.0,1,2019-01-04 09:47:56,114.158140614,22.6092509643,40.28259846854991,0.9622394815162822
BS01841D,44067.0,M2333,1.0,1,2019-01-04 09:47:57,114.158863432,22.6106559222,40.06000011853237,0.956922224709364
SZBDL631,41055.0,M2333,1.0,2,2019-01-04 10:12:48,114.0657447,22.6301721,25.54163751956229,0.6101188348881896
SZBDL631,8221.0,M2333,1.0,2,2019-01-04 10:12:50,114.066439,22.6302401,25.61340747550422,0.611833219953193
SZBDL622,41055.0,M2333,1.0,2,2019-01-04 10:12:52,114.0657447,22.6301721,25.54163751956229,0.6101188348881896
SZBDL631,8221.0,M2333,1.0,2,2019-01-04 10:12:58,114.066439,22.6302401,25.61340747550422,0.611833219953193
SZBDL622,8221.0,M2333,1.0,2,2019-01-04 10:13:03,114.066439,22.6302401,25.61340747550422,0.611833219953193
SZBDL631,8221.0,M2333,1.0,2,2019-01-04 10:13:08,114.066439,22.6302401,25.61340747550422,0.611833219953193
SZBDL622,8221.0,M2333,1.0,2,2019-01-04 10:13:13,114.066439,22.6302401,25.61340747550422,0.611833219953193
BS04785D,44067.0,M2333,1.0,1,2019-01-04 10:16:09,114.158800385,22.6093953896,40.20219690280865,0.9603189112483944
BS35658D,18483.0,M2333,1.0,1,2019-01-04 10:16:09,114.158720824,22.6092616918,40.2229321955237,0.960814219844904
BS04785D,44067.0,M2333,1.0,1,2019-01-04 10:16:11,114.158786075,22.6093115295,40.21159929656044,0.9605435083407544
BS35658D,18483.0,M2333,1.0,1,2019-01-04 10:16:11,114.158705367,22.6092614183,40.22452169943212,0.9608521886819416
BS04785D,18483.0,M2333,1.0,1,2019-01-04 10:16:19,114.158408736,22.6092560286,40.25502573321516,0.9615808453914748
BS35658D,18483.0,M2333,1.0,1,2019-01-04 10:16:21,114.158416471,22.6092561747,40.25423029273228,0.9615618445259172
BS04785D,18483.0,M2333,1.0,1,2019-01-04 10:16:29,114.158355421,22.6092550216,40.26050846238248,0.961711812575118
BS35658D,18483.0,M2333,1.0,1,2019-01-04 10:16:31,114.158393627,22.6092557432,40.25657949025754,0.961617960335091
BS04785D,18483.0,M2333,1.0,1,2019-01-04 10:16:39,114.158233142,22.609252712,40.27308321004146,0.9620121883981184
BS35658D,18483.0,M2333,1.0,1,2019-01-04 10:16:41,114.158286961,22.6092537285,40.26754865100976,0.961879983142858
BS04785D,18483.0,M2333,1.0,1,2019-01-04 10:16:49,114.158094458,22.6092500925,40.28734499150345,0.9623528627766642
BS04785D,18483.0,M2333,1.0,1,2019-01-04 10:16:50,114.157964696,22.6092476416,40.30068926558383,0.9626716204502124
BS35658D,18483.0,M2333,1.0,1,2019-01-04 10:16:51,114.158241237,22.6092528649,40.272250748337946,0.9619923031983442
BS35658D,18483.0,M2333,1.0,1,2019-01-04 10:16:57,114.157905339,22.6092465205,40.306793333679714,0.9628174296964632
BS04785D,18483.0,M2333,1.0,1,2019-01-04 10:16:59,114.157238758,22.6092339302,40.37534222110442,0.9644548723739896
BS35658D,18483.0,M2333,1.0,1,2019-01-04 10:17:01,114.157569262,22.6092401727,40.3413543326161,0.9636429960442549
BS04785D,18483.0,M2333,1.0,1,2019-01-04 10:17:09,114.156161152,22.6092035924,40.52909909582078,0.9681276973910292
BS35658D,18483.0,M2333,1.0,1,2019-01-04 10:17:11,114.156423811,22.6092141672,40.459163966738856,0.9664571412475343
BS04785D,18483.0,M2333,1.0,1,2019-01-04 10:17:19,114.155204266,22.6090894385,40.58565404839523,0.9694786382516316
BS35658D,18483.0,M2333,1.0,1,2019-01-04 10:17:21,114.155271932,22.609103679,40.578520455056186,0.969308236504553
BS04785D,18483.0,M2333,1.0,1,2019-01-04 10:17:29,114.15425898,22.6088350897,40.68689758382422,0.9718970653328473
BS35658D,18483.0,M2333,1.0,1,2019-01-04 10:17:31,114.154222081,22.6088220586,40.69095655371606,0.9719940228587444
BS04785D,18487.0,M2333,1.0,1,2019-01-04 10:17:39,114.15328951,22.6084536061,40.7952364576491,0.9744849803567176
BS35658D,18487.0,M2333,1.0,1,2019-01-04 10:17:41,114.153203909,22.6084171557,40.80491907774584,0.9747162712787492
BS04785D,18487.0,M2333,1.0,1,2019-01-04 10:17:49,114.152401772,22.6081109218,40.89424725988116,0.976850073638341
BS35658D,18487.0,M2333,1.0,1,2019-01-04 10:17:51,114.152341484,22.6080934543,40.900740639839725,0.9770051824645378
BS35658D,18487.0,M2333,1.0,1,2019-01-04 10:18:11,114.150787989,22.6080253314,41.06386965343363,0.9809018818689572
BS04785D,18487.0,M2333,1.0,1,2019-01-04 10:18:19,114.150589551,22.6080799904,41.08403536828179,0.9813835848309704
BS35658D,18487.0,M2333,1.0,1,2019-01-04 10:18:21,114.150554981,22.6080896408,41.08774690262095,0.9814722430857484
BS04785D,18487.0,M2333,1.0,1,2019-01-04 10:18:29,114.150439266,22.6081219431,41.10967542460925,0.9819960546180388
BS35658D,18487.0,M2333,1.0,1,2019-01-04 10:18:31,114.150395,22.6081343,41.1049229073274,0.9818825301697895
BS04785D,18487.0,M2333,1.0,1,2019-01-04 10:18:39,114.150212423,22.6081797105,41.12436626749042,0.9823469780831188
BS35658D,18487.0,M2333,1.0,1,2019-01-04 10:18:41,114.150126341,22.6082076062,41.13374628177644,0.9825710405921508
BS04785D,59956.0,M2333,1.0,1,2019-01-04 10:18:49,114.150291937,22.6087676366,41.20020075588309,0.9841584535481136
BS35658D,59956.0,M2333,1.0,1,2019-01-04 10:18:51,114.150324835,22.608866081,41.21161490386907,0.9844311058659264
BS04785D,59956.0,M2333,1.0,1,2019-01-04 10:18:59,114.150526877,22.6094706889,41.28171649262298,0.9861056382690112
BS35658D,59956.0,M2333,1.0,1,2019-01-04 10:19:01,114.150532441,22.6094873377,41.28364686509721,0.9861517495100768
BS04785D,59956.0,M2333,1.0,1,2019-01-04 10:19:09,114.150688978,22.6099557719,41.3379598719079,0.9874491365084332
BS35658D,59956.0,M2333,1.0,1,2019-01-04 10:19:11,114.150721314,22.6100525351,41.34918111475928,0.9877171808579482
BS04785D,59956.0,M2333,1.0,1,2019-01-04 10:19:19,114.150910345,22.6106182066,41.67017283898231,0.995384782304477
BS35658D,59956.0,M2333,1.0,1,2019-01-04 10:19:21,114.15091344,22.6106274666,41.66909916131021,0.9953591351246576
BS04785D,59956.0,M2333,1.0,1,2019-01-04 10:19:29,114.151123118,22.6112549223,41.59634816949601,0.9936213158353248
BS35658D,59956.0,M2333,1.0,1,2019-01-04 10:19:31,114.151126405,22.61126476,41.59520754219528,0.993594069414682
BS04785D,59956.0,M2333,1.0,1,2019-01-04 10:19:39,114.151316633,22.6119121402,41.56417267201028,0.9928527324967308
BS35658D,59956.0,M2333,1.0,1,2019-01-04 10:19:41,114.15131309,22.6118843881,41.56107792985443,0.9927788076954348
BS04785D,59956.0,M2333,1.0,1,2019-01-04 10:19:49,114.151324032,22.612433666,41.62196507385013,0.9942332325860032
BS35658D,59956.0,M2333,1.0,1,2019-01-04 10:19:51,114.151324937,22.6123676783,41.61465799625147,0.9940586867814316
SZBDL541,63083.0,M2333,1.0,2,2019-01-04 10:24:04,113.906319374,22.7094033219,0.4913389755617057,0.0117367245179666
SZBDL542,63083.0,M2333,1.0,2,2019-01-04 10:24:04,113.906167758,22.7095478295,0.5136713586402488,0.012270183170871
SZBDL541,63083.0,M2333,1.0,2,2019-01-04 10:24:14,113.906312518,22.7094098559,0.4923487904705965,0.0117608461936107
SZBDL542,63083.0,M2333,1.0,2,2019-01-04 10:24:14,113.906163572,22.7095518184,0.5142878713696867,0.0122849099489756
SZBDL541,63083.0,M2333,1.0,2,2019-01-04 10:24:24,113.906315564,22.7094069535,0.491900190438357,0.0117501303838357
SZBDL542,63083.0,M2333,1.0,2,2019-01-04 10:24:24,113.906222617,22.7094955425,0.5055908640076262,0.0120771625798145
SZBDL542,63083.0,M2333,1.0,2,2019-01-04 10:24:34,113.906241668,22.7094773842,0.5027846949506339,0.0120101309889762
SZBDL541,63083.0,M2333,1.0,2,2019-01-04 10:24:44,113.906314611,22.7094078614,0.4920405299878126,0.0117534827061893
SZBDL542,63083.0,M2333,1.0,2,2019-01-04 10:24:44,113.906233095,22.7094855554,0.504047471853206,0.0120402952246064
SZBDL541,63083.0,M2333,1.0,2,2019-01-04 10:24:54,113.906310801,22.7094114931,0.4926017527901187,0.0117668887613803
SZBDL542,63083.0,M2333,1.0,2,2019-01-04 10:24:54,113.906244901,22.7094743031,0.502308513644054,0.0119987563391033
SZBDL541,63083.0,M2333,1.0,2,2019-01-04 10:25:04,113.906307943,22.7094142168,0.4930226997665471,0.0117769440163972
SZBDL542,63083.0,M2333,1.0,2,2019-01-04 10:25:04,113.906263952,22.7094561449,0.4995023523142164,0.0119317249328453
SZBDL541,63083.0,M2333,1.0,2,2019-01-04 10:25:14,113.906309848,22.709412401,0.4927420923374807,0.0117702410836838
SZBDL542,63083.0,M2333,1.0,2,2019-01-04 10:25:14,113.906338613,22.709384985,0.4885051604909375,0.0116690325405849
SZBDL541,63083.0,M2333,1.0,2,2019-01-04 10:25:24,113.906314424,22.7094080401,0.4920681113734327,0.0117541415489454
SZBDL542,63083.0,M2333,1.0,2,2019-01-04 10:25:24,113.906382416,22.7093432356,0.4820531593996032,0.0115149121406878
SZBDL541,63083.0,M2333,1.0,2,2019-01-04 10:25:34,113.906318234,22.7094044084,0.4915068885641471,0.0117407354935877
SZBDL542,63083.0,M2333,1.0,2,2019-01-04 10:25:34,113.906430982,22.7092969466,0.4748995947525929,0.011344033334488
SZBDL541,63083.0,M2333,1.0,2,2019-01-04 10:25:44,113.906319186,22.7094035005,0.4913666206765056,0.011737384883036
SZBDL542,63083.0,M2333,1.0,2,2019-01-04 10:25:44,113.906426984,22.709300757,0.4754884708304858,0.0113580999496869
SZBDL541,63083.0,M2333,1.0,2,2019-01-04 10:25:54,113.906317094,22.709405495,0.4916748095013237,0.0117447466587475
SZBDL542,63083.0,M2333,1.0,2,2019-01-04 10:25:54,113.90643384,22.7092942229,0.4744786476045242,0.0113339780753711
SZBDL541,63083.0,M2333,1.0,2,2019-01-04 10:26:04,113.906318999,22.7094036792,0.4913942020621217,0.011738043725792
SZBDL542,63083.0,M2333,1.0,2,2019-01-04 10:26:04,113.906425156,22.7093024994,0.4757577357939815,0.0113645319423764
SZBDL542,63083.0,M2333,1.0,2,2019-01-04 10:26:14,113.906396717,22.7093296047,0.4799466516823367,0.0114645935174924
SZBDL541,63083.0,M2333,1.0,2,2019-01-04 10:26:24,113.906311191,22.7094111211,0.4925442848544705,0.0117655160118878
SZBDL542,75772.0,M2333,1.0,2,2019-01-04 10:26:24,113.9049739,22.7107081,0.691342052040076,0.0165142429484736
SZBDL541,63083.0,M2333,1.0,2,2019-01-04 10:26:34,113.906285487,22.7094356201,0.4963303828270899,0.0118559553849334
SZBDL542,75771.0,M2333,1.0,2,2019-01-04 10:26:34,113.906335444,22.7092070211,0.9247351545656556,0.0220893564342391
SZBDL541,63083.0,M2333,1.0,2,2019-01-04 10:26:44,113.906268731,22.7094515906,0.4987984769725219,0.0119149113043905
SZBDL542,75771.0,M2333,1.0,2,2019-01-04 10:26:44,113.906969334,22.7086989457,1.0311417334867072,0.0246311142955363
SZBDL541,63083.0,M2333,1.0,2,2019-01-04 10:26:54,113.906266638,22.7094535851,0.4991067374085587,0.0119222747906953
SZBDL542,75771.0,M2333,1.0,2,2019-01-04 10:26:54,113.90784233,22.7082214981,1.1152570821356598,0.0266403965302641
SZBDL542,75771.0,M2333,1.0,2,2019-01-04 10:27:03,113.909203926,22.7077357938,1.2652028858188722,0.0302221856371491
SZBDL541,75772.0,M2333,1.0,2,2019-01-04 10:27:14,113.9049739,22.7107081,0.691342052040076,0.0165142429484736
SZBDL542,75771.0,M2333,1.0,2,2019-01-04 10:27:14,113.909840071,22.7075180069,1.5104266912604023,0.0360799017819438
SZBDL542,75771.0,M2333,1.0,2,2019-01-04 10:27:24,113.909910114,22.7074940272,1.5027560064630374,0.0358966704105105
SZBDL542,75771.0,M2333,1.0,2,2019-01-04 10:27:33,113.910373257,22.7073354684,1.4520354155382815,0.0346850962576727
SZBDL541,75772.0,M2333,1.0,2,2019-01-04 10:27:34,113.9049739,22.7107081,0.691342052040076,0.0165142429484736
SZBDL542,75771.0,M2333,1.0,2,2019-01-04 10:27:44,113.9111562,22.7070400791,1.4801335061092156,0.0353562816610593
SZBDL541,75772.0,M2333,1.0,2,2019-01-04 10:27:54,113.9049739,22.7107081,0.691342052040076,0.0165142429484736
SZBDL542,75771.0,M2333,1.0,2,2019-01-04 10:27:54,113.911890208,22.7066127623,1.5693538361336776,0.0374875077330436
BS04392D,63083.0,M2333,1.0,2,2019-01-04 10:42:08,113.90630963,22.709412609,0.4927742203227203,0.0117710085320867
SZBDL541,63083.0,M2333,1.0,2,2019-01-04 10:42:14,113.906541781,22.7092049308,0.4596043378991978,0.0109786720970356
BS04392D,63083.0,M2333,1.0,2,2019-01-04 10:42:18,113.906347296,22.7093767085,0.4872261443306331,0.0116384803941562
SZBDL541,63083.0,M2333,1.0,2,2019-01-04 10:42:24,113.906540857,22.7092056491,0.4801968679472467,0.0114705704896383
BS04392D,63083.0,M2333,1.0,2,2019-01-04 10:42:28,113.906527101,22.7092163417,0.4783530910220555,0.0114265277759114
SZBDL541,63083.0,M2333,1.0,2,2019-01-04 10:42:34,113.906538085,22.7092078042,0.4798252953359873,0.0114616946511772
BS04392D,63083.0,M2333,1.0,2,2019-01-04 10:42:38,113.906530549,22.7092136617,0.4788152311895913,0.0114375670219408
SZBDL541,63083.0,M2333,1.0,2,2019-01-04 10:43:04,113.906532269,22.7092123243,0.4790458013532415,0.0114430747032513
SZBDL541,63083.0,M2333,1.0,2,2019-01-04 10:43:14,113.90657663,22.7091778434,0.4549334361977742,0.0108670972184959
SZBDL541,63083.0,M2333,1.0,2,2019-01-04 10:43:24,113.906554563,22.7091949954,0.4578911178802615,0.0109377480254658
SZBDL541,63083.0,M2333,1.0,2,2019-01-04 10:43:34,113.9065107,22.7092290894,0.4761548551617082,0.01137401802195
SZBDL541,63083.0,M2333,1.0,2,2019-01-04 10:43:44,113.906506733,22.7092321728,0.4756231526813459,0.0113613171253227
SZBDL541,63083.0,M2333,1.0,2,2019-01-04 10:44:24,113.906511489,22.709228476,0.4762606158749203,0.0113765443518719
SZBDL541,63083.0,M2333,1.0,2,2019-01-04 10:44:44,113.90651717,22.7092240609,0.4770220106186576,0.0113947319592085
SZBDL541,63083.0,M2333,1.0,2,2019-01-04 10:44:54,113.906526682,22.7092166675,0.4782969228360949,0.0114251860738318
SZBDL542,7201.0,M2333,1.0,2,2019-01-04 11:25:04,113.998839354,22.6621569879,15.86545454441813,0.3789816778269668
BS30937D,7201.0,M2333,1.0,2,2019-01-04 11:25:05,113.998755206,22.6621792494,15.85646014159802,0.3787668265056716
SZBDL542,7201.0,M2333,1.0,2,2019-01-04 11:25:05,113.9992038,22.6620619,15.904363889670904,0.3799111141003342
BS30937D,7201.0,M2333,1.0,2,2019-01-04 11:25:10,113.999161281,22.6620732514,15.899816751397957,0.3798024955866214
SZBDL542,7201.0,M2333,1.0,2,2019-01-04 11:25:14,113.9992038,22.6620619,15.904363889670904,0.3799111141003342
BS30937D,25045.0,M2333,1.0,2,2019-01-04 11:25:15,113.99942954,22.6619934729,15.92877064952663,0.3804941238574481
SZBDL542,7201.0,M2333,1.0,2,2019-01-04 11:25:24,113.9992038,22.6620619,15.904363889670904,0.3799111141003342
BS30937D,25045.0,M2333,1.0,2,2019-01-04 11:25:25,113.999834392,22.6618707526,15.972542833549369,0.3815397198532416
SZBDL542,7201.0,M2333,1.0,2,2019-01-04 11:25:34,113.9992038,22.6620619,15.904363889670904,0.3799111141003342
BS30937D,25045.0,M2333,1.0,2,2019-01-04 11:25:35,113.999872433,22.6618592956,15.976653255516922,0.3816379064264331
SZBDL542,7201.0,M2333,1.0,2,2019-01-04 11:25:44,113.9992038,22.6620619,15.904363889670904,0.3799111141003342
BS45016D,55739.0,M2333,1.0,2,2019-01-04 12:00:08,114.023610592,22.6568490867,19.14036426144625,0.4572101821422003
BS48818D,55739.0,M2333,1.0,2,2019-01-04 12:00:12,114.024053169,22.6563312785,19.213557395137883,0.4589585629739128
BS48818D,55739.0,M2333,1.0,2,2019-01-04 12:00:15,114.024169701,22.6561949379,19.232829406234604,0.4594189178335916
BS45016D,55739.0,M2333,1.0,2,2019-01-04 12:00:18,114.023881668,22.6565319318,19.185194661974645,0.4582810559934561
BS48818D,55739.0,M2333,1.0,2,2019-01-04 12:00:25,114.02459475,22.6556976382,19.303123804503205,0.4610980559208797
BS45016D,55739.0,M2333,1.0,2,2019-01-04 12:00:26,114.024058274,22.656325306,19.214401634279834,0.4589787295040055
BS45016D,55739.0,M2333,1.0,2,2019-01-04 12:00:28,114.02408623,22.6562925985,19.21902493453689,0.4590891673161471
BS45016D,55739.0,M2333,1.0,2,2019-01-04 12:00:38,114.024323762,22.6560146892,19.258307937280065,0.4600275292299522
BS45016D,55739.0,M2333,1.0,2,2019-01-04 12:00:48,114.024336404,22.6559998993,19.26039857689522,0.4600774688082268
BS48818D,55739.0,M2333,1.0,2,2019-01-04 12:01:05,114.024609122,22.6556808228,19.305500676844613,0.4611548328046057
BS48818D,15544.0,M2333,1.0,2,2019-01-04 12:01:15,114.024944136,22.655288701,19.360919218134736,0.4624786279534968
BS45016D,55739.0,M2333,1.0,2,2019-01-04 12:01:18,114.024605902,22.655684591,19.304968079998336,0.4611421105440589
BS48818D,67562.0,M2333,1.0,2,2019-01-04 12:01:19,114.025079102,22.6551264756,19.383616507210547,0.4630208031979559
BS48818D,67562.0,M2333,1.0,2,2019-01-04 12:01:25,114.025327802,22.6548269932,19.42548870356537,0.46402101376138
BS45016D,15544.0,M2333,1.0,2,2019-01-04 12:01:28,114.0249546,22.6552764,19.36265481571916,0.4625200865630019
BS45016D,15544.0,M2333,1.0,2,2019-01-04 12:01:29,114.0249546,22.6552764,19.36265481571916,0.4625200865630019
BS48818D,67562.0,M2333,1.0,2,2019-01-04 12:01:35,114.025536925,22.6545751684,19.460697632154798,0.4648620573503898
BS45016D,67562.0,M2333,1.0,2,2019-01-04 12:01:38,114.025286652,22.6548765453,19.418560544159195,0.4638555192608188
BS48818D,67562.0,M2333,1.0,2,2019-01-04 12:01:45,114.025616176,22.6544797353,19.474040661515275,0.4651807852910342
BS45016D,67562.0,M2333,1.0,2,2019-01-04 12:01:48,114.025441135,22.6546905185,19.44456995009337,0.464476811784939
BS48818D,67562.0,M2333,1.0,2,2019-01-04 12:01:55,114.025681666,22.654400872,19.48506692434668,0.4654441721089982
BS45016D,67562.0,M2333,1.0,2,2019-01-04 12:01:58,114.025450811,22.6546788667,19.446199047974734,0.4645157264121055
BS48818D,67562.0,M2333,1.0,2,2019-01-04 12:02:01,114.025977141,22.6540450643,19.53481439216461,0.4666325010515127
BS48818D,67562.0,M2333,1.0,2,2019-01-04 12:02:05,114.026232068,22.6537380824,19.577735202691212,0.4676577600972922
BS45016D,67562.0,M2333,1.0,2,2019-01-04 12:02:08,114.02561122,22.6544857035,19.47320622711595,0.4651608529690318
BS48818D,67562.0,M2333,1.0,2,2019-01-04 12:02:15,114.02688144,22.6529561142,19.68706672091132,0.4702693866408886
BS45016D,67562.0,M2333,1.0,2,2019-01-04 12:02:18,114.025629634,22.6544635287,19.476306562933814,0.4652349113873893
BS48818D,67562.0,M2333,1.0,2,2019-01-04 12:02:25,114.027201287,22.652570956,19.74091794784128,0.4715557429994676
BS45016D,67562.0,M2333,1.0,2,2019-01-04 12:02:26,114.025985276,22.6540352677,19.53618408305977,0.4666652191657084
BS45016D,67562.0,M2333,1.0,2,2019-01-04 12:02:28,114.026044873,22.6539635015,19.54621811521465,0.4669049043465384
BS45016D,67562.0,M2333,1.0,2,2019-01-04 12:02:38,114.026741051,22.6531251687,19.6634301717685,0.4697047750801478
BS45016D,67562.0,M2333,1.0,2,2019-01-04 12:02:48,114.02706592,22.6527339638,19.71812683950356,0.4710113266732171
BS45016D,67562.0,M2333,1.0,2,2019-01-04 12:03:48,114.027091835,22.652702758,19.72248995371414,0.4711155493628001
BS48818D,67562.0,M2333,1.0,2,2019-01-04 12:03:55,114.027502084,22.6522087383,19.791561808881564,0.4727654842883129
BS45016D,67562.0,M2333,1.0,2,2019-01-04 12:03:58,114.027410044,22.652319573,19.77606536936833,0.4723953173554571
BS48818D,82001.0,M2333,1.0,2,2019-01-04 12:03:58,114.0275824,22.652112,19.805086224610854,0.4730885450459083
BS45016D,82001.0,M2333,1.0,2,2019-01-04 12:04:04,114.0275824,22.652112,19.805086224610854,0.4730885450459083
BS48818D,15438.0,M2333,1.0,2,2019-01-04 12:04:05,114.02789181,22.6517394352,19.85717812273361,0.4743328759219311
BS45016D,15438.0,M2333,1.0,2,2019-01-04 12:04:08,114.027779173,22.6518750623,19.83821474282629,0.473879893404826
BS48818D,15438.0,M2333,1.0,2,2019-01-04 12:04:15,114.028246323,22.6513125602,19.91914558905802,0.4758131067147244
BS45016D,15438.0,M2333,1.0,2,2019-01-04 12:04:18,114.028050985,22.6515477698,19.95203254371732,0.4765986847906948
BS48818D,15438.0,M2333,1.0,2,2019-01-04 12:04:25,114.028303287,22.6512664629,19.92465735027741,0.4759447673935192
BS45016D,15438.0,M2333,1.0,2,2019-01-04 12:04:28,114.02813526,22.6514462931,19.93784408736244,0.4762597619454594
BS48818D,15438.0,M2333,1.0,2,2019-01-04 12:04:35,114.028622655,22.6510249809,19.96699706911871,0.4769561457716347
BS48818D,15438.0,M2333,1.0,2,2019-01-04 12:04:36,114.028693218,22.6509716256,19.99533177602332,0.4776329832825536
BS45016D,15438.0,M2333,1.0,2,2019-01-04 12:04:38,114.028271671,22.6512903618,19.92046638139015,0.475844656777957
BS48818D,12704.0,M2333,1.0,2,2019-01-04 12:04:45,114.029389907,22.6504448151,20.068716433669845,0.4793859390900142
BS45016D,15438.0,M2333,1.0,2,2019-01-04 12:04:48,114.028304472,22.6512655671,19.924814435216614,0.4759485197167606
BS45016D,15438.0,M2333,1.0,2,2019-01-04 12:04:54,114.028661873,22.6509953267,19.972196373228652,0.4770803427172439
BS48818D,12704.0,M2333,1.0,2,2019-01-04 12:04:55,114.029717013,22.6501975002,20.112080901369875,0.4804217958743893
BS45016D,15438.0,M2333,1.0,2,2019-01-04 12:04:58,114.028898197,22.6508166092,20.003528590806376,0.4778287824391819
BS45016D,12704.0,M2333,1.0,2,2019-01-04 12:05:08,114.029578486,22.6503022366,20.093716336328544,0.4799831173825478
BS48818D,12704.0,M2333,1.0,2,2019-01-04 12:05:15,114.029765409,22.6501609099,20.118496735699217,0.4805750523507157
BS45016D,12704.0,M2333,1.0,2,2019-01-04 12:05:18,114.029779557,22.650150213,20.12037234040572,0.4806198553418068
BS48818D,12704.0,M2333,1.0,2,2019-01-04 12:05:25,114.030247528,22.6497963944,20.18241138189753,0.4821017958667075
BS45016D,12704.0,M2333,1.0,2,2019-01-04 12:05:28,114.030336711,22.6497289653,20.19423444567019,0.4823842160478044
BS48818D,12719.0,M2333,1.0,2,2019-01-04 12:05:35,114.031065523,22.6491778933,20.29085622587126,0.4846922422233363
BS45016D,12719.0,M2333,1.0,2,2019-01-04 12:05:38,114.031092546,22.6491574598,20.2944388409187,0.4847778209540236
BS48818D,12719.0,M2333,1.0,2,2019-01-04 12:05:45,114.031466703,22.6488745412,20.344043231012524,0.4859627321667915
BS45016D,12719.0,M2333,1.0,2,2019-01-04 12:05:48,114.031426063,22.6489052713,20.33865530986697,0.4858340296836684
BS48818D,12719.0,M2333,1.0,2,2019-01-04 12:05:55,114.031520868,22.6488335841,20.35122425564776,0.4861342669159005
BS45016D,12719.0,M2333,1.0,2,2019-01-04 12:05:58,114.031454655,22.6488836514,20.342445941724943,0.4859245773586523
BS45016D,12719.0,M2333,1.0,2,2019-01-04 12:06:28,114.031484164,22.6488613376,20.34635818231766,0.4860180299288096
BS48818D,12719.0,M2333,1.0,2,2019-01-04 12:07:25,114.031656873,22.6487307437,20.369255348613155,0.4865649796853298
BS45016D,11244.0,M2333,1.0,2,2019-01-04 12:07:28,114.0318274,22.6486018,20.391863225818987,0.4871050191283589
BS48818D,11244.0,M2333,1.0,2,2019-01-04 12:07:35,114.0319744,22.6485505,20.408005442032334,0.4874906118743627
BS45016D,11203.0,M2333,1.0,2,2019-01-04 12:07:38,114.032181513,22.6484815996,20.430619804700505,0.4880308062370881
BS48818D,11203.0,M2333,1.0,2,2019-01-04 12:07:45,114.032359472,22.6484223977,20.450050899767103,0.4884949611713031
BS45016D,11203.0,M2333,1.0,2,2019-01-04 12:07:48,114.032415024,22.6484039171,20.456116547776244,0.4886398526683084
BS48818D,11203.0,M2333,1.0,2,2019-01-04 12:07:55,114.03297529,22.6482175325,20.517291267538493,0.4901011469458335
BS45016D,11203.0,M2333,1.0,2,2019-01-04 12:07:58,114.033125841,22.6481674486,20.53372974347304,0.49049381651437
BS48818D,11203.0,M2333,1.0,2,2019-01-04 12:07:58,114.033240848,22.6481291889,20.54628722711128,0.4907937799478274
BS45016D,11203.0,M2333,1.0,2,2019-01-04 12:07:59,114.03319509,22.6481444113,20.54129096427959,0.4906744330948571
BS48818D,11203.0,M2333,1.0,2,2019-01-04 12:08:05,114.033701546,22.6479759281,20.59659031575848,0.4919953811299442
BS45016D,11203.0,M2333,1.0,2,2019-01-04 12:08:08,114.03367581,22.6479844896,20.59378023438077,0.4919282560846218
BS48818D,11203.0,M2333,1.0,2,2019-01-04 12:08:15,114.033817152,22.6479374692,20.60921321635741,0.4922969071930415
BS45016D,11203.0,M2333,1.0,2,2019-01-04 12:08:18,114.033700417,22.6479763037,20.5964670409327,0.4919924364364798
BS48818D,11203.0,M2333,1.0,2,2019-01-04 12:08:25,114.033882402,22.6479157623,20.616337799830664,0.4924670937194313
BS48818D,11203.0,M2333,1.0,2,2019-01-04 12:08:35,114.034164555,22.647821898,20.647145808180905,0.4932030115377575
BS45016D,11203.0,M2333,1.0,2,2019-01-04 12:08:38,114.034045549,22.6478614881,20.634151651217667,0.4928926171904612
BS48818D,11203.0,M2333,1.0,2,2019-01-04 12:08:45,114.034178865,22.6478171376,20.64870829859085,0.493240335097287
BS45016D,11203.0,M2333,1.0,2,2019-01-04 12:08:48,114.034245285,22.6477950415,20.65596063779471,0.4934135733535219
BS48818D,11203.0,M2333,1.0,2,2019-01-04 12:08:50,114.034333401,22.6477657279,20.66558193904389,0.4936433995384624
BS45016D,11203.0,M2333,1.0,2,2019-01-04 12:08:51,114.034329987,22.6477668636,20.66520916903072,0.4936344950973927
BS48818D,49785.0,M2333,1.0,2,2019-01-04 12:08:55,114.034613841,22.6476724365,20.696202822631765,0.4943748474655413
BS45016D,49785.0,M2333,1.0,2,2019-01-04 12:08:58,114.034722021,22.6476364496,20.70801484986723,0.4946570040143941
BS48818D,49785.0,M2333,1.0,2,2019-01-04 12:09:05,114.035442566,22.6473967545,20.78669026107741,0.4965363412411142
BS45016D,49785.0,M2333,1.0,2,2019-01-04 12:09:08,114.035395624,22.6474123701,20.781564720170728,0.4964139062937165
BS48818D,49785.0,M2333,1.0,2,2019-01-04 12:09:15,114.035646888,22.6473287853,20.808999941809407,0.4970692575979652
BS45016D,49785.0,M2333,1.0,2,2019-01-04 12:09:18,114.035524398,22.6473695325,20.795625400111888,0.4967497769150448
BS48818D,19958.0,M2333,1.0,2,2019-01-04 12:10:35,114.035840342,22.6472644009,20.830124110089496,0.4975738553524811
BS45016D,19958.0,M2333,1.0,2,2019-01-04 12:10:38,114.03588338,22.6472486441,20.83488056282017,0.4976874738076806
BS48818D,19956.0,M2333,1.0,2,2019-01-04 12:10:45,114.036584252,22.6469808979,20.912784153105857,0.4995483743745416
BS45016D,19956.0,M2333,1.0,2,2019-01-04 12:10:48,114.036597904,22.6469756822,20.91430162271405,0.4995846225120628
BS48818D,49750.0,M2333,1.0,2,2019-01-04 12:10:55,114.037642756,22.6466064945,21.02924644626348,0.5023303353414261
BS48818D,49750.0,M2333,1.0,2,2019-01-04 12:10:57,114.037845212,22.6465315378,21.051650575028887,0.5028655077996745
BS45016D,49750.0,M2333,1.0,2,2019-01-04 12:10:58,114.037488409,22.6466626994,21.01220428187673,0.501923245331177
BS45016D,49750.0,M2333,1.0,2,2019-01-04 12:11:02,114.037849635,22.6465298624,21.05214157365759,0.5028772363942506
BS48818D,49750.0,M2333,1.0,2,2019-01-04 12:11:05,114.038462301,22.6462977809,21.12015658746001,0.5045019263125949
BS45016D,49750.0,M2333,1.0,2,2019-01-04 12:11:08,114.038325499,22.6463496024,21.10496931578711,0.5041391445414143
BS48818D,49750.0,M2333,1.0,2,2019-01-04 12:11:15,114.038632464,22.6462333223,21.13904753929971,0.5049531787241734
BS45016D,49750.0,M2333,1.0,2,2019-01-04 12:11:18,114.038523891,22.6462744502,21.12699410851923,0.5046652557145951
BS48818D,49750.0,M2333,1.0,2,2019-01-04 12:11:25,114.038834091,22.6461569449,21.161434634648764,0.5054879443013779
BS48818D,49750.0,M2333,1.0,2,2019-01-04 12:11:27,114.038976655,22.6461029407,21.17726182863714,0.5058660120407051
BS45016D,49750.0,M2333,1.0,2,2019-01-04 12:11:28,114.038831563,22.6461579023,21.161153990116578,0.505481240482374
BS45016D,49750.0,M2333,1.0,2,2019-01-04 12:11:30,114.038996039,22.6460955978,21.179413809830784,0.5059174168990491
BS48818D,49750.0,M2333,1.0,2,2019-01-04 12:11:35,114.039649369,22.6458481126,21.251945355328555,0.5076499942249096
BS45016D,49750.0,M2333,1.0,2,2019-01-04 12:11:38,114.039650986,22.6458475,21.25212487492893,0.5076542824499436
BS48818D,47385.0,M2333,1.0,2,2019-01-04 12:11:45,114.0399615,22.6456398,21.29575912735356,0.5086965836426585
BS45016D,47385.0,M2333,1.0,2,2019-01-04 12:11:48,114.039961197,22.6456420153,21.295511837950546,0.5086906765851203
BS48818D,59150.0,M2333,1.0,2,2019-01-04 12:11:55,114.039736667,22.6451279559,21.356970520953617,0.5101587539563882
BS45016D,59150.0,M2333,1.0,2,2019-01-04 12:11:58,114.039788316,22.6452455389,21.34290880009334,0.5098228584703911
BS48818D,59150.0,M2333,1.0,2,2019-01-04 12:12:05,114.039718045,22.6450855638,21.36204022166537,0.5102798550365018
BS45016D,59150.0,M2333,1.0,2,2019-01-04 12:12:08,114.039732794,22.6451191397,21.35802486496278,0.5101839393086566
BS48818D,59150.0,M2333,1.0,2,2019-01-04 12:12:15,114.039489504,22.6445652789,21.4242610931689,0.5117661389757514
BS48818D,59150.0,M2333,1.0,2,2019-01-04 12:12:25,114.039225427,22.6439640944,21.496156782844988,0.5134835274707162
BS45016D,59150.0,M2333,1.0,2,2019-01-04 12:12:28,114.039581737,22.6447752518,21.39915042878828,0.5111663148930771
BS48818D,53777.0,M2333,1.0,2,2019-01-04 12:12:34,114.038905471,22.6432356878,21.583266841061626,0.515564345005828
BS48818D,53777.0,M2333,1.0,2,2019-01-04 12:12:35,114.0388677,22.6431496916,21.59355099477463,0.5158100048965216
BS45016D,59150.0,M2333,1.0,2,2019-01-04 12:12:38,114.039347879,22.6442428629,21.462818843343783,0.5126871766184865
BS48818D,53777.0,M2333,1.0,2,2019-01-04 12:12:45,114.038632561,22.6426079638,21.65822953657032,0.5173549957583029
BS45016D,59150.0,M2333,1.0,2,2019-01-04 12:12:48,114.039101209,22.6436813063,21.52997544882269,0.5142913615443141
BS45016D,53777.0,M2333,1.0,2,2019-01-04 12:12:55,114.038905319,22.6432353427,21.583308127578828,0.515565331226142
BS48818D,53777.0,M2333,1.0,2,2019-01-04 12:12:55,114.0386247,22.6425889861,21.660481097873177,0.5174087793090923
BS45016D,53777.0,M2333,1.0,2,2019-01-04 12:12:58,114.038841887,22.6430909207,21.60057930996187,0.5159778918407311
BS48818D,49754.0,M2333,1.0,2,2019-01-04 12:13:03,114.038451497,22.6421859299,21.70853728909576,0.5185567083475273
BS48818D,49754.0,M2333,1.0,2,2019-01-04 12:13:05,114.038385602,22.6420374058,21.7263248256634,0.5189816032305539
BS45016D,53777.0,M2333,1.0,2,2019-01-04 12:13:08,114.038654562,22.6426610823,21.65192749670028,0.5172044575157966
BS48818D,49754.0,M2333,1.0,2,2019-01-04 12:13:15,114.038297558,22.6418389622,21.7544411667203,0.5196532245873997
BS45016D,53777.0,M2333,1.0,2,2019-01-04 12:13:18,114.038604471,22.6425401447,21.686882469447657,0.5180394348045411
BS45016D,49754.0,M2333,1.0,2,2019-01-04 12:13:27,114.038452045,22.6421871644,21.708389431421352,0.5185531764380337
BS45016D,49754.0,M2333,1.0,2,2019-01-04 12:13:28,114.03843893,22.6421576033,21.71192971709008,0.5186377440373396
BS45016D,49754.0,M2333,1.0,2,2019-01-04 12:13:38,114.03839801,22.6420653733,21.72297539126916,0.5189015945385276
BS48818D,52286.0,M2333,1.0,2,2019-01-04 12:14:35,114.038185615,22.6416350596,21.77547635194816,0.5201556967837516
BS45016D,49754.0,M2333,1.0,2,2019-01-04 12:14:38,114.038317744,22.6418844599,21.759890071131792,0.5197833837914997
BS48818D,75981.0,M2333,1.0,2,2019-01-04 12:14:45,114.038850678,22.641360697,21.85460806402354,0.5220459337717741
BS45016D,52286.0,M2333,1.0,2,2019-01-04 12:14:48,114.0381706,22.641597,21.77996474512052,0.520262912040046
BS48818D,75981.0,M2333,1.0,2,2019-01-04 12:14:50,114.039342898,22.641137806,21.910926456739936,0.5233912238738901
BS48818D,75981.0,M2333,1.0,2,2019-01-04 12:14:55,114.039778204,22.6409123413,21.96213884884514,0.5246145457920378
BS45016D,75981.0,M2333,1.0,2,2019-01-04 12:14:58,114.039253417,22.6411791985,21.90064968343627,0.5231457402806929
BS45016D,75981.0,M2333,1.0,2,2019-01-04 12:14:58,114.039360298,22.641129757,21.91292482547465,0.5234389593569094
BS48818D,75981.0,M2333,1.0,2,2019-01-04 12:15:05,114.040303308,22.6406149646,22.02529195958458,0.5261230983393991
BS45016D,75981.0,M2333,1.0,2,2019-01-04 12:15:08,114.04009842,22.6407309968,22.000642434360937,0.5255342895913899
BS48818D,75981.0,M2333,1.0,2,2019-01-04 12:15:15,114.040355195,22.64058558,22.03153532433668,0.5262722349961783
BS45016D,75981.0,M2333,1.0,2,2019-01-04 12:15:18,114.040249019,22.6406457096,22.01875994256452,0.525967066581032
BS48818D,75981.0,M2333,1.0,2,2019-01-04 12:15:23,114.040487852,22.6405104533,22.04749881887494,0.5266535585773686
BS48818D,75981.0,M2333,1.0,2,2019-01-04 12:15:25,114.040548021,22.6404763784,22.054739889132783,0.5268265276497578
BS45016D,75981.0,M2333,1.0,2,2019-01-04 12:15:27,114.040453398,22.6405299651,22.04335258768945,0.5265545166213418
BS48818D,75981.0,M2333,1.0,2,2019-01-04 12:15:35,114.040711912,22.6403835634,22.074464839071453,0.527297701961334
BS45016D,75981.0,M2333,1.0,2,2019-01-04 12:15:38,114.040659311,22.6404133527,22.068133882954484,0.5271464729899396
BS48818D,75981.0,M2333,1.0,2,2019-01-04 12:15:45,114.041345955,22.6400244921,22.15099042911669,0.529125685926801
BS45016D,75981.0,M2333,1.0,2,2019-01-04 12:15:48,114.041095723,22.6401662036,22.1208592556849,0.5284059358162634
BS48818D,75981.0,M2333,1.0,2,2019-01-04 12:15:55,114.042185858,22.6395488378,22.360580185119268,0.5341322035253244
BS45016D,75981.0,M2333,1.0,2,2019-01-04 12:15:58,114.04196773,22.6396723685,22.38684570820737,0.5347596139774525
BS48818D,75981.0,M2333,1.0,2,2019-01-04 12:16:01,114.042709313,22.639261002,22.314700102211848,0.5330362556752067
BS48818D,75981.0,M2333,1.0,2,2019-01-04 12:16:05,114.042975828,22.6391414441,22.345127460692314,0.5337630808245578
BS45016D,75981.0,M2333,1.0,2,2019-01-04 12:16:06,114.042702902,22.6392638778,22.313968182025704,0.5330187721332507
BS08123D,20147.0,M2333,1.0,2,2019-01-04 12:16:08,114.079463802,22.6285359544,26.97109445351369,0.6442645938825885
BS45016D,75981.0,M2333,1.0,2,2019-01-04 12:16:08,114.04277146,22.6392331229,22.3217952756783,0.5332057396781555
BS08123D,20147.0,M2333,1.0,2,2019-01-04 12:16:09,114.079532349,22.6285238482,26.97826754163517,0.6444359390504101
SZBDL541,20147.0,M2333,1.0,2,2019-01-04 12:16:14,114.079378612,22.6285509998,26.962179765645143,0.6440516467302542
BS48818D,75981.0,M2333,1.0,2,2019-01-04 12:16:15,114.04324739,22.6390196228,22.438240504702797,0.5359872930302575
BS08123D,20147.0,M2333,1.0,2,2019-01-04 12:16:18,114.08032304,22.6283842044,27.06100926856853,0.6464124092745511
BS45016D,75981.0,M2333,1.0,2,2019-01-04 12:16:18,114.043149746,22.6390634252,22.364983248609917,0.5342373804923374
SZBDL541,20147.0,M2333,1.0,2,2019-01-04 12:16:24,114.079389277,22.6285491162,26.9632958031965,0.6440783057700281
BS08123D,66659.0,M2333,1.0,2,2019-01-04 12:16:28,114.08145771,22.6281789069,27.17985414615984,0.6492512835711934
BS45016D,75981.0,M2333,1.0,2,2019-01-04 12:16:28,114.043252969,22.6390171198,22.437603550097744,0.5359720779524767
SZBDL541,20147.0,M2333,1.0,2,2019-01-04 12:16:28,114.079587521,22.6285141043,26.984041003335992,0.6445738510274116
SZBDL541,20147.0,M2333,1.0,2,2019-01-04 12:16:34,114.080028728,22.6284361827,27.030211031213558,0.6456767248581845
BS48818D,75981.0,M2333,1.0,2,2019-01-04 12:16:35,114.043685613,22.6388395769,22.425439602029964,0.5356815149916223
BS08123D,75138.0,M2333,1.0,2,2019-01-04 12:16:38,114.082733463,22.6279642818,27.31315558581968,0.6524354850144991
BS45016D,75981.0,M2333,1.0,2,2019-01-04 12:16:38,114.04358118,22.6388760334,22.41397055647411,0.5354075513232216
SZBDL541,66659.0,M2333,1.0,2,2019-01-04 12:16:44,114.080993179,22.6282658408,27.180595919773115,0.6492690024841776
BS48818D,75981.0,M2333,1.0,2,2019-01-04 12:16:45,114.043700995,22.6388342072,22.42712888493892,0.5357218672720669
BS08123D,42177.0,M2333,1.0,2,2019-01-04 12:16:48,114.084228608,22.6278705319,27.46762060633625,0.6561252256693954
SZBDL541,75138.0,M2333,1.0,2,2019-01-04 12:16:54,114.082800496,22.6279547339,27.32012731144359,0.652602020191093
BS48818D,75981.0,M2333,1.0,2,2019-01-04 12:16:55,114.043819378,22.6387979059,22.43993821532797,0.5360278466254534
BS45016D,75981.0,M2333,1.0,2,2019-01-04 12:16:57,114.043910484,22.6387770338,22.449545688121983,0.5362573424869781
BS48818D,75981.0,M2333,1.0,2,2019-01-04 12:16:57,114.043864117,22.6387876563,22.44465363334252,0.536140484875168
BS08123D,27163.0,M2333,1.0,2,2019-01-04 12:16:58,114.085764002,22.6281305153,27.62865141580846,0.6599718048004725
BS45016D,75981.0,M2333,1.0,2,2019-01-04 12:16:58,114.043994789,22.6387577197,22.45844889807342,0.5364700154637274
SZBDL541,42177.0,M2333,1.0,2,2019-01-04 12:17:04,114.084053406,22.6278644859,27.449594712733948,0.6556946370983207
BS48818D,75981.0,M2333,1.0,2,2019-01-04 12:17:05,114.044246268,22.6387001065,22.485162941509703,0.5371081398221994
BS08123D,42083.0,M2333,1.0,2,2019-01-04 12:17:08,114.087025455,22.6286844594,27.772454486988003,0.6634068610757097
BS45016D,75981.0,M2333,1.0,2,2019-01-04 12:17:08,114.045081125,22.6385271294,22.573124662538717,0.5392093012182876
SZBDL541,27163.0,M2333,1.0,2,2019-01-04 12:17:14,114.0858251,22.6281476,27.63521112275425,0.6601284979943175
BS48818D,75981.0,M2333,1.0,2,2019-01-04 12:17:15,114.045190264,22.638507961,22.639892588465123,0.5408042016683046
BS08123D,42265.0,M2333,1.0,2,2019-01-04 12:17:18,114.088312724,22.6295278223,27.934627653561314,0.6672807279475598
BS45016D,80951.0,M2333,1.0,2,2019-01-04 12:17:18,114.0455902,22.6384333,22.62648182151276,0.5404838556645816
SZBDL541,42083.0,M2333,1.0,2,2019-01-04 12:17:24,114.087092,22.6287205077,27.780374920831036,0.6635960582587179
BS48818D,75981.0,M2333,1.0,2,2019-01-04 12:17:25,114.045388542,22.638473137,22.619149275063457,0.5403087014798514
BS08123D,42265.0,M2333,1.0,2,2019-01-04 12:17:28,114.089591887,22.6303540594,28.094986022497743,0.6711112443404548
SZBDL541,42265.0,M2333,1.0,2,2019-01-04 12:17:34,114.088565972,22.6296963079,27.96665190954932,0.6680456985465122
BS08123D,42265.0,M2333,1.0,2,2019-01-04 12:17:38,114.090897667,22.6312335165,28.260840307198,0.6750730429081869
SZBDL541,42265.0,M2333,1.0,2,2019-01-04 12:17:44,114.089483588,22.6302772718,28.08097698534649,0.6707766073220537
BS08123D,42265.0,M2333,1.0,2,2019-01-04 12:17:48,114.092297943,22.6319065794,28.42406194475377,0.6789719548419969
SZBDL541,42265.0,M2333,1.0,2,2019-01-04 12:17:54,114.091011785,22.6313088468,28.275235097831366,0.6754168945066978
BS08123D,42265.0,M2333,1.0,2,2019-01-04 12:17:58,114.09386995,22.6321173163,28.58835245448454,0.682896399165637
SZBDL541,42265.0,M2333,1.0,2,2019-01-04 12:18:04,114.092110755,22.6318557764,28.403999540670902,0.6784927196874488
BS08123D,42265.0,M2333,1.0,2,2019-01-04 12:18:08,114.095389559,22.631868071,28.74763435360918,0.6867012016822445
SZBDL541,42265.0,M2333,1.0,2,2019-01-04 12:18:14,114.093956771,22.6321140418,28.597284865591952,0.6831097696769609
BS08123D,24209.0,M2333,1.0,2,2019-01-04 12:18:18,114.096753345,22.631290075,28.90198058697428,0.6903881048417608
SZBDL541,42265.0,M2333,1.0,2,2019-01-04 12:18:24,114.095203805,22.631925809,28.72749710980769,0.6862201788145205
BS08123D,24209.0,M2333,1.0,2,2019-01-04 12:18:28,114.097861617,22.6305490812,29.04259346769992,0.6937469563207583
BS08123D,40853.0,M2333,1.0,2,2019-01-04 12:18:33,114.098264554,22.630185681,29.100390216363717,0.695127560243591
SZBDL541,24209.0,M2333,1.0,2,2019-01-04 12:18:34,114.096913679,22.6311961633,28.9214728959423,0.6908537220061944
BS08123D,40853.0,M2333,1.0,2,2019-01-04 12:18:38,114.098570441,22.629864859,29.147834888076837,0.696260881778089
SZBDL541,24209.0,M2333,1.0,2,2019-01-04 12:18:44,114.097863224,22.6305478173,29.042809986072047,0.6937521283437671
SZBDL541,24209.0,M2333,1.0,2,2019-01-04 12:18:45,114.09822385,22.6302268065,29.094203093736965,0.6949797670550982
BS08123D,40853.0,M2333,1.0,2,2019-01-04 12:18:48,114.098830361,22.6295922489,29.188149829424624,0.6972238938412295
SZBDL541,40853.0,M2333,1.0,2,2019-01-04 12:18:54,114.098676376,22.629753752,29.164265946181917,0.6966533741552662
BS08123D,40853.0,M2333,1.0,2,2019-01-04 12:18:58,114.098941236,22.6294759603,29.20534715601243,0.6976346902458417
SZBDL541,40853.0,M2333,1.0,2,2019-01-04 12:19:04,114.098809581,22.6296140431,29.18492677081766,0.6971469039160318
BS08123D,40853.0,M2333,1.0,2,2019-01-04 12:19:07,114.099206516,22.6291977276,29.2464935865876,0.6986175642790003
BS08123D,40853.0,M2333,1.0,2,2019-01-04 12:19:08,114.099271778,22.6291292788,29.25661612139751,0.6988593635426383
SZBDL541,40853.0,M2333,1.0,2,2019-01-04 12:19:14,114.099064383,22.6293468005,29.22444794550492,0.6980909550965849
BS08123D,52190.0,M2333,1.0,2,2019-01-04 12:19:18,114.09987978,22.628410643,29.357843071203817,0.7012773944393578
SZBDL541,52190.0,M2333,1.0,2,2019-01-04 12:19:18,114.099427361,22.6289586495,29.281385015608357,0.6994510236844681
SZBDL541,52190.0,M2333,1.0,2,2019-01-04 12:19:24,114.099756609,22.628559838,29.337027339084056,0.7007801643687123
BS08123D,52239.0,M2333,1.0,2,2019-01-04 12:19:28,114.1002714,22.6279364,29.424015841414903,0.7028580782710655
BS45016D,75983.0,M2333,1.0,2,2019-01-04 12:19:28,114.045834657,22.6383945739,22.651978732373607,0.5410929061037225
SZBDL541,52239.0,M2333,1.0,2,2019-01-04 12:19:34,114.1002714,22.6279364,29.424015841414903,0.7028580782710655
BS48818D,80951.0,M2333,1.0,2,2019-01-04 12:19:35,114.0457183,22.6384107,22.6398854013957,0.5408040299891622
BS08123D,52170.0,M2333,1.0,2,2019-01-04 12:19:38,114.100922946,22.6269722673,29.55029826450984,0.7058746148884429
BS45016D,75983.0,M2333,1.0,2,2019-01-04 12:19:38,114.046931041,22.6382332025,22.76610164071044,0.54381898565971
SZBDL541,52170.0,M2333,1.0,2,2019-01-04 12:19:44,114.10066683,22.6273370992,29.5088246930066,0.7048839263664235
BS48818D,75983.0,M2333,1.0,2,2019-01-04 12:19:45,114.046893996,22.6382395922,22.76222846473352,0.5437264662348084
BS08123D,52170.0,M2333,1.0,2,2019-01-04 12:19:48,114.101196338,22.6265221016,29.60758822687271,0.7072431130930256
BS45016D,36456.0,M2333,1.0,2,2019-01-04 12:19:48,114.048539681,22.6379556201,22.934292739755804,0.5478366042368089
BS45016D,36456.0,M2333,1.0,2,2019-01-04 12:19:48,114.048386392,22.6379820719,22.918265604926532,0.5474537604656866
SZBDL541,52170.0,M2333,1.0,2,2019-01-04 12:19:54,114.101005462,22.6268487149,29.566398338754517,0.7062592009797712
BS48818D,36456.0,M2333,1.0,2,2019-01-04 12:19:55,114.048006045,22.6380477049,22.878498434669275,0.5465038331336752
BS08123D,71270.0,M2333,1.0,2,2019-01-04 12:19:58,114.101528098,22.6258984642,29.68464669947503,0.7090838261438777
BS45016D,36456.0,M2333,1.0,2,2019-01-04 12:19:58,114.049191625,22.6378443245,23.002432546075504,0.5494642751020556
BS48818D,36456.0,M2333,1.0,2,2019-01-04 12:19:59,114.048473002,22.6379671263,22.92732111580209,0.5476700714888338
SZBDL541,52170.0,M2333,1.0,2,2019-01-04 12:20:04,114.10127604,22.6263603353,29.627287304052544,0.7077136693761976
BS48818D,36456.0,M2333,1.0,2,2019-01-04 12:20:05,114.048987342,22.6378791544,22.98108219823164,0.5489542745454751
BS08123D,71270.0,M2333,1.0,2,2019-01-04 12:20:08,114.101939672,22.6249865653,29.89433434336204,0.7140926820122927
BS45016D,36456.0,M2333,1.0,2,2019-01-04 12:20:08,114.049228695,22.6378380042,23.006306863650373,0.549556821796564
BS45016D,36456.0,M2333,1.0,2,2019-01-04 12:20:12,114.049568007,22.6377801518,23.041769594632623,0.5504039280203632
BS08123D,71270.0,M2333,1.0,2,2019-01-04 12:20:13,114.102119992,22.6245870433,29.8463651056376,0.7129468300516073
SZBDL541,71270.0,M2333,1.0,2,2019-01-04 12:20:14,114.101669342,22.6255855187,29.722220933924664,0.7099813703254779
BS48818D,36456.0,M2333,1.0,2,2019-01-04 12:20:15,114.049063693,22.6378661367,22.989061913752614,0.5491448878032456
BS08123D,85315.0,M2333,1.0,2,2019-01-04 12:20:18,114.10233431,22.6242329969,29.887290132772744,0.7139244153710426
BS45016D,36456.0,M2333,1.0,2,2019-01-04 12:20:18,114.050056084,22.6376969354,23.18820470394764,0.5539018563819874
SZBDL541,71270.0,M2333,1.0,2,2019-01-04 12:20:21,114.102110397,22.6246083018,29.84891754940934,0.7130078008495421
SZBDL541,71270.0,M2333,1.0,2,2019-01-04 12:20:24,114.102267999,22.6243175318,29.87563989623977,0.713646123553056
BS48818D,36456.0,M2333,1.0,2,2019-01-04 12:20:25,114.049606341,22.637773616,23.04577601900043,0.5504996303795201
BS08123D,85315.0,M2333,1.0,2,2019-01-04 12:20:28,114.102717528,22.6238982983,29.941380580485063,0.7152164860502049
BS45016D,36456.0,M2333,1.0,2,2019-01-04 12:20:28,114.05075645,22.6375476456,23.16677814884476,0.5533900354454862
SZBDL541,85315.0,M2333,1.0,2,2019-01-04 12:20:34,114.10249732,22.6240856458,29.910680183085287,0.7144831387588337
BS48818D,36456.0,M2333,1.0,2,2019-01-04 12:20:35,114.050492579,22.6376225135,23.142584978906072,0.5528121277587164
BS08123D,85315.0,M2333,1.0,2,2019-01-04 12:20:38,114.102828295,22.623805758,29.956696893719563,0.7155823502661643
BS08123D,85315.0,M2333,1.0,2,2019-01-04 12:20:42,114.10299847,22.6236635859,29.98022982425344,0.7161444866659091
SZBDL541,85315.0,M2333,1.0,2,2019-01-04 12:20:44,114.10283822,22.6237974663,29.9580693285388,0.7156151339250911
BS48818D,36456.0,M2333,1.0,2,2019-01-04 12:20:45,114.050644368,22.6375804887,23.15469634191047,0.5531014346083454
BS08123D,85315.0,M2333,1.0,2,2019-01-04 12:20:48,114.103017779,22.6236474537,29.982900133724485,0.7162082729482889
SZBDL541,85315.0,M2333,1.0,2,2019-01-04 12:20:54,114.102910567,22.6237370241,29.96807380744109,0.7158541131607354
BS08123D,85315.0,M2333,1.0,2,2019-01-04 12:20:58,114.103522615,22.6232256891,30.12703155259416,0.7196511725385832
SZBDL541,85315.0,M2333,1.0,2,2019-01-04 12:20:58,114.103038568,22.6236300861,29.985775049327927,0.7162769467033303
SZBDL541,85315.0,M2333,1.0,2,2019-01-04 12:21:04,114.103172938,22.6235178262,30.004376536080823,0.7167212845973348
BS48818D,36456.0,M2333,1.0,2,2019-01-04 12:21:05,114.050783705,22.6375396592,23.16971608231151,0.5534602145223891
BS08123D,85315.0,M2333,1.0,2,2019-01-04 12:21:08,114.103988659,22.6227848025,30.121299422006576,0.7195142478471713
BS45016D,83519.0,M2333,1.0,2,2019-01-04 12:21:08,114.051260781,22.6373756863,23.22211610927212,0.5547119057412011
SZBDL541,85315.0,M2333,1.0,2,2019-01-04 12:21:14,114.103876581,22.6229076864,30.10346857802435,0.719088318470201
BS48818D,83519.0,M2333,1.0,2,2019-01-04 12:21:15,114.0513555,22.6373346,23.232863302149187,0.5549686263524561
BS08123D,85315.0,M2333,1.0,2,2019-01-04 12:21:18,114.104017712,22.6227529488,30.125921521435075,0.7196246569748512
BS45016D,15982.0,M2333,1.0,2,2019-01-04 12:21:18,114.052184807,22.6369410346,23.32860639154225,0.5572556630432068
SZBDL541,85315.0,M2333,1.0,2,2019-01-04 12:21:24,114.103928426,22.6228508436,30.111716695768877,0.7192853431121979
BS48818D,15982.0,M2333,1.0,2,2019-01-04 12:21:25,114.052473953,22.6368032447,23.362016926160056,0.5580537479912997
BS45016D,15982.0,M2333,1.0,2,2019-01-04 12:21:27,114.053233339,22.6364413668,23.553333771860597,0.5626237764753346
BS08123D,85315.0,M2333,1.0,2,2019-01-04 12:21:28,114.104260104,22.622447982,30.167966073105376,0.7206289846284261
BS45016D,15982.0,M2333,1.0,2,2019-01-04 12:21:28,114.053362739,22.6363797026,23.538381684638164,0.5622666126079706
BS48818D,15982.0,M2333,1.0,2,2019-01-04 12:21:32,114.053241778,22.636437345,23.55235863661229,0.5626004832005358
SZBDL541,85315.0,M2333,1.0,2,2019-01-04 12:21:34,114.104253946,22.6224566559,30.16681567471808,0.7206015048036428
BS48818D,15982.0,M2333,1.0,2,2019-01-04 12:21:35,114.053571058,22.63628043,23.51431052687893,0.5616916194535487
BS45016D,83503.0,M2333,1.0,2,2019-01-04 12:21:37,114.054468164,22.6359443289,23.588825455030463,0.5634715742865453
BS08123D,85315.0,M2333,1.0,2,2019-01-04 12:21:38,114.104629627,22.6216413712,30.265613116716874,0.7229615015014298
BS45016D,18088.0,M2333,1.0,2,2019-01-04 12:21:38,114.054533035,22.6359427747,23.595542362420318,0.5636320225627222
SZBDL541,85315.0,M2333,1.0,2,2019-01-04 12:21:44,114.104657088,22.6215195832,30.27935108516472,0.7232896634408007
BS48818D,83503.0,M2333,1.0,2,2019-01-04 12:21:45,114.054419455,22.6359559481,23.58365571059478,0.5633480834395175
BS08123D,20411.0,M2333,1.0,2,2019-01-04 12:21:48,114.104933,22.6202957,30.417919372558725,0.7265996752594451
BS45016D,18088.0,M2333,1.0,2,2019-01-04 12:21:48,114.054608813,22.6359452469,23.60333680263454,0.5638182101076071
SZBDL541,20411.0,M2333,1.0,2,2019-01-04 12:21:54,114.104933,22.6202957,30.417919372558725,0.7265996752594451
BS48818D,83503.0,M2333,1.0,2,2019-01-04 12:21:55,114.054450052,22.6359486495,23.58690312947309,0.5634256552639907
BS08123D,52197.0,M2333,1.0,2,2019-01-04 12:21:58,114.105136455,22.6193931613,30.520030626830675,0.7290388297356474
BS45016D,18088.0,M2333,1.0,2,2019-01-04 12:21:58,114.05496751,22.635956949,23.672712745172937,0.5654754088364818
BS08123D,52197.0,M2333,1.0,2,2019-01-04 12:22:00,114.105177997,22.6192089138,30.540876155760717,0.7295367715693956
SZBDL541,20411.0,M2333,1.0,2,2019-01-04 12:22:04,114.104933,22.6202957,30.417919372558725,0.7265996752594451
BS48818D,18088.0,M2333,1.0,2,2019-01-04 12:22:05,114.054997312,22.6359579213,23.669647345000797,0.5654021849337441
BS08123D,52197.0,M2333,1.0,2,2019-01-04 12:22:08,114.105270371,22.6187992063,30.58722990160976,0.7306440339126365
BS45016D,52146.0,M2333,1.0,2,2019-01-04 12:22:08,114.0553068,22.6359754,23.675177518040144,0.5655342854198196
SZBDL541,20411.0,M2333,1.0,2,2019-01-04 12:22:14,114.104933,22.6202957,30.417919372558725,0.7265996752594451
BS48818D,18088.0,M2333,1.0,2,2019-01-04 12:22:15,114.055096761,22.6359611657,23.65941813357224,0.5651578374617454
BS08123D,52197.0,M2333,1.0,2,2019-01-04 12:22:18,114.105325955,22.6185526779,30.615121807967768,0.7313102941473973
BS08123D,52197.0,M2333,1.0,2,2019-01-04 12:22:38,114.105367865,22.6183667935,30.755014534826213,0.7346519431491435
BS08123D,52197.0,M2333,1.0,2,2019-01-04 12:22:57,114.105423489,22.6181200869,30.72710246867972,0.733985201352985
BS08123D,52197.0,M2333,1.0,2,2019-01-04 12:22:58,114.105440965,22.6180425729,30.71833265113277,0.7337757147505763
BS08123D,23198.0,M2333,1.0,2,2019-01-04 12:23:08,114.105620404,22.6171854081,30.76953485392292,0.7349987932742656
SZBDL541,20411.0,M2333,1.0,2,2019-01-04 12:23:14,114.104978996,22.620091653,30.441004774025654,0.7271511214318036
BS08123D,23198.0,M2333,1.0,2,2019-01-04 12:23:18,114.105820528,22.6162133863,30.879131492594144,0.7376167528096532
SZBDL541,52197.0,M2333,1.0,2,2019-01-04 12:23:24,114.105164821,22.6192673527,30.534264455222075,0.7293788363929147
BS08123D,23198.0,M2333,1.0,2,2019-01-04 12:23:28,114.10594867,22.61582438,30.93383225889587,0.7389234023061054
BS48818D,52146.0,M2333,1.0,2,2019-01-04 12:23:35,114.0553068,22.6359754,23.675177518040144,0.5655342854198196
BS45016D,52145.0,M2333,1.0,2,2019-01-04 12:23:38,114.055854746,22.6361030461,23.73409083444373,0.5669415610471565
BS48818D,52145.0,M2333,1.0,2,2019-01-04 12:23:45,114.055828398,22.6360903287,23.73103812319257,0.5668686402475258
BS45016D,23214.0,M2333,1.0,2,2019-01-04 12:23:48,114.056566152,22.6366317109,23.82839329679063,0.5691941851559323
BS48818D,52145.0,M2333,1.0,2,2019-01-04 12:23:55,114.056321362,22.6364040612,23.792583425356582,0.5683387867101551
BS45016D,53595.0,M2333,1.0,2,2019-01-04 12:23:58,114.057410778,22.6371701191,23.933929885414194,0.571715161363498
BS48818D,53595.0,M2333,1.0,2,2019-01-04 12:24:05,114.0570903,22.6369738,23.89445960833578,0.5707723259855645
BS45016D,23166.0,M2333,1.0,2,2019-01-04 12:24:08,114.058485434,22.6378292151,24.06633305721596,0.5748779056806281
BS48818D,53595.0,M2333,1.0,2,2019-01-04 12:24:15,114.057831442,22.6374278097,23.98573903606647,0.5729527381871571
BS45016D,23166.0,M2333,1.0,2,2019-01-04 12:24:17,114.059255641,22.6383011181,24.161232118745865,0.5771447808881501
BS48818D,23166.0,M2333,1.0,2,2019-01-04 12:24:25,114.05851702,22.6378491481,24.070259185399816,0.5749716899867957
BS45016D,23166.0,M2333,1.0,2,2019-01-04 12:24:28,114.059794061,22.6385435331,24.222946326897816,0.5786189620460683
BS48818D,23166.0,M2333,1.0,2,2019-01-04 12:24:35,114.059233167,22.6382889111,24.158555499190754,0.5770808438753743
BS48818D,23166.0,M2333,1.0,2,2019-01-04 12:24:36,114.059298188,22.6383242287,24.166299442697863,0.5772658251940692
BS45016D,23166.0,M2333,1.0,2,2019-01-04 12:24:38,114.059874516,22.6385723046,24.23180908128278,0.5788306686516105
BS08123D,49402.0,M2333,1.0,2,2019-01-04 12:24:41,114.107056351,22.6133559768,31.2212577539229,0.7457891996931657
SZBDL541,11404.0,M2333,1.0,2,2019-01-04 12:24:44,114.1061328,22.6153938,30.97562015445082,0.7399215991573797
BS48818D,23166.0,M2333,1.0,2,2019-01-04 12:24:45,114.059768325,22.6385343298,24.22011130852125,0.5785512413250506
BS08123D,11426.0,M2333,1.0,2,2019-01-04 12:24:48,114.10712695,22.6128286032,31.28024306868188,0.7471981951613967
BS45016D,23166.0,M2333,1.0,2,2019-01-04 12:24:48,114.059925495,22.6385905351,24.237424816712192,0.5789648129857241
SZBDL541,49402.0,M2333,1.0,2,2019-01-04 12:24:54,114.106552696,22.614575918,31.075953486447368,0.7423182840046726
BS48818D,23166.0,M2333,1.0,2,2019-01-04 12:24:55,114.059955576,22.6386012924,24.2407384774354,0.5790439671440316
BS08123D,11426.0,M2333,1.0,2,2019-01-04 12:24:58,114.107131972,22.612762226,31.28761170096721,0.747374211336601
BS45016D,23166.0,M2333,1.0,2,2019-01-04 12:24:58,114.060175794,22.638661877,24.26437711025097,0.5796086284779317
SZBDL541,49402.0,M2333,1.0,2,2019-01-04 12:25:04,114.106910793,22.613847562,31.16468043864016,0.744437724649525
BS48818D,23166.0,M2333,1.0,2,2019-01-04 12:25:05,114.060029784,22.6386261185,24.2488546580082,0.5792378401731602
BS08123D,11426.0,M2333,1.0,2,2019-01-04 12:25:07,114.107176563,22.6123389556,31.33480331656197,0.7485014880627355
BS08123D,11426.0,M2333,1.0,2,2019-01-04 12:25:08,114.107194383,22.6122728892,31.342345335207337,0.7486816459568835
SZBDL541,49402.0,M2333,1.0,2,2019-01-04 12:25:10,114.107035751,22.6134459631,31.211070209021184,0.7455458475188564
BS45016D,23166.0,M2333,1.0,2,2019-01-04 12:25:13,114.060388347,22.6387139317,24.28697378748503,0.5801484003847184
SZBDL541,49402.0,M2333,1.0,2,2019-01-04 12:25:14,114.107085089,22.6132304441,31.235469596951518,0.7461286811811318
BS48818D,23166.0,M2333,1.0,2,2019-01-04 12:25:15,114.060261432,22.63868285,24.2734813564115,0.5798261036517823
BS48818D,23166.0,M2333,1.0,2,2019-01-04 12:25:17,114.060404799,22.6387179609,24.28872281420504,0.5801901797790029
BS08123D,11426.0,M2333,1.0,2,2019-01-04 12:25:18,114.107584522,22.6116759391,31.421013697379625,0.7505608148016514
BS45016D,23166.0,M2333,1.0,2,2019-01-04 12:25:18,114.060847545,22.6387847539,24.334842716505555,0.5812918562488532
BS45016D,23166.0,M2333,1.0,2,2019-01-04 12:25:20,114.061072137,22.638801436,24.35800852504747,0.58184522312308
BS48818D,23166.0,M2333,1.0,2,2019-01-04 12:25:24,114.061035468,22.6387989244,24.35422895042772,0.5817549395748303
SZBDL541,11426.0,M2333,1.0,2,2019-01-04 12:25:24,114.107130111,22.6127868299,31.284880388783357,0.7473089678687123
BS08123D,11426.0,M2333,1.0,2,2019-01-04 12:25:25,114.108000986,22.6113357993,31.48904180348586,0.752185817458799
BS48818D,23166.0,M2333,1.0,2,2019-01-04 12:25:25,114.061111926,22.6388041614,24.36210968737556,0.5819431885091827
BS08123D,2681.0,M2333,1.0,2,2019-01-04 12:25:28,114.1081732,22.6111932,31.50183559038632,0.7524914255213806
BS45016D,23166.0,M2333,1.0,2,2019-01-04 12:25:28,114.061680612,22.6388350561,24.420670715148567,0.5833420489388383
SZBDL541,11426.0,M2333,1.0,2,2019-01-04 12:25:34,114.10713465,22.6127268403,31.291539926004265,0.7474680457307721
BS48818D,23166.0,M2333,1.0,2,2019-01-04 12:25:35,114.061620761,22.6388322932,24.41451083229293,0.5831949064328792
BS45016D,23166.0,M2333,1.0,2,2019-01-04 12:25:38,114.061902361,22.6388452926,24.46492921948601,0.5843992617772702
BS48818D,23166.0,M2333,1.0,2,2019-01-04 12:25:45,114.061788339,22.6388400291,24.43175800997216,0.5836068936417143
BS45016D,23166.0,M2333,1.0,2,2019-01-04 12:25:48,114.062008682,22.6388502362,24.454436004711766,0.5841486079980288
BS45016D,23166.0,M2333,1.0,2,2019-01-04 12:25:54,114.062175641,22.6388606545,24.471636997309343,0.5845594919734403
BS45016D,23166.0,M2333,1.0,2,2019-01-04 12:25:58,114.062351977,22.6388716581,24.496546646776377,0.5851545143677037
BS48818D,23166.0,M2333,1.0,2,2019-01-04 12:26:05,114.062009038,22.6388502584,24.4544726815938,0.5841494841069516
BS45016D,68482.0,M2333,1.0,2,2019-01-04 12:26:08,114.062691849,22.6386058289,24.540798776120315,0.5862115749252331
BS48818D,23166.0,M2333,1.0,2,2019-01-04 12:26:15,114.062080874,22.638854741,24.46187360362332,0.584326271594531
BS48818D,23166.0,M2333,1.0,2,2019-01-04 12:26:17,114.062180265,22.6388609431,24.472113386495025,0.5845708715889679
BS45016D,68482.0,M2333,1.0,2,2019-01-04 12:26:18,114.063068229,22.6377303075,24.64449699053703,0.588688637475019
BS48818D,23166.0,M2333,1.0,2,2019-01-04 12:26:25,114.062430656,22.6388772143,24.49791532118269,0.585187208200802
BS45016D,68482.0,M2333,1.0,2,2019-01-04 12:26:28,114.063559711,22.6365870421,24.781875136381814,0.5919702201150405
BS48818D,23166.0,M2333,1.0,2,2019-01-04 12:26:35,114.062480271,22.6388810084,24.503032684611544,0.5853094478109491
BS45016D,7445.0,M2333,1.0,2,2019-01-04 12:26:38,114.064137406,22.6352431172,25.004518652917746,0.5972885558247332
BS48818D,68482.0,M2333,1.0,2,2019-01-04 12:26:45,114.062855749,22.6382245701,24.585740662363836,0.5872851118608181
BS45016D,7445.0,M2333,1.0,2,2019-01-04 12:26:48,114.064464227,22.6344257837,25.03866956165892,0.5981043262558803
BS48818D,68482.0,M2333,1.0,2,2019-01-04 12:26:55,114.063283342,22.6372299207,24.705224329186528,0.5901392450593728
BS45016D,7445.0,M2333,1.0,2,2019-01-04 12:27:05,114.064517068,22.6342816279,25.055532372121583,0.5985071319986421
BS48818D,68482.0,M2333,1.0,2,2019-01-04 12:27:05,114.063778006,22.6360792535,24.842419120714577,0.593416447873629
BS45016D,7445.0,M2333,1.0,2,2019-01-04 12:27:08,114.064589968,22.6340797668,25.079108930942628,0.5990703105570863
BS48818D,7445.0,M2333,1.0,2,2019-01-04 12:27:12,114.064121381,22.6352803995,25.00896375934876,0.5973947370809101
BS48818D,7445.0,M2333,1.0,2,2019-01-04 12:27:15,114.064252209,22.6349755201,24.974007572771107,0.5965597307971291
BS45016D,7445.0,M2333,1.0,2,2019-01-04 12:27:18,114.064778028,22.6335350432,25.14245755827593,0.6005835334532594
BS48818D,7445.0,M2333,1.0,2,2019-01-04 12:27:25,114.064407599,22.6345751136,25.021138270963384,0.5976855523755817
BS45016D,7445.0,M2333,1.0,2,2019-01-04 12:27:28,114.064796962,22.633476543,25.149221879134345,0.6007451143056142
BS48818D,7445.0,M2333,1.0,2,2019-01-04 12:27:35,114.064474124,22.6343996837,25.04419527526454,0.5982363202184602
BS48818D,7445.0,M2333,1.0,2,2019-01-04 12:27:37,114.06452143,22.6342695843,25.056939427561748,0.5985407426481206
BS45016D,7445.0,M2333,1.0,2,2019-01-04 12:27:38,114.06484913,22.633315363,25.17784078566099,0.6014287405567673
BS48818D,7445.0,M2333,1.0,2,2019-01-04 12:27:45,114.064764816,22.6335758623,25.13773766771236,0.6004707883667615
BS45016D,15987.0,M2333,1.0,2,2019-01-04 12:27:48,114.065079927,22.632446144,25.267328082935677,0.6035663437354479
BS48818D,15987.0,M2333,1.0,2,2019-01-04 12:27:55,114.065003028,22.6326935501,25.23881296603188,0.6028851967303384
BS45016D,75088.0,M2333,1.0,2,2019-01-04 12:28:58,114.066734557,22.63026659,25.6439319144591,0.6125623640856513
BS48818D,8221.0,M2333,1.0,2,2019-01-04 12:29:02,114.066165576,22.6302133208,25.585143576393403,0.6111580738439554
BS48818D,8221.0,M2333,1.0,2,2019-01-04 12:29:05,114.066346387,22.6302310295,25.603834050308787,0.6116045373943064
BS45016D,75088.0,M2333,1.0,2,2019-01-04 12:29:08,114.067049898,22.6302904512,25.676462744471333,0.6133394353321526
BS48818D,75088.0,M2333,1.0,2,2019-01-04 12:29:15,114.066773248,22.6302700577,25.647927829666862,0.6126578154101409
BS45016D,75088.0,M2333,1.0,2,2019-01-04 12:29:18,114.067126966,22.630294393,25.68439732150063,0.6135289703566292
BS45016D,75088.0,M2333,1.0,2,2019-01-04 12:29:20,114.067257981,22.6303010941,25.697886040588106,0.6138511784205202
BS45016D,32725.0,M2333,1.0,2,2019-01-04 12:29:28,114.068115234,22.6303258,25.78607944530429,0.6159578740969056
BS45016D,32725.0,M2333,1.0,2,2019-01-04 12:29:38,114.069544968,22.630271722,25.933274633600337,0.6194739586359469
BS48818D,75088.0,M2333,1.0,2,2019-01-04 12:29:45,114.066997118,22.6302877516,25.671028750941588,0.6132096323076355
BS45016D,18016.0,M2333,1.0,2,2019-01-04 12:29:48,114.0717323,22.629936,26.16129658516608,0.6249207702317842
BS48818D,75088.0,M2333,1.0,2,2019-01-04 12:29:55,114.067027751,22.6302893184,25.674182587954185,0.6132849687210538
BS08175D,63083.0,M2333,1.0,4,2019-01-04 14:06:58,113.906351962,22.709372262,0.4865389209826122,0.0116220645356161
SZBDL631,63083.0,M2333,1.0,4,2019-01-04 14:06:58,113.906335924,22.7093875472,0.4889011809269125,0.0116784923697288
BS08175D,63083.0,M2333,1.0,4,2019-01-04 14:07:08,113.906352134,22.709372098,0.4865135810297735,0.0116214592344685
SZBDL631,63083.0,M2333,1.0,4,2019-01-04 14:07:08,113.906391613,22.7093344697,0.4806984728288522,0.0114825524381608
BS08175D,63083.0,M2333,1.0,4,2019-01-04 14:07:18,113.906410118,22.7093168327,0.4779727970158103,0.0114174436075284
SZBDL631,63083.0,M2333,1.0,4,2019-01-04 14:07:18,113.90639255,22.7093335765,0.4805604463425807,0.0114792553684673
BS08175D,63083.0,M2333,1.0,4,2019-01-04 14:07:28,113.906387787,22.709338116,0.4812620009378751,0.0114960135607314
SZBDL631,63083.0,M2333,1.0,4,2019-01-04 14:07:38,113.906393503,22.7093326686,0.4804201067568449,0.0114759030452472
SZBDL631,63083.0,M2333,1.0,4,2019-01-04 14:07:48,113.906398453,22.7093279503,0.4796909628209789,0.0114584858202053
BS00077D,84985.0,M2333,1.0,3,2019-01-04 18:34:02,114.14273875,22.6223159457,37.31132784379,0.8912640724287649
BS08748D,84985.0,M2333,1.0,4,2019-01-04 18:34:06,114.140284148,22.6222475433,37.05876170691151,0.885230968363041
BS00077D,84985.0,M2333,1.0,3,2019-01-04 18:34:12,114.143105049,22.6223223598,37.34899211051306,0.8921637672315116
BS08748D,84985.0,M2333,1.0,4,2019-01-04 18:34:16,114.141466301,22.6222936643,37.18038168441055,0.8881361320947716
BS08748D,84985.0,M2333,1.0,4,2019-01-04 18:34:26,114.142159895,22.6223058096,37.25180775108274,0.8898423025995135
BS08748D,84985.0,M2333,1.0,4,2019-01-04 18:34:31,114.142670574,22.6223147519,37.30431772604626,0.8910966201709775
BS08748D,84985.0,M2333,1.0,4,2019-01-04 18:34:36,114.143028946,22.6223210272,37.34116690860583,0.8919768448751534
BS08748D,84985.0,M2333,1.0,4,2019-01-04 18:34:46,114.143074341,22.6223218221,37.34583459638656,0.8920883429820472
BS00077D,77737.0,M2333,1.0,3,2019-01-04 18:35:22,114.143594648,22.6223020372,37.39944063579281,0.8933688424911512
BS08748D,84985.0,M2333,1.0,4,2019-01-04 18:35:26,114.143166233,22.6223234312,37.355283283732135,0.8923140458998844
BS00406D,85542.0,M2333,1.0,3,2019-01-04 19:12:15,114.0749055,22.629341,26.494093221474238,0.6328703582659705
BS45160D,85542.0,M2333,1.0,3,2019-01-04 19:12:17,114.0749055,22.629341,26.494093221474238,0.6328703582659705
BS45160D,11828.0,M2333,1.0,3,2019-01-04 19:12:21,114.0753409,22.6292641,26.539655396123955,0.6339587121700994
BS00406D,20147.0,M2333,1.0,3,2019-01-04 19:12:25,114.075866253,22.6291713175,26.59463057965118,0.6352719167324814
BS45160D,20147.0,M2333,1.0,3,2019-01-04 19:12:31,114.075782254,22.6291861524,26.58584056592384,0.6350619476993734
BS00406D,20147.0,M2333,1.0,3,2019-01-04 19:12:35,114.075889102,22.6291672821,26.59702159835948,0.635329031533652
BS45160D,20147.0,M2333,1.0,3,2019-01-04 19:12:41,114.075857874,22.6291727972,26.59375376734897,0.6352509721199902
BS00406D,24209.0,M2333,1.0,3,2019-01-04 19:16:25,114.098016529,22.630418781,29.064100434815373,0.6942606980770732
BS45160D,24209.0,M2333,1.0,3,2019-01-04 19:16:31,114.098029537,22.6304067359,29.06598917303389,0.6943058147913171
BS00406D,24209.0,M2333,1.0,3,2019-01-04 19:16:35,114.098147897,22.6302971371,29.08317485496461,0.6947163330373888
BS45160D,24209.0,M2333,1.0,3,2019-01-04 19:16:41,114.098040301,22.6303967691,29.067552054549196,0.694343147693268
BS00406D,24209.0,M2333,1.0,3,2019-01-04 19:16:48,114.098203616,22.6302455422,29.091265190946057,0.6949095887109561
BS45160D,24209.0,M2333,1.0,3,2019-01-04 19:16:51,114.098127055,22.6303164359,29.080148664052743,0.6946440457350621
BS45160D,24209.0,M2333,1.0,3,2019-01-04 19:16:53,114.098158395,22.630287416,29.084699162034205,0.694752744502887
BS00406D,40853.0,M2333,1.0,3,2019-01-04 19:16:55,114.098280505,22.6301689512,29.10286429770779,0.6951866591806075
BS45160D,24209.0,M2333,1.0,3,2019-01-04 19:17:01,114.098195744,22.6302528317,29.09012217326349,0.6948822851907253
BS04392D,45043.0,M2333,1.0,4,2019-01-04 19:24:05,114.11262669,22.6003460471,32.94363743014496,0.7869320700548195
BS48818D,17630.0,M2333,1.0,4,2019-01-04 19:24:05,114.113462427,22.5995699877,33.249966621186445,0.7942494242764243
BS04392D,1709.0,M2333,1.0,4,2019-01-04 19:24:15,114.113382572,22.6000225487,33.06400460006156,0.7898073076903099
BS48818D,22236.0,M2333,1.0,4,2019-01-04 19:24:15,114.113663618,22.6000024413,33.30358616187259,0.795530246293635
BS04392D,17630.0,M2333,1.0,4,2019-01-04 19:24:25,114.114170714,22.5998188414,33.11406772253859,0.7910031767465974
BS48818D,22291.0,M2333,1.0,4,2019-01-04 19:24:25,114.114094231,22.6005467194,33.37838917404528,0.7973170826543804
BS04392D,17630.0,M2333,1.0,4,2019-01-04 19:24:35,114.113731209,22.5993796267,33.21078870972065,0.793313572701577
BS48818D,22291.0,M2333,1.0,4,2019-01-04 19:24:35,114.114662221,22.6012478266,33.47559360077669,0.7996390266385089
BS04392D,22236.0,M2333,1.0,4,2019-01-04 19:24:45,114.113532287,22.5998393028,33.28103132338764,0.7949914737984498
BS48818D,22291.0,M2333,1.0,4,2019-01-04 19:24:45,114.1147081,22.6013202392,33.484896215023646,0.7998612402754154
BS04392D,22291.0,M2333,1.0,4,2019-01-04 19:24:55,114.114069819,22.6005174741,33.37429174550501,0.7972192064581062
BS04392D,22291.0,M2333,1.0,4,2019-01-04 19:25:05,114.114537437,22.60107767,33.463575124319355,0.7993519385907022
BS04392D,22291.0,M2333,1.0,4,2019-01-04 19:25:15,114.114615353,22.6011780649,33.466487353921885,0.7994215036736245
BS04392D,22291.0,M2333,1.0,4,2019-01-04 19:25:45,114.114735324,22.6013641092,33.490502327931424,0.7999951547541925
BS48818D,9996.0,M2333,1.0,4,2019-01-04 19:25:45,114.11496988,22.6017200659,33.53674960961646,0.8010998739640242
BS04392D,23565.0,M2333,1.0,4,2019-01-04 19:25:55,114.115088716,22.6018701549,33.557378343634234,0.8015926371689872
BS48818D,23565.0,M2333,1.0,4,2019-01-04 19:25:55,114.1153012,22.6021384,33.59425264566551,0.8024734619076285
BS48818D,24439.0,M2333,1.0,4,2019-01-04 19:26:04,114.1153855,22.6022438,33.608790939172,0.802820741391516
BS04392D,24439.0,M2333,1.0,4,2019-01-04 19:26:05,114.1153855,22.6022438,33.608790939172,0.802820741391516
BS04392D,24442.0,M2333,1.0,4,2019-01-04 19:26:10,114.115687947,22.6026214858,33.66090949207139,0.8040657089761779
BS04392D,24442.0,M2333,1.0,4,2019-01-04 19:26:15,114.115938938,22.6029349149,33.70904182536119,0.8052154568372824
BS48818D,24442.0,M2333,1.0,4,2019-01-04 19:26:15,114.116109863,22.6031440863,33.733236873988645,0.805793409400713
BS04392D,24442.0,M2333,1.0,4,2019-01-04 19:26:25,114.116109863,22.6031440863,33.733236873988645,0.805793409400713
BS48818D,24442.0,M2333,1.0,4,2019-01-04 19:26:25,114.116181614,22.6032317293,33.74542794381936,0.8060846202252131
BS04392D,24442.0,M2333,1.0,4,2019-01-04 19:26:35,114.116158149,22.6032030672,33.74144106323724,0.8059893847128565
BS48818D,66656.0,M2333,1.0,4,2019-01-04 19:26:35,114.116280313,22.6033522893,33.76219771991745,0.8064852036352027
BS04392D,66656.0,M2333,1.0,4,2019-01-04 19:26:45,114.11626858,22.6033379583,33.76020425357665,0.8064375852567685
BS48818D,66656.0,M2333,1.0,4,2019-01-04 19:26:45,114.116345262,22.6034316244,33.77323312809318,0.8067488089100616
BS48818D,66656.0,M2333,1.0,4,2019-01-04 19:26:53,114.116515728,22.6036344184,33.80171962965019,0.8074292723739523
BS04392D,66656.0,M2333,1.0,4,2019-01-04 19:26:55,114.116382452,22.6034759988,33.779459312634074,0.8068975351792752
BS48818D,66656.0,M2333,1.0,4,2019-01-04 19:26:55,114.116580487,22.6037113944,33.812537022678995,0.8076876698720066
BS04392D,66656.0,M2333,1.0,4,2019-01-04 19:26:59,114.116522052,22.6036419352,33.80277587930009,0.8074545032466893
BS04392D,66656.0,M2333,1.0,4,2019-01-04 19:27:05,114.116805017,22.6039781918,33.85003176858411,0.8085833152928821
BS48818D,66656.0,M2333,1.0,4,2019-01-04 19:27:05,114.116914082,22.6041063381,33.86811851939147,0.8090153575736893
BS04392D,66656.0,M2333,1.0,4,2019-01-04 19:27:15,114.117231503,22.6044792929,33.982579679949104,0.8117495170364835
BS48818D,66656.0,M2333,1.0,4,2019-01-04 19:27:15,114.117325506,22.6045897414,33.96699082229858,0.8113771424908149
BS04392D,66656.0,M2333,1.0,4,2019-01-04 19:27:25,114.117491835,22.6047782734,33.96334007413175,0.8112899362489947
BS48818D,62121.0,M2333,1.0,4,2019-01-04 19:27:25,114.117732401,22.6050286082,34.0004994555904,0.8121775707439778
BS48818D,77721.0,M2333,1.0,4,2019-01-04 19:32:35,114.123716275,22.6085582547,34.733017288672926,0.8296753888268175
BS04392D,77721.0,M2333,1.0,4,2019-01-04 19:32:45,114.123661642,22.6085301214,34.72659403572309,0.8295219551402363
BS48818D,77721.0,M2333,1.0,4,2019-01-04 19:32:45,114.123810376,22.6086067117,34.74408080895704,0.8299396656219263
BS00406D,83833.0,M2333,1.0,3,2019-01-04 19:32:55,114.113086589,22.6028616981,32.6025683356886,0.7787848759539437
BS35658D,11423.0,M2333,1.0,3,2019-01-04 19:33:03,114.113253703,22.603303196,32.550635866628184,0.7775443533957584
BS00406D,83833.0,M2333,1.0,3,2019-01-04 19:33:05,114.112974554,22.6026415347,32.62952035895977,0.7794286849902082
BS04392D,77721.0,M2333,1.0,4,2019-01-04 19:33:05,114.123740577,22.6085707687,34.735874479453386,0.8297436391850294
BS35658D,11423.0,M2333,1.0,3,2019-01-04 19:33:07,114.113198174,22.6031237352,32.571347561118564,0.7780390982961726
BS35658D,83833.0,M2333,1.0,3,2019-01-04 19:33:13,114.113124393,22.6029359884,32.59348491383413,0.7785678982149713
BS00406D,83833.0,M2333,1.0,3,2019-01-04 19:33:15,114.112948205,22.6025897548,32.63586094188512,0.7795801439193376
BS04392D,77721.0,M2333,1.0,4,2019-01-04 19:33:15,114.123843037,22.6086235303,34.74792078085234,0.8300313918934691
BS48818D,77721.0,M2333,1.0,4,2019-01-04 19:33:15,114.123935946,22.6086713735,34.770637414129766,0.830574029217219
BS35658D,83833.0,M2333,1.0,3,2019-01-04 19:33:23,114.113073319,22.60283562,32.60575938070667,0.7788611011633497
BS00406D,83833.0,M2333,1.0,3,2019-01-04 19:33:25,114.112896332,22.6024878176,32.64834411867505,0.7798783323684119
BS04392D,77721.0,M2333,1.0,4,2019-01-04 19:33:25,114.123933437,22.6086700814,34.77093240416994,0.8305810757105958
BS48818D,77721.0,M2333,1.0,4,2019-01-04 19:33:25,114.124055976,22.6087407166,34.77339163789929,0.8306398199793029
BS35658D,83833.0,M2333,1.0,3,2019-01-04 19:33:33,114.113046226,22.6027823788,32.61227601696167,0.7790167655179255
BS48818D,77721.0,M2333,1.0,4,2019-01-04 19:33:35,114.124064897,22.6087462722,34.774496076264406,0.8306662019467087
BS00406D,83833.0,M2333,1.0,3,2019-01-04 19:33:41,114.11267031,22.6020436543,32.7028004956146,0.7811791440812531
BS35658D,83833.0,M2333,1.0,3,2019-01-04 19:33:43,114.112972711,22.6026379132,32.629963816852765,0.7794392779685475
BS00406D,83848.0,M2333,1.0,3,2019-01-04 19:33:45,114.112520224,22.6017487179,32.738923529665975,0.7820420231128411
BS35658D,83833.0,M2333,1.0,3,2019-01-04 19:33:53,114.112940222,22.6025740669,32.63778201831493,0.7796260331037014
BS04392D,77721.0,M2333,1.0,4,2019-01-04 19:33:55,114.124038496,22.6087298307,34.77122756896234,0.8305881263783182
BS48818D,77721.0,M2333,1.0,4,2019-01-04 19:33:55,114.124164606,22.6088083681,34.786840354096604,0.8309610724851676
BS48818D,77721.0,M2333,1.0,4,2019-01-04 19:34:15,114.124314647,22.6089018089,34.805415853543245,0.8314047896145479
BS48818D,77721.0,M2333,1.0,4,2019-01-04 19:34:25,114.124372886,22.6089380813,34.812626189438134,0.8315770245283028
BS04392D,77721.0,M2333,1.0,4,2019-01-04 19:34:35,114.12419759,22.6088289094,34.7909238613433,0.8310586161403739
BS48818D,77721.0,M2333,1.0,4,2019-01-04 19:35:05,114.124458694,22.6089924264,34.82330570639165,0.8318321285495645
BS48818D,77721.0,M2333,1.0,4,2019-01-04 19:35:08,114.124511468,22.6090258496,34.829873844703144,0.8319890231453367
BS04392D,77721.0,M2333,1.0,4,2019-01-04 19:35:15,114.124404741,22.6089582559,34.81659079326562,0.8316717279108156
BS48818D,77721.0,M2333,1.0,4,2019-01-04 19:35:15,114.124600679,22.6090823501,34.84097689871512,0.8322542442914868
BS04392D,77721.0,M2333,1.0,4,2019-01-04 19:35:22,114.124500532,22.6090189235,34.828512771568775,0.8319565108855295
BS04392D,77721.0,M2333,1.0,4,2019-01-04 19:35:25,114.124512012,22.6090261944,34.82994156662179,0.8319906408340253
BS48818D,77721.0,M2333,1.0,4,2019-01-04 19:35:25,114.124676686,22.6091304875,34.85043656871497,0.8324802095544546
BS04392D,77721.0,M2333,1.0,4,2019-01-04 19:35:35,114.124545274,22.60904726,34.83408127521281,0.8320895269833724
BS48818D,6682.0,M2333,1.0,4,2019-01-04 19:35:35,114.124764536,22.6091870168,34.86142634556733,0.8327427248236384
BS45160D,77721.0,M2333,1.0,3,2019-01-04 19:46:21,114.124371958,22.6089375002,34.81267006427585,0.8315780725764105
BS35658D,77721.0,M2333,1.0,3,2019-01-04 19:46:23,114.124348027,22.6089225967,34.80954837763163,0.8315035041460661
BS45160D,77721.0,M2333,1.0,3,2019-01-04 19:46:31,114.124479295,22.6090054738,34.82586967694479,0.8318933746903169
BS35658D,77721.0,M2333,1.0,3,2019-01-04 19:46:33,114.124381826,22.6089437428,34.8137388152628,0.8316036020713947
BS45160D,77721.0,M2333,1.0,3,2019-01-04 19:46:38,114.124519726,22.60903108,34.83090164154753,0.8320135743595146
BS35658D,77721.0,M2333,1.0,3,2019-01-04 19:46:41,114.124495087,22.6090154749,34.827835090243326,0.8319403229594268
BS45160D,77721.0,M2333,1.0,3,2019-01-04 19:46:41,114.124567055,22.6090610546,34.8367920974417,0.8321542810031024
SZBDL457,14301.0,M2333,1.0,4,2019-01-04 22:09:13,114.133346552,22.6166191147,36.07714536462584,0.8617828782159689
SZBDL457,14301.0,M2333,1.0,4,2019-01-04 22:09:23,114.133481556,22.616780053,36.25164483376291,0.8659511862470014
SZBDL457,14301.0,M2333,1.0,4,2019-01-04 22:09:33,114.133500401,22.6168025181,36.248491639664806,0.8658758651910261
SZBDL497,14301.0,M2333,1.0,4,2019-01-04 22:09:46,114.133296925,22.616559954,36.06884160579438,0.8615845244628251
SZBDL457,14301.0,M2333,1.0,4,2019-01-04 22:10:02,114.133567267,22.6168822286,36.23730348174186,0.8656086111486311
SZBDL457,14301.0,M2333,1.0,4,2019-01-04 22:10:03,114.133593625,22.6169136501,36.2328931801224,0.8655032612828085
SZBDL497,14301.0,M2333,1.0,4,2019-01-04 22:10:12,114.133511609,22.6168158785,36.24661634434221,0.8658310695902579
SZBDL457,14301.0,M2333,1.0,4,2019-01-04 22:10:13,114.133902805,22.617282224,36.1811603536406,0.8642675076317604
SZBDL497,14301.0,M2333,1.0,4,2019-01-04 22:10:13,114.133551782,22.6168637695,36.2398944234859,0.8656705015562812
SZBDL497,59956.0,M2333,1.0,4,2019-01-04 22:25:42,114.151300875,22.614123364,41.88143687809539,1.000431293879889
SZBDL457,59956.0,M2333,1.0,4,2019-01-04 22:25:45,114.151303509,22.6139312014,41.90271842810823,1.0009396510472202
SZBDL457,59956.0,M2333,1.0,4,2019-01-04 22:25:47,114.151301549,22.6140742257,41.88687882836152,1.000561286968756
SZBDL497,59956.0,M2333,1.0,4,2019-01-04 22:25:52,114.151298469,22.6142989117,41.861995388558206,0.9999668906506192
SZBDL457,59956.0,M2333,1.0,4,2019-01-04 22:25:55,114.151297366,22.6143794487,41.85307610860949,0.999753833806234
SZBDL497,59956.0,M2333,1.0,4,2019-01-04 22:26:02,114.15129702,22.614404683,41.85028146975146,0.9996870776398492
SZBDL457,59956.0,M2333,1.0,4,2019-01-04 22:26:05,114.151326681,22.6145553707,41.8579558142734,0.999870396431946
SZBDL497,59956.0,M2333,1.0,4,2019-01-04 22:26:12,114.151296768,22.6144230211,41.848250567947005,0.9996385650320824
SZBDL457,59956.0,M2333,1.0,4,2019-01-04 22:26:15,114.151327497,22.6145598056,41.85904562513289,0.9998964289888378
SZBDL497,59956.0,M2333,1.0,4,2019-01-04 22:26:22,114.151332529,22.614587148,41.86211736530024,0.9999698043364657
SZBDL457,59956.0,M2333,1.0,4,2019-01-04 22:26:35,114.151332638,22.6145877369,41.86218353512296,0.99997138494989
SZBDL497,59956.0,M2333,1.0,4,2019-01-04 22:26:42,114.1513346,22.6145984,41.86338145788116,1.0000000000000002
SZBDL457,59956.0,M2333,1.0,4,2019-01-04 22:26:45,114.1513346,22.6145984,41.86338145788116,1.0000000000000002
BS01605D,12722.0,M2333,2.0,1,2019-01-04 07:37:57,114.029241735,22.6506903847,23.22744207024663,0.5391070651596866
BS08175D,7515.0,M2333,2.0,1,2019-01-04 07:37:57,114.031070275,22.6493129196,22.985384040237303,0.5334889177217549
BS01605D,12714.0,M2333,2.0,1,2019-01-04 07:38:01,114.029068509,22.6508208755,23.250373070072182,0.5396392918241529
BS08175D,12722.0,M2333,2.0,1,2019-01-04 07:38:07,114.030183863,22.6499806722,23.102725865393065,0.5362124120604294
BS01605D,12714.0,M2333,2.0,1,2019-01-04 07:38:11,114.029019136,22.6508580622,23.256908467408504,0.5397909778715008
BS08175D,12722.0,M2333,2.0,1,2019-01-04 07:38:13,114.029602898,22.6504183179,23.179632403198102,0.5379974066268682
BS08175D,12722.0,M2333,2.0,1,2019-01-04 07:38:17,114.029408231,22.6505649616,23.20540181082531,0.5385955125084713
BS08175D,12722.0,M2333,2.0,1,2019-01-04 07:38:27,114.029286355,22.650656772,23.221535404161138,0.53896997191418
BS01605D,12714.0,M2333,2.0,1,2019-01-04 07:38:29,114.028929049,22.6509259144,23.268833126434437,0.5400677482498772
BS01605D,12714.0,M2333,2.0,1,2019-01-04 07:38:31,114.028878822,22.6509637448,23.275481596742576,0.5402220587118206
BS08175D,12722.0,M2333,2.0,1,2019-01-04 07:38:37,114.029231136,22.6506983685,23.228845097671915,0.5391396293135567
BS01605D,12714.0,M2333,2.0,1,2019-01-04 07:38:41,114.028298561,22.6514162462,23.353524988202032,0.542033439560283
BS08175D,12722.0,M2333,2.0,1,2019-01-04 07:38:47,114.029107362,22.6507916084,23.24522991359028,0.5395199195752316
BS01605D,12714.0,M2333,2.0,1,2019-01-04 07:38:51,114.0280029,22.6517740042,23.40345566481508,0.5431923265547652
BS08175D,12714.0,M2333,2.0,1,2019-01-04 07:38:57,114.029037827,22.6508439845,23.2544343778826,0.5397335544522874
BS01605D,73875.0,M2333,2.0,1,2019-01-04 08:04:31,113.984826686,22.6722265344,29.242876683029618,0.6787248194500539
BS08175D,73875.0,M2333,2.0,1,2019-01-04 08:04:38,113.984922788,22.6721701378,29.231191458740447,0.6784536063326897
BS01605D,73875.0,M2333,2.0,1,2019-01-04 08:04:41,113.98424484,22.6725679858,29.313624384572744,0.6803668679214422
BS08175D,73875.0,M2333,2.0,1,2019-01-04 08:04:48,113.98424885,22.6725656327,29.313136809850132,0.6803555513512853
BS01605D,73875.0,M2333,2.0,1,2019-01-04 08:04:51,113.983346871,22.6731025977,29.42326603630617,0.6829116418533503
BS08175D,73875.0,M2333,2.0,1,2019-01-04 08:04:58,113.983426799,22.6730546212,29.41348355286904,0.6826845911983613
BS01605D,73875.0,M2333,2.0,1,2019-01-04 08:05:01,113.982112841,22.6738433194,29.70947833335401,0.6895546062834165
BS01605D,73875.0,M2333,2.0,1,2019-01-04 08:05:07,113.981351257,22.6743093168,29.668056615399923,0.6885932115360928
BS08175D,73875.0,M2333,2.0,1,2019-01-04 08:05:08,113.982309716,22.6737251461,29.5502044464322,0.6858578721585262
BS01605D,73875.0,M2333,2.0,1,2019-01-04 08:05:11,113.980953166,22.6745651173,29.78173229155712,0.6912316148509222
BS08175D,73875.0,M2333,2.0,1,2019-01-04 08:05:17,113.981248487,22.6743753536,29.680902637231032,0.688891366671187
BS08175D,73875.0,M2333,2.0,1,2019-01-04 08:05:18,113.981160268,22.6744320403,29.69192980798996,0.6891473064189595
BS01605D,73875.0,M2333,2.0,1,2019-01-04 08:05:21,113.980565339,22.6748189438,29.766591065855767,0.6908801882183172
BS01605D,73875.0,M2333,2.0,1,2019-01-04 08:05:21,113.980552138,22.6748278875,29.768270753788567,0.6909191736403494
BS08175D,73875.0,M2333,2.0,1,2019-01-04 08:05:28,113.980671231,22.6747471983,29.75311719597757,0.6905674607804697
BS01605D,73875.0,M2333,2.0,1,2019-01-04 08:05:31,113.98050782,22.6748579149,29.773909873788615,0.6910500571626984
BS08175D,73875.0,M2333,2.0,1,2019-01-04 08:05:38,113.98059874,22.6747963133,29.76234105814641,0.6907815458806821
BS01605D,80935.0,M2333,2.0,1,2019-01-04 08:05:41,113.979956943,22.6752424853,29.84475411942198,0.692694346414668
BS08175D,80935.0,M2333,2.0,1,2019-01-04 08:05:43,113.980221773,22.6750556096,29.81056419465219,0.6919008010063993
BS08175D,80935.0,M2333,2.0,1,2019-01-04 08:05:48,113.979760431,22.6753811529,29.870124081511893,0.693283181197428
BS01605D,80935.0,M2333,2.0,1,2019-01-04 08:05:51,113.979025864,22.6758994955,29.9836936698077,0.6959191222215141
BS08175D,80935.0,M2333,2.0,1,2019-01-04 08:05:58,113.978684593,22.6761577836,30.010220080258726,0.6965347980778664
BS01605D,80935.0,M2333,2.0,1,2019-01-04 08:06:01,113.978155031,22.6766148494,30.084568452470712,0.6982604178263254
BS08175D,80935.0,M2333,2.0,1,2019-01-04 08:06:08,113.978021864,22.6767297855,30.10325743784916,0.6986941876761313
BS01605D,80935.0,M2333,2.0,1,2019-01-04 08:06:11,113.977675795,22.6770284779,30.152385660481016,0.6998344497781516
BS08175D,80935.0,M2333,2.0,1,2019-01-04 08:06:18,113.977534347,22.6771308405,30.17026005037828,0.7002493129322558
BS01605D,80935.0,M2333,2.0,1,2019-01-04 08:06:21,113.977229855,22.6773505859,30.2098996241678,0.7011693442566357
BS08175D,7783.0,M2333,2.0,1,2019-01-04 08:06:28,113.97706747,22.6774901923,30.232678762419752,0.701698046226174
BS01605D,7783.0,M2333,2.0,1,2019-01-04 08:06:31,113.976841434,22.6776971774,30.265312382766712,0.7024554699337686
BS08175D,7783.0,M2333,2.0,1,2019-01-04 08:06:38,113.976527644,22.6779845194,30.381746093500603,0.705157887009638
BS01605D,7783.0,M2333,2.0,1,2019-01-04 08:06:41,113.976163566,22.67832064,30.363391909692204,0.7047318878773865
BS08175D,7783.0,M2333,2.0,1,2019-01-04 08:06:48,113.975822246,22.6786721295,30.415808452359084,0.7059484716233495
BS01605D,25057.0,M2333,2.0,1,2019-01-04 08:06:51,113.975373683,22.6791394805,30.48511745394534,0.7075571279842743
BS08175D,25057.0,M2333,2.0,1,2019-01-04 08:06:58,113.975009979,22.6795297917,30.550085944549476,0.7090650414338707
BS01605D,69225.0,M2333,2.0,1,2019-01-04 08:07:01,113.974515601,22.6801182674,30.62492260359298,0.7108019942804773
BS01605D,69225.0,M2333,2.0,1,2019-01-04 08:07:03,113.974256814,22.6804302786,30.66852372593005,0.7118139728285119
BS08175D,69225.0,M2333,2.0,1,2019-01-04 08:07:07,113.974338596,22.6803316763,30.65474484912705,0.7114941662044334
BS08175D,69225.0,M2333,2.0,1,2019-01-04 08:07:08,113.974288074,22.6803925896,30.663256975739365,0.711691731979535
BS01605D,27482.0,M2333,2.0,1,2019-01-04 08:07:11,113.973997607,22.6807421941,30.71214276714986,0.7128263672723759
BS08175D,27482.0,M2333,2.0,1,2019-01-04 08:07:18,113.974010922,22.680726187,30.709903490224328,0.7127743938347605
BS01605D,27482.0,M2333,2.0,1,2019-01-04 08:07:21,113.9739342,22.6808184223,30.722806472973428,0.7130738710281869
BS01605D,27482.0,M2333,2.0,1,2019-01-04 08:07:31,113.97392767,22.6808262724,30.72390465359094,0.7130993597121295
BS08175D,27482.0,M2333,2.0,1,2019-01-04 08:07:38,113.973842268,22.680928943,30.73826743759916,0.71343271877555
BS01605D,7797.0,M2333,2.0,1,2019-01-04 08:07:39,113.97360894,22.6812459146,30.78090194181624,0.7144222621946444
BS01605D,7797.0,M2333,2.0,1,2019-01-04 08:07:41,113.973563125,22.6813241458,30.790761865605518,0.7146511102339876
BS08175D,7797.0,M2333,2.0,1,2019-01-04 08:07:43,113.973545149,22.6813548401,30.79463045825016,0.7147408999586008
BS08175D,7797.0,M2333,2.0,1,2019-01-04 08:07:48,113.973335864,22.6817122002,30.83967067265069,0.7157862797178612
BS01605D,7797.0,M2333,2.0,1,2019-01-04 08:07:51,113.972974384,22.6823294355,30.94896445307989,0.7183229795847342
BS08175D,7797.0,M2333,2.0,1,2019-01-04 08:07:58,113.97265517,22.6827997136,30.979056368235188,0.7190214105189432
BS01605D,7797.0,M2333,2.0,1,2019-01-04 08:08:01,113.971893177,22.6835421983,31.09371857347721,0.7216827110946078
BS08175D,7797.0,M2333,2.0,1,2019-01-04 08:08:08,113.971401384,22.683800065,31.151852590888858,0.7230319969702523
BS08175D,7797.0,M2333,2.0,1,2019-01-04 08:08:09,113.971270953,22.6838527813,31.16647181372265,0.723371307958221
BS08175D,7797.0,M2333,2.0,1,2019-01-04 08:08:10,113.971112744,22.6839083339,31.18386645670423,0.7237750362249384
BS01605D,7797.0,M2333,2.0,1,2019-01-04 08:08:11,113.970562074,22.6840207176,31.24196409932583,0.725123477844627
BS08175D,7797.0,M2333,2.0,1,2019-01-04 08:08:11,113.970955701,22.6839533004,31.200771765896324,0.7241674070936981
BS08175D,7797.0,M2333,2.0,1,2019-01-04 08:08:12,113.970796783,22.6839895181,31.21758743094547,0.7245576973290988
BS08175D,7797.0,M2333,2.0,1,2019-01-04 08:08:13,113.970624726,22.6840129735,31.235469138534267,0.7249727303262358
BS08175D,7797.0,M2333,2.0,1,2019-01-04 08:08:14,113.970464366,22.684032795,31.252093221629227,0.7253585739598649
BS08175D,7797.0,M2333,2.0,1,2019-01-04 08:08:15,113.97030347,22.6840518385,31.26876083810568,0.7257454279997826
BS08175D,7797.0,M2333,2.0,1,2019-01-04 08:08:16,113.970143439,22.684070594,31.285336199903483,0.7261301408160173
BS08175D,7797.0,M2333,2.0,1,2019-01-04 08:08:17,113.969983849,22.6840892977,31.30186588090005,0.7265137933845238
BS08175D,7797.0,M2333,2.0,1,2019-01-04 08:08:18,113.969816215,22.6841002662,31.31911541177724,0.7269141536109516
BS01605D,7797.0,M2333,2.0,1,2019-01-04 08:08:21,113.969069999,22.6841392095,31.3959434193961,0.7286973254980759
BS08175D,7797.0,M2333,2.0,1,2019-01-04 08:08:28,113.968462836,22.6841713845,31.45843732108504,0.7301478039376738
BS01605D,7797.0,M2333,2.0,1,2019-01-04 08:08:31,113.967802652,22.6842170917,31.526466051678195,0.7317267453116615
BS08175D,7797.0,M2333,2.0,1,2019-01-04 08:08:38,113.967401232,22.6842448836,31.567830407161427,0.7326868086806431
BS01605D,7797.0,M2333,2.0,1,2019-01-04 08:08:39,113.966993457,22.6842734799,31.609852613276555,0.733662140709962
BS01605D,7797.0,M2333,2.0,1,2019-01-04 08:08:41,113.96688682,22.6842815165,31.62084644637757,0.7339173066933716
BS08175D,7797.0,M2333,2.0,1,2019-01-04 08:08:41,113.967035358,22.684270322,31.60553280112944,0.733561878216932
BS08175D,7797.0,M2333,2.0,1,2019-01-04 08:08:48,113.966454225,22.6843141187,31.6654463541598,0.7349524669713804
BS01605D,7797.0,M2333,2.0,1,2019-01-04 08:08:51,113.966165252,22.684335897,31.69523881845639,0.7356439476752064
BS08175D,7797.0,M2333,2.0,1,2019-01-04 08:08:58,113.966210177,22.6843325113,31.69060715306857,0.7355364470935031
BS01605D,7797.0,M2333,2.0,1,2019-01-04 08:09:01,113.966037715,22.6843455088,31.70838759427085,0.7359491297059413
BS01605D,7797.0,M2333,2.0,1,2019-01-04 08:09:03,113.965894718,22.6843562856,31.89745155444849,0.7403372890387936
BS08175D,7797.0,M2333,2.0,1,2019-01-04 08:09:06,113.965916169,22.684354669,31.72091870990628,0.7362399758935225
BS08175D,7797.0,M2333,2.0,1,2019-01-04 08:09:08,113.965847321,22.6843598577,31.89256503140742,0.7402238732314247
BS08175D,7797.0,M2333,2.0,1,2019-01-04 08:09:28,113.964168024,22.6845293312,31.90168367752136,0.7404355162754521
BS01605D,7797.0,M2333,2.0,1,2019-01-04 08:09:31,113.962926805,22.6847809863,32.03248573601782,0.7434714215490337
BS08175D,7797.0,M2333,2.0,1,2019-01-04 08:09:38,113.96281174,22.6848402632,32.04603843413258,0.7437859785839215
BS01605D,7797.0,M2333,2.0,1,2019-01-04 08:09:41,113.961669547,22.6855651455,32.18824968851934,0.747086690377896
BS08175D,7797.0,M2333,2.0,1,2019-01-04 08:09:48,113.961769758,22.6854995399,32.17564232275604,0.7467940744309702
BS01605D,7797.0,M2333,2.0,1,2019-01-04 08:09:51,113.960698781,22.6862006487,32.31032997464949,0.7499201640152616
BS08175D,7797.0,M2333,2.0,1,2019-01-04 08:09:58,113.960680338,22.686212673,32.31264616167576,0.7499739225301387
BS01605D,7797.0,M2333,2.0,1,2019-01-04 08:10:01,113.960272209,22.686478763,32.36390162555115,0.7511635577305923
BS08175D,33478.0,M2333,2.0,1,2019-01-04 08:10:08,113.9598637,22.6867451,32.41520469871572,0.7523542979388244
BS01605D,33478.0,M2333,2.0,1,2019-01-04 08:10:11,113.959770666,22.6867898714,32.425973823882345,0.752604248469122
BS08175D,33487.0,M2333,2.0,1,2019-01-04 08:10:18,113.95955822,22.6868911865,32.45051865800265,0.7531739320979698
BS01605D,33487.0,M2333,2.0,1,2019-01-04 08:10:21,113.9594575,22.6869392,32.46215426994168,0.7534439937166713
BS08175D,85732.0,M2333,2.0,1,2019-01-04 08:10:28,113.9593601,22.6869591,32.47240258341367,0.7536818562493606
BS01605D,85732.0,M2333,2.0,1,2019-01-04 08:10:31,113.9593601,22.6869591,32.47240258341367,0.7536818562493606
BS08175D,26864.0,M2333,2.0,1,2019-01-04 08:10:38,113.9589576,22.6869883,32.514057147541344,0.7546486553376743
BS01605D,26864.0,M2333,2.0,1,2019-01-04 08:10:41,113.9589576,22.6869883,32.514057147541344,0.7546486553376743
BS08175D,33476.0,M2333,2.0,1,2019-01-04 08:10:48,113.958783528,22.6869795017,32.531970850839315,0.7550644309526519
BS01605D,33476.0,M2333,2.0,1,2019-01-04 08:10:51,113.958565692,22.6869526491,32.55457340422424,0.7555890344016071
BS08175D,33476.0,M2333,2.0,1,2019-01-04 08:10:58,113.958527205,22.6869472661,32.55857236609167,0.7556818499854117
BS01605D,33476.0,M2333,2.0,1,2019-01-04 08:11:01,113.958222767,22.686889679,32.5904635224782,0.7564220411641087
BS08175D,33476.0,M2333,2.0,1,2019-01-04 08:11:08,113.958095161,22.6868655411,32.60388352035677,0.7567335182371709
BS01605D,33476.0,M2333,2.0,1,2019-01-04 08:11:11,113.957864832,22.6868219722,32.628038325385525,0.7572941493221254
BS08175D,33476.0,M2333,2.0,1,2019-01-04 08:11:18,113.957775694,22.6868051111,32.637386303641755,0.7575111151467586
BS01605D,33476.0,M2333,2.0,1,2019-01-04 08:11:20,113.957586476,22.6867693188,32.65722976823014,0.7579716803663161
BS01605D,33476.0,M2333,2.0,1,2019-01-04 08:11:21,113.957549299,22.6867622863,32.66112855772897,0.75806217095749
BS08175D,33476.0,M2333,2.0,1,2019-01-04 08:11:23,113.957605286,22.6867728768,32.65525714793163,0.7579258960076
BS08175D,33476.0,M2333,2.0,1,2019-01-04 08:11:28,113.957443288,22.6867422335,32.67224602775585,0.75832020654402
BS01605D,33476.0,M2333,2.0,1,2019-01-04 08:11:31,113.957350001,22.6867245219,32.682030584152024,0.7585473053122218
BS08175D,33476.0,M2333,2.0,1,2019-01-04 08:11:38,113.957428208,22.686739381,32.68544886401685,0.7586266433133778
BS08175D,33476.0,M2333,2.0,1,2019-01-04 08:11:48,113.957310152,22.6867168695,32.68621214054443,0.7586443589002877
BS01605D,33476.0,M2333,2.0,1,2019-01-04 08:11:51,113.957033251,22.6866636956,32.71526874693151,0.7593187604011272
BS08175D,33476.0,M2333,2.0,1,2019-01-04 08:11:58,113.956918288,22.686641619,32.72733239259953,0.7595987566483052
BS01605D,33476.0,M2333,2.0,1,2019-01-04 08:12:01,113.956831758,22.6866250024,32.736412422992224,0.7598095034245436
BS08175D,33476.0,M2333,2.0,1,2019-01-04 08:12:08,113.95682228,22.6866231824,32.737406995563134,0.7598325873740448
BS08175D,33476.0,M2333,2.0,1,2019-01-04 08:12:18,113.956743754,22.6866081028,32.830676877768646,0.7619973738499526
BS01605D,33476.0,M2333,2.0,1,2019-01-04 08:12:21,113.956635977,22.686587406,32.81936728768022,0.7617348791722223
BS01605D,33476.0,M2333,2.0,1,2019-01-04 08:12:24,113.956454498,22.6865525562,32.80032377305955,0.761292880727175
BS08175D,33476.0,M2333,2.0,1,2019-01-04 08:12:26,113.956450079,22.6865517075,32.79986006238566,0.7612821180396725
BS08175D,33476.0,M2333,2.0,1,2019-01-04 08:12:28,113.956333295,22.6865297931,32.788710014984915,0.761023326334911
BS01605D,85739.0,M2333,2.0,1,2019-01-04 08:12:31,113.955823536,22.6865404323,32.841291841115606,0.7622437462967959
BS08175D,85739.0,M2333,2.0,1,2019-01-04 08:12:38,113.955543446,22.6866041074,32.87097945285692,0.7629327933812341
BS01605D,85739.0,M2333,2.0,1,2019-01-04 08:12:41,113.95497648,22.6869409476,32.94077139453234,0.7645526587428457
BS08175D,85739.0,M2333,2.0,1,2019-01-04 08:12:48,113.954810275,22.6871028418,32.9655685477402,0.7651281986774529
BS01605D,85739.0,M2333,2.0,1,2019-01-04 08:12:51,113.954247289,22.6877056605,33.05390277609055,0.7671784290237426
BS08175D,85739.0,M2333,2.0,1,2019-01-04 08:12:58,113.954177251,22.6877808651,33.064909678097685,0.7674338983354136
BS01605D,85739.0,M2333,2.0,1,2019-01-04 08:13:01,113.953643485,22.6883540106,33.2757745545291,0.772328055183783
BS08175D,85739.0,M2333,2.0,1,2019-01-04 08:13:08,113.953626268,22.688372498,33.27306876334295,0.7722652539876422
BS01605D,85739.0,M2333,2.0,1,2019-01-04 08:13:11,113.953275979,22.6887486298,33.21801838768941,0.7709875391895702
BS08175D,85739.0,M2333,2.0,1,2019-01-04 08:13:18,113.953224905,22.6888005125,33.2143424082955,0.7709022200030388
BS01605D,85739.0,M2333,2.0,1,2019-01-04 08:13:21,113.952998934,22.6889813083,33.24503634672337,0.7716146238490583
BS08175D,85739.0,M2333,2.0,1,2019-01-04 08:13:28,113.953010401,22.6889730736,33.24354638958248,0.77158004206347
BS01605D,85739.0,M2333,2.0,1,2019-01-04 08:13:31,113.952769165,22.689122916,33.27340442410868,0.7722730446470596
BS08175D,85739.0,M2333,2.0,1,2019-01-04 08:13:38,113.952805983,22.6891013887,33.26893271413838,0.7721692566177516
BS01605D,85739.0,M2333,2.0,1,2019-01-04 08:14:01,113.952362365,22.6892886915,33.31917481126258,0.7733353716572888
BS08175D,85739.0,M2333,2.0,1,2019-01-04 08:14:08,113.952533017,22.6892272157,33.30035616395714,0.77289859236457
BS08175D,85739.0,M2333,2.0,1,2019-01-04 08:14:18,113.952505197,22.6892379932,33.303453969181604,0.7729704921750591
BS01605D,79612.0,M2333,2.0,1,2019-01-04 08:14:21,113.952079176,22.689365681,33.349560257708625,0.7740406154291839
BS08175D,85739.0,M2333,2.0,1,2019-01-04 08:14:28,113.952219062,22.6893351872,33.34068776446051,0.773834685573405
BS01605D,79612.0,M2333,2.0,1,2019-01-04 08:14:31,113.951673673,22.6894108572,33.391622216052085,0.7750168701045301
BS08175D,79612.0,M2333,2.0,1,2019-01-04 08:14:38,113.951852184,22.6893993215,33.37321617853316,0.7745896674518213
BS01605D,79583.0,M2333,2.0,1,2019-01-04 08:14:41,113.9510068,22.6893484,33.46070334063084,0.7766202374584106
BS01605D,79464.0,M2333,2.0,1,2019-01-04 08:14:42,113.950792683,22.6892978451,33.48343281628766,0.7771477867631041
BS08175D,79612.0,M2333,2.0,1,2019-01-04 08:14:48,113.951318019,22.6893955242,33.428227453913244,0.7758664747356867
BS01605D,79464.0,M2333,2.0,1,2019-01-04 08:14:51,113.950335364,22.6891119164,33.534878468162056,0.7783418362117414
BS08175D,79583.0,M2333,2.0,1,2019-01-04 08:14:58,113.9510068,22.6893484,33.46070334063084,0.7766202374584106
BS01605D,79464.0,M2333,2.0,1,2019-01-04 08:15:01,113.950218736,22.6890479328,33.54881867052619,0.7786653871891384
BS08175D,79464.0,M2333,2.0,1,2019-01-04 08:15:08,113.950289787,22.6890889625,33.54020712802258,0.7784655139791836
BS01605D,79464.0,M2333,2.0,1,2019-01-04 08:15:11,113.949945996,22.6888555041,33.58406179385323,0.7794833772513433
BS01605D,79464.0,M2333,2.0,1,2019-01-04 08:15:16,113.949672561,22.6886084419,33.62332423139892,0.78039465527379
BS08175D,79464.0,M2333,2.0,1,2019-01-04 08:15:18,113.95027455,22.689081289,33.54611566856212,0.7786026507306181
BS01605D,79464.0,M2333,2.0,1,2019-01-04 08:15:21,113.949459824,22.688369346,33.657654231401644,0.7811914518169664
BS08175D,79464.0,M2333,2.0,1,2019-01-04 08:15:28,113.950106017,22.6889756691,33.562896831899515,0.7789921401840598
BS01605D,79464.0,M2333,2.0,1,2019-01-04 08:15:31,113.949086579,22.6879115959,33.72125372246695,0.7826675908972048
BS08175D,79464.0,M2333,2.0,1,2019-01-04 08:15:37,113.949699106,22.6886359927,33.61923173297702,0.7802996687140679
BS08175D,79464.0,M2333,2.0,1,2019-01-04 08:15:38,113.949642085,22.6885768119,33.628022719115265,0.7805037067963722
BS01605D,79686.0,M2333,2.0,1,2019-01-04 08:15:41,113.948883571,22.6876626164,33.75582782570345,0.7834700530568344
BS08175D,85741.0,M2333,2.0,1,2019-01-04 08:20:08,113.945303197,22.6839637527,34.31339929313202,0.7964112420398107
BS01605D,85741.0,M2333,2.0,1,2019-01-04 08:20:11,113.945177814,22.6839231816,34.32704447918371,0.7967279457122873
BS08175D,85741.0,M2333,2.0,1,2019-01-04 08:20:18,113.945052799,22.6838883935,34.340473771982346,0.7970396385196978
BS01605D,85741.0,M2333,2.0,1,2019-01-04 08:20:21,113.944860741,22.6838462812,34.360753099879446,0.7975103200916486
BS08175D,85741.0,M2333,2.0,1,2019-01-04 08:20:28,113.944580089,22.6838141999,34.40252386695035,0.7984798162409429
BS01605D,30099.0,M2333,2.0,1,2019-01-04 08:20:31,113.944100692,22.683785675,34.43923129290706,0.799331792649591
BS08175D,30099.0,M2333,2.0,1,2019-01-04 08:20:38,113.943818966,22.6837728489,34.46821621784336,0.8000045304297143
BS01605D,30099.0,M2333,2.0,1,2019-01-04 08:20:41,113.943261783,22.6837475562,34.5255407013122,0.8013350270875564
BS08175D,30099.0,M2333,2.0,1,2019-01-04 08:20:48,113.942947201,22.6837332761,34.55790574798177,0.8020862172216667
BS01605D,30099.0,M2333,2.0,1,2019-01-04 08:20:51,113.942378506,22.6837074608,34.616414644729765,0.803444204016603
BS08175D,30099.0,M2333,2.0,1,2019-01-04 08:20:58,113.942067305,22.6836933342,34.64843185473317,0.8041873208896247
BS01605D,30099.0,M2333,2.0,1,2019-01-04 08:21:01,113.941839057,22.6836829731,34.671914635590014,0.8047323543475163
BS08175D,30099.0,M2333,2.0,1,2019-01-04 08:21:08,113.941655992,22.6836746631,34.690748866307594,0.8051694953299795
BS01605D,30099.0,M2333,2.0,1,2019-01-04 08:21:11,113.94136935,22.6836616513,34.720239386245176,0.8058539679294806
BS08175D,28853.0,M2333,2.0,1,2019-01-04 08:21:18,113.941211732,22.6836499018,34.736499296408525,0.8062313591386122
BS01605D,28853.0,M2333,2.0,1,2019-01-04 08:21:21,113.940827037,22.6836003366,34.776416441915906,0.8071578328802732
BS08175D,28969.0,M2333,2.0,1,2019-01-04 08:21:28,113.940555644,22.6835595744,34.80466772554628,0.8078135429046015
BS01605D,28969.0,M2333,2.0,1,2019-01-04 08:21:31,113.939974878,22.6834696484,34.865173039649434,0.8092178663860278
BS08175D,28969.0,M2333,2.0,1,2019-01-04 08:21:38,113.939572693,22.6834057108,34.90710371454872,0.8101910739831775
BS01605D,56182.0,M2333,2.0,1,2019-01-04 08:21:41,113.939200583,22.6833465401,34.9458991387785,0.8110915126640658
BS01605D,56182.0,M2333,2.0,1,2019-01-04 08:21:42,113.939142874,22.6833373632,34.95191576877495,0.8112311581631151
BS08175D,56182.0,M2333,2.0,1,2019-01-04 08:21:48,113.93915366,22.6833390784,34.950791240867176,0.8112050579606813
BS01605D,56182.0,M2333,2.0,1,2019-01-04 08:21:51,113.939005132,22.6833154593,34.96627649035991,0.8115644693578574
BS08175D,56182.0,M2333,2.0,1,2019-01-04 08:21:52,113.939130745,22.6833354344,34.95318031598317,0.8112605082022677
BS08175D,56182.0,M2333,2.0,1,2019-01-04 08:21:58,113.938906029,22.6832997,34.97660878056963,0.8118042809838855
BS01605D,56182.0,M2333,2.0,1,2019-01-04 08:22:01,113.938555495,22.6832439579,35.01315480495741,0.8126525112750801
BS08175D,56381.0,M2333,2.0,1,2019-01-04 08:22:08,113.938457487,22.6832283682,35.023373022365035,0.8128896752805324
BS01605D,56381.0,M2333,2.0,1,2019-01-04 08:22:11,113.938359655,22.6832128065,35.033572891217965,0.8131264134175035
BS08175D,56381.0,M2333,2.0,1,2019-01-04 08:22:18,113.938441125,22.6832257656,35.0250789078719,0.8129292687461548
BS01605D,56381.0,M2333,2.0,1,2019-01-04 08:22:31,113.938138536,22.6831776337,35.05662655373967,0.813661487073297
BS08175D,56381.0,M2333,2.0,1,2019-01-04 08:22:38,113.938259283,22.6831968405,35.04403758427337,0.8133692981029473
BS01605D,56381.0,M2333,2.0,1,2019-01-04 08:22:41,113.938113846,22.6831737062,35.05920071307579,0.8137212331047693
BS01605D,56381.0,M2333,2.0,1,2019-01-04 08:22:50,113.937942195,22.6831464022,35.13097696522698,0.8153871541531724
BS08175D,56381.0,M2333,2.0,1,2019-01-04 08:22:55,113.937984171,22.6831530792,35.135353345422494,0.8154887295860631
BS08175D,56381.0,M2333,2.0,1,2019-01-04 08:22:58,113.937962735,22.6831496695,35.13311844843146,0.8154368578063756
BS01605D,56381.0,M2333,2.0,1,2019-01-04 08:23:01,113.937852014,22.6831320573,35.12157477284242,0.8151689300229744
BS08175D,56381.0,M2333,2.0,1,2019-01-04 08:23:28,113.937776159,22.6831199913,35.113666197733735,0.8149853726298036
BS01605D,56381.0,M2333,2.0,1,2019-01-04 08:23:31,113.937414888,22.6830809072,35.13180212093153,0.8154063059508105
BS08175D,56381.0,M2333,2.0,1,2019-01-04 08:23:38,113.937255891,22.6830716172,35.148173374140015,0.8157862814230782
BS01605D,56381.0,M2333,2.0,1,2019-01-04 08:23:41,113.936971973,22.6830614664,35.17737827174841,0.816464124751256
BS08175D,85730.0,M2333,2.0,1,2019-01-04 08:23:48,113.9368519,22.6830596,35.18971874385719,0.8167505461178933
BS01605D,85730.0,M2333,2.0,1,2019-01-04 08:23:51,113.936441952,22.6831043128,35.23213512605977,0.8177350269425474
BS08175D,56457.0,M2333,2.0,1,2019-01-04 08:36:03,113.9247745,22.6938128,37.54092775284121,0.8713219184014593
BS45016D,39478.0,M2333,2.0,1,2019-01-04 08:36:05,114.100100827,22.6285986514,13.957085480124844,0.323942833163337
BS08175D,56457.0,M2333,2.0,1,2019-01-04 08:36:08,113.9247745,22.6938128,37.54092775284121,0.8713219184014593
BS01605D,56457.0,M2333,2.0,1,2019-01-04 08:36:11,113.9248258,22.6939447,37.55645635368249,0.8716823359799537
BS01605D,56454.0,M2333,2.0,1,2019-01-04 08:36:11,113.925163976,22.6949178718,37.669703979239415,0.8743108042747257
BS45016D,36243.0,M2333,2.0,1,2019-01-04 08:36:15,114.099735575,22.6288299768,14.004347282113343,0.3250397757921088
BS08175D,56454.0,M2333,2.0,1,2019-01-04 08:36:18,113.925003487,22.6944380588,37.630745971892026,0.8734065920527341
BS01605D,56454.0,M2333,2.0,1,2019-01-04 08:36:21,113.925396751,22.6959108423,37.7823422020213,0.8769251283800273
BS01605D,56454.0,M2333,2.0,1,2019-01-04 08:36:23,113.925420969,22.6961169362,37.80530105877617,0.8774580016015862
BS45016D,36207.0,M2333,2.0,1,2019-01-04 08:36:25,114.099443916,22.6291555789,14.05124195397619,0.3261281973601466
BS08175D,56454.0,M2333,2.0,1,2019-01-04 08:36:28,113.925327219,22.6955320292,37.73977737135437,0.8759372020784367
BS48818D,36207.0,M2333,2.0,1,2019-01-04 08:36:29,114.099082883,22.629534714,14.10727954161797,0.3274288252691872
BS01605D,56454.0,M2333,2.0,1,2019-01-04 08:36:31,113.925454723,22.6966167354,37.86077250471828,0.8787454894072416
BS48818D,36228.0,M2333,2.0,1,2019-01-04 08:36:33,114.098938833,22.6296899365,14.129968149654546,0.3279554260396968
BS45016D,36207.0,M2333,2.0,1,2019-01-04 08:36:35,114.099281996,22.6293256181,14.076374355496108,0.3267115183811544
BS08175D,56454.0,M2333,2.0,1,2019-01-04 08:36:38,113.925429562,22.6962077299,37.82652639297864,0.8779506399039148
BS48818D,36228.0,M2333,2.0,1,2019-01-04 08:36:43,114.098880341,22.6297533183,14.139210437540022,0.3281699387993124
BS45016D,36207.0,M2333,2.0,1,2019-01-04 08:36:45,114.099135904,22.6294790345,14.099049909784648,0.3272378161752203
BS08175D,56454.0,M2333,2.0,1,2019-01-04 08:36:48,113.925435712,22.6962727206,37.8226189713263,0.8778599489611514
BS45016D,36207.0,M2333,2.0,1,2019-01-04 08:36:48,114.099094902,22.6295220922,14.105414004424244,0.3273855263007337
BS48818D,36228.0,M2333,2.0,1,2019-01-04 08:36:53,114.09874303,22.629902108,14.160906848101709,0.3286735107461085
BS45016D,36228.0,M2333,2.0,1,2019-01-04 08:36:55,114.099007489,22.6296155417,14.119119909462906,0.3277036392560219
BS08175D,56454.0,M2333,2.0,1,2019-01-04 08:37:18,113.925426428,22.6975613166,37.96545414383543,0.8811751418446422
BS01605D,56454.0,M2333,2.0,1,2019-01-04 08:37:21,113.925356897,22.6987262856,38.09466373201339,0.8841740860100153
BS48818D,36228.0,M2333,2.0,1,2019-01-04 08:37:23,114.098703913,22.629944494,14.16708760749435,0.328816965675263
BS45016D,36228.0,M2333,2.0,1,2019-01-04 08:37:25,114.098937883,22.6296909665,14.130118307587756,0.3279589111932681
BS08175D,56454.0,M2333,2.0,1,2019-01-04 08:37:28,113.925352337,22.698802677,38.10313626689349,0.8843707328641917
BS01605D,56632.0,M2333,2.0,1,2019-01-04 08:37:31,113.92527,22.7004576,38.28661595612734,0.8886292817168859
BS48818D,36228.0,M2333,2.0,1,2019-01-04 08:37:33,114.098620635,22.6300347343,14.18024634420056,0.3291223788974955
BS45016D,36228.0,M2333,2.0,1,2019-01-04 08:37:35,114.098840931,22.6297960222,14.145437530568094,0.3283144691284242
BS08175D,56632.0,M2333,2.0,1,2019-01-04 08:37:38,113.92527,22.7004576,38.28661595612734,0.8886292817168859
BS01605D,56439.0,M2333,2.0,1,2019-01-04 08:37:39,113.925259167,22.7010421877,38.351366607523225,0.8901321391359527
BS01605D,56439.0,M2333,2.0,1,2019-01-04 08:37:41,113.925259148,22.7011661665,38.36509588971235,0.8904507946730258
BS08175D,56439.0,M2333,2.0,1,2019-01-04 08:37:45,113.925259166,22.7010460012,38.351788909172775,0.8901419407233256
BS08175D,56439.0,M2333,2.0,1,2019-01-04 08:37:48,113.92525913,22.7012844198,38.378191187359,0.8907547354797805
BS01605D,56439.0,M2333,2.0,1,2019-01-04 08:37:49,113.925258999,22.7021370116,38.61541646263792,0.8962607150685161
BS01605D,56439.0,M2333,2.0,1,2019-01-04 08:37:51,113.925258987,22.7022133055,38.60696768614796,0.8960646196446671
BS08175D,56439.0,M2333,2.0,1,2019-01-04 08:37:56,113.925259006,22.7020912282,38.62048651031465,0.8963783904679403
BS08175D,56439.0,M2333,2.0,1,2019-01-04 08:37:58,113.925258987,22.702215207,38.60675711429148,0.8960597322887882
BS01605D,56439.0,M2333,2.0,1,2019-01-04 08:38:01,113.925258913,22.7026939597,38.553740101185525,0.8948292116721553
BS08175D,56439.0,M2333,2.0,1,2019-01-04 08:38:08,113.92525895,22.7024574391,38.57993236274904,0.8954371319596627
BS01605D,56439.0,M2333,2.0,1,2019-01-04 08:38:11,113.925258911,22.7027111259,38.55183911833161,0.8947850900127753
BS48818D,36228.0,M2333,2.0,1,2019-01-04 08:38:13,114.098544961,22.630116734,14.192203497454091,0.3293999034642851
BS45016D,36228.0,M2333,2.0,1,2019-01-04 08:38:15,114.098809784,22.6298297733,14.150359072706117,0.3284286977262209
BS48818D,36228.0,M2333,2.0,1,2019-01-04 08:38:23,114.098455321,22.6302138669,14.23892386584243,0.3304842794626771
BS45016D,36228.0,M2333,2.0,1,2019-01-04 08:38:25,114.098702012,22.6299465541,14.167387998421818,0.3288239377245665
BS01605D,56420.0,M2333,2.0,1,2019-01-04 08:38:41,113.925086644,22.7029552977,38.5811148333892,0.8954645770082619
BS08175D,56420.0,M2333,2.0,1,2019-01-04 08:38:48,113.925177997,22.7029556149,38.57172865838369,0.8952467246401452
BS01605D,54121.0,M2333,2.0,1,2019-01-04 08:38:51,113.925058409,22.7029170579,38.58823038472934,0.8956297283834489
BS08175D,54121.0,M2333,2.0,1,2019-01-04 08:38:58,113.925058432,22.7029265764,38.58717630455005,0.8956052632671359
BS01605D,54164.0,M2333,2.0,1,2019-01-04 08:39:01,113.9250573,22.7024612,38.63871216185649,0.8968014063766069
BS08175D,54164.0,M2333,2.0,1,2019-01-04 08:39:08,113.9250573,22.7024612,38.63871216185649,0.8968014063766069
BS01605D,54169.0,M2333,2.0,1,2019-01-04 08:39:11,113.925056631,22.7021751578,38.67038851241683,0.897536611929328
BS08175D,54164.0,M2333,2.0,1,2019-01-04 08:39:18,113.9250573,22.7024612,38.63871216185649,0.8968014063766069
BS01605D,54169.0,M2333,2.0,1,2019-01-04 08:39:21,113.925056582,22.7021542842,38.672700057601126,0.8975902627074258
BS08175D,54164.0,M2333,2.0,1,2019-01-04 08:39:28,113.9250573,22.7024612,38.63871216185649,0.8968014063766069
BS01605D,54169.0,M2333,2.0,1,2019-01-04 08:39:31,113.925054687,22.7013627442,38.760355304325714,0.8996247339447074
BS48818D,36228.0,M2333,2.0,1,2019-01-04 08:39:33,114.098293184,22.6303772692,14.23100007272669,0.3303003688607848
BS45016D,36228.0,M2333,2.0,1,2019-01-04 08:39:35,114.098564701,22.6300953438,14.189084396447743,0.3293275093804087
BS08175D,54169.0,M2333,2.0,1,2019-01-04 08:39:38,113.925054482,22.7012787099,38.86811144688955,0.902125745360206
BS01605D,54169.0,M2333,2.0,1,2019-01-04 08:39:41,113.925053549,22.7008955208,38.825677034097154,0.90114084604701
BS45016D,36228.0,M2333,2.0,1,2019-01-04 08:39:45,114.098541816,22.630120142,14.192700443691567,0.3294114375465494
BS48818D,36228.0,M2333,2.0,1,2019-01-04 08:39:53,114.098152122,22.6305007993,14.250935294218277,0.3307630637506971
BS45016D,75103.0,M2333,2.0,1,2019-01-04 08:52:09,114.0656181,22.630834,17.79242224998271,0.4129606915932021
BS48818D,75103.0,M2333,2.0,1,2019-01-04 08:52:13,114.065110763,22.6327759266,18.01374724120231,0.4180976268658008
BS45016D,75103.0,M2333,2.0,1,2019-01-04 08:52:40,114.065466593,22.6314675156,17.86428781331407,0.4146286855469249
BS48818D,75103.0,M2333,2.0,1,2019-01-04 08:52:43,114.065083792,22.6328741749,18.024974863799056,0.4183582190846317
BS48818D,68394.0,M2333,2.0,1,2019-01-04 08:52:49,114.064980113,22.6332164264,18.06436932213402,0.4192725612989956
BS45016D,75103.0,M2333,2.0,1,2019-01-04 08:52:50,114.065266813,22.6322342042,17.95164925342289,0.4166563375562487
BS48818D,68394.0,M2333,2.0,1,2019-01-04 08:52:53,114.064864819,22.6335496076,18.103122872557535,0.4201720280922032
BS45016D,68394.0,M2333,2.0,1,2019-01-04 08:53:00,114.064976458,22.633226551,18.06555178980144,0.4193000062785977
BS48818D,68394.0,M2333,2.0,1,2019-01-04 08:53:03,114.064684573,22.6340619624,18.162810134380734,0.4215573646459059
BS45016D,68394.0,M2333,2.0,1,2019-01-04 08:53:10,114.064758127,22.6338555178,18.13873075291157,0.4209984841357126
BS48818D,68394.0,M2333,2.0,1,2019-01-04 08:53:13,114.06466597,22.6341141765,18.168900295959183,0.4216987168070683
BS45016D,68394.0,M2333,2.0,1,2019-01-04 08:53:20,114.064747016,22.6338867024,18.14236808543737,0.4210829063315388
BS48818D,68394.0,M2333,2.0,1,2019-01-04 08:53:23,114.064651048,22.6341556891,18.17374653913704,0.4218111977220465
BS48818D,68394.0,M2333,2.0,1,2019-01-04 08:53:26,114.064590529,22.6343226732,18.19325662632401,0.4222640252788893
BS48818D,68394.0,M2333,2.0,1,2019-01-04 08:53:33,114.064359257,22.6349317313,18.264774917123237,0.423923959065029
BS45016D,68394.0,M2333,2.0,1,2019-01-04 08:53:40,114.064665367,22.634115869,18.16909770591066,0.4217032986761889
BS48818D,68486.0,M2333,2.0,1,2019-01-04 08:53:43,114.06399504,22.6358006698,18.36802881031699,0.4263204736342033
BS45016D,68394.0,M2333,2.0,1,2019-01-04 08:53:50,114.064594867,22.6343107023,18.19185798809719,0.4222315629979631
BS45016D,68394.0,M2333,2.0,1,2019-01-04 08:53:50,114.064616741,22.634250349,18.18480641236705,0.4220678964915466
BS48818D,6442.0,M2333,2.0,1,2019-01-04 08:53:53,114.063577001,22.6367944502,18.486171408178237,0.4290625538430654
BS45016D,68394.0,M2333,2.0,1,2019-01-04 08:54:00,114.064263556,22.6351623283,18.29214166061232,0.4245591389837114
BS48818D,6442.0,M2333,2.0,1,2019-01-04 08:54:03,114.063212968,22.6376600009,18.5890672730672,0.4314507586040372
BS45016D,68486.0,M2333,2.0,1,2019-01-04 08:54:10,114.06384799,22.6361501376,18.40957591591004,0.427284778618558
BS48818D,6442.0,M2333,2.0,1,2019-01-04 08:54:13,114.063016624,22.6381268493,18.644565637150368,0.4327388711775851
BS45016D,6442.0,M2333,2.0,1,2019-01-04 08:54:20,114.063398409,22.6372190841,18.53665148813796,0.4302341924451039
BS48818D,6442.0,M2333,2.0,1,2019-01-04 08:54:23,114.063007979,22.6381474033,18.64700909091185,0.4327955835431665
BS45016D,6442.0,M2333,2.0,1,2019-01-04 08:54:30,114.063085346,22.6379634477,18.62514067170193,0.432288019289458
BS48818D,6442.0,M2333,2.0,1,2019-01-04 08:54:33,114.062913107,22.6383729815,18.75286054464807,0.4352523872839329
BS45016D,6442.0,M2333,2.0,1,2019-01-04 08:54:40,114.062856469,22.6385076498,18.73685134630816,0.4348808150760898
BS48818D,68483.0,M2333,2.0,1,2019-01-04 08:54:43,114.0626897,22.6389028,18.73683139485344,0.434880352004428
BS45016D,68483.0,M2333,2.0,1,2019-01-04 08:54:50,114.0626465,22.6390046,18.74894771495055,0.4351615708208751
BS48818D,52153.0,M2333,2.0,1,2019-01-04 08:54:50,114.0624544,22.6389994,18.768702671394266,0.4356200817735026
BS45016D,52153.0,M2333,2.0,1,2019-01-04 08:54:53,114.0624544,22.6389994,18.768702671394266,0.4356200817735026
BS48818D,52152.0,M2333,2.0,1,2019-01-04 08:54:53,114.062125374,22.6389722654,18.80265751053629,0.4364081708632296
BS45016D,52152.0,M2333,2.0,1,2019-01-04 08:55:00,114.0620106,22.6389628,18.81450196470772,0.436683079693374
BS48818D,52206.0,M2333,2.0,1,2019-01-04 08:55:03,114.061728105,22.6389442092,18.84361340921684,0.4373587539826222
BS45016D,52206.0,M2333,2.0,1,2019-01-04 08:55:10,114.061659362,22.6389396852,18.850697457972185,0.437523174185346
BS48818D,52206.0,M2333,2.0,1,2019-01-04 08:55:13,114.061331713,22.6389181228,18.96094937882777,0.4400821124145715
BS45016D,52206.0,M2333,2.0,1,2019-01-04 08:55:20,114.06144566,22.6389256216,18.87271970577017,0.4380343087882302
BS45016D,52206.0,M2333,2.0,1,2019-01-04 08:55:30,114.061377167,22.6389211141,18.87977799229905,0.4381981310517465
BS48818D,52206.0,M2333,2.0,1,2019-01-04 08:55:30,114.061232708,22.6389116073,18.9507467930297,0.4398453112175217
BS45016D,52206.0,M2333,2.0,1,2019-01-04 08:55:33,114.061232208,22.6389115744,18.95069526745752,0.4398441153131292
BS48818D,52206.0,M2333,2.0,1,2019-01-04 08:55:33,114.061110415,22.6389035592,18.93814434964781,0.4395528095186732
BS48818D,52206.0,M2333,2.0,1,2019-01-04 08:55:43,114.061079904,22.6389015513,18.935000153848723,0.4394798329866725
BS45016D,52206.0,M2333,2.0,1,2019-01-04 08:55:50,114.061155244,22.6389065094,18.94276403310398,0.4396600320007051
BS48818D,52206.0,M2333,2.0,1,2019-01-04 08:55:53,114.060830051,22.6388732048,18.936315857814744,0.4395103703700656
BS05620D,7797.0,M2333,2.0,1,2019-01-04 08:56:00,113.967060408,22.6842684802,31.60295063656188,0.733501946384681
BS45016D,52206.0,M2333,2.0,1,2019-01-04 08:56:00,114.060510378,22.6388177977,18.96974968564557,0.4402863668290998
BS48818D,52206.0,M2333,2.0,1,2019-01-04 08:56:03,114.060250609,22.6387599278,18.99722726553783,0.440924119251799
BS05620D,7797.0,M2333,2.0,1,2019-01-04 08:56:05,113.966925895,22.6842785717,31.616817972966363,0.733823806149006
SZBDL497,80935.0,M2333,2.0,1,2019-01-04 08:56:08,113.977608874,22.677077056,30.16055792594949,0.7000241274033973
BS05620D,7797.0,M2333,2.0,1,2019-01-04 08:56:10,113.966917594,22.6842791973,31.617673772094232,0.7338436691780384
BS45016D,52206.0,M2333,2.0,1,2019-01-04 08:56:10,114.060379294,22.6387925635,18.98351094863015,0.4406057646378671
SZBDL497,80935.0,M2333,2.0,1,2019-01-04 08:56:18,113.977276969,22.6773165846,30.20376619287981,0.7010269878089898
BS45016D,52206.0,M2333,2.0,1,2019-01-04 08:56:20,114.060259406,22.6387622317,18.996287690396915,0.4409023117882314
BS48818D,52206.0,M2333,2.0,1,2019-01-04 08:56:23,114.060058901,22.6387097174,19.017702978764884,0.4413993589114871
SZBDL497,7783.0,M2333,2.0,1,2019-01-04 08:56:28,113.977002223,22.6775499399,30.242098689491225,0.7019166819770312
BS45016D,52206.0,M2333,2.0,1,2019-01-04 08:56:30,114.060097999,22.6387199576,19.013527046594657,0.4413024358611663
BS48818D,52206.0,M2333,2.0,1,2019-01-04 08:56:33,114.059943148,22.6386789198,19.030080939884204,0.4416866503950485
SZBDL497,7783.0,M2333,2.0,1,2019-01-04 08:56:38,113.976668838,22.6778552258,30.29023060478203,0.7030338198656746
BS45016D,52206.0,M2333,2.0,1,2019-01-04 08:56:40,114.059902317,22.6386677454,19.034456712496308,0.4417882117259769
BS48818D,52206.0,M2333,2.0,1,2019-01-04 08:56:43,114.059778555,22.6386338746,19.047720038002826,0.4420960524458656
SZBDL497,7783.0,M2333,2.0,1,2019-01-04 08:56:48,113.975983872,22.6784998832,30.39049778846872,0.705361013147039
BS45016D,52206.0,M2333,2.0,1,2019-01-04 08:56:50,114.059821627,22.6386456624,19.043104098095768,0.441988916851308
BS48818D,52206.0,M2333,2.0,1,2019-01-04 08:56:53,114.059651761,22.6385904442,19.061628439892843,0.4424188653368121
SZBDL497,25057.0,M2333,2.0,1,2019-01-04 08:56:58,113.975141577,22.6793787423,30.520769838016683,0.7083846169554886
BS45016D,52206.0,M2333,2.0,1,2019-01-04 08:57:00,114.059649865,22.6385897261,19.0618389352399,0.4424237509169134
BS48818D,52206.0,M2333,2.0,1,2019-01-04 08:57:03,114.059545084,22.6385500343,19.07347207622992,0.4426937551850868
SZBDL497,69225.0,M2333,2.0,1,2019-01-04 08:57:08,113.97434895,22.6803191933,30.653000422564915,0.7114536782040133
BS45016D,52206.0,M2333,2.0,1,2019-01-04 08:57:10,114.05957809,22.6385625374,19.06980763028201,0.442608703688911
BS48818D,52206.0,M2333,2.0,1,2019-01-04 08:57:13,114.059474926,22.6385234582,19.081261245494748,0.4428745411782105
SZBDL497,27482.0,M2333,2.0,1,2019-01-04 08:57:18,113.973878516,22.6808853663,30.73217137055049,0.713291229548898
SZBDL497,27482.0,M2333,2.0,1,2019-01-04 08:57:28,113.973856334,22.6809120329,30.73590184698533,0.713377813607373
BS45016D,52206.0,M2333,2.0,1,2019-01-04 08:57:50,114.059212898,22.6383977707,19.111620292720467,0.4435791722263218
BS48818D,52206.0,M2333,2.0,1,2019-01-04 08:57:53,114.059119775,22.6383497756,19.122569276545903,0.4438332972616468
SZBDL497,7797.0,M2333,2.0,1,2019-01-04 08:57:58,113.972013807,22.6834682598,31.08281207319134,0.7214295720988244
BS05620D,7797.0,M2333,2.0,1,2019-01-04 08:57:59,113.966866062,22.6842830809,31.622986513191496,0.7339669774722638
BS05620D,7797.0,M2333,2.0,1,2019-01-04 08:58:00,113.96682083,22.6842864898,31.627649755034764,0.7340752109409622
BS48818D,52206.0,M2333,2.0,1,2019-01-04 08:58:03,114.059013633,22.6382950709,19.135048962016377,0.4441229497592295
SZBDL497,7797.0,M2333,2.0,1,2019-01-04 08:58:08,113.970634118,22.6840118127,31.23449549708877,0.7249501321864744
BS05620D,7797.0,M2333,2.0,1,2019-01-04 08:58:10,113.96602341,22.6843465868,31.70986240647371,0.7359833599787342
BS45016D,52206.0,M2333,2.0,1,2019-01-04 08:58:10,114.05909237,22.6383356513,19.125791428911132,0.4439080831592874
BS48818D,52206.0,M2333,2.0,1,2019-01-04 08:58:13,114.0589783,22.6382755197,19.139280873286797,0.4442211720799702
SZBDL497,7797.0,M2333,2.0,1,2019-01-04 08:58:18,113.969180491,22.6841334432,31.38457137140752,0.7284333811774986
BS05620D,7797.0,M2333,2.0,1,2019-01-04 08:58:20,113.965458,22.6843891986,31.85242692971713,0.7392922711145024
BS48818D,52206.0,M2333,2.0,1,2019-01-04 08:58:23,114.058864605,22.638204527,19.153366138856853,0.4445480899627274
SZBDL497,7797.0,M2333,2.0,1,2019-01-04 08:58:28,113.967691577,22.6842247819,31.537911784926106,0.7319923998611904
BS05620D,7797.0,M2333,2.0,1,2019-01-04 08:58:30,113.964578966,22.6844704884,31.858956138910685,0.7394438135355536
BS45016D,52206.0,M2333,2.0,1,2019-01-04 08:58:30,114.058913312,22.6382349404,19.147331997323327,0.4444080380223088
BS48818D,52206.0,M2333,2.0,1,2019-01-04 08:58:33,114.058800127,22.6381642655,19.16135412385493,0.4447334904530539
SZBDL497,7797.0,M2333,2.0,1,2019-01-04 08:58:33,113.966953063,22.6842765241,31.61401706367207,0.7337587972692138
BS48818D,52206.0,M2333,2.0,1,2019-01-04 08:58:43,114.058717119,22.638112434,19.17163770334197,0.4449721715071202
BS45016D,52206.0,M2333,2.0,1,2019-01-04 08:58:50,114.058740789,22.6381272143,19.168705283599408,0.4449041102803848
BS48818D,52206.0,M2333,2.0,1,2019-01-04 08:58:53,114.058596555,22.6380354483,19.18668244272727,0.4453213587000782
BS45016D,52206.0,M2333,2.0,1,2019-01-04 08:59:00,114.058690369,22.6380957308,19.174951675558543,0.4450490885361368
BS48818D,52206.0,M2333,2.0,1,2019-01-04 08:59:03,114.058516131,22.637980715,19.19693338952805,0.4455592823521172
BS45016D,52206.0,M2333,2.0,1,2019-01-04 08:59:10,114.058574593,22.638020502,19.189481737955383,0.445386330117524
BS48818D,52206.0,M2333,2.0,1,2019-01-04 08:59:13,114.058473312,22.6379515741,19.202391157671475,0.4456859567124374
BS45016D,52206.0,M2333,2.0,1,2019-01-04 08:59:20,114.058479305,22.6379556525,19.201627294524048,0.445668227510128
BS48818D,52134.0,M2333,2.0,1,2019-01-04 08:59:23,114.058366727,22.6378801963,19.21590241673969,0.4459995519503826
BS45016D,52134.0,M2333,2.0,1,2019-01-04 08:59:30,114.058366727,22.6378801963,19.21590241673969,0.4459995519503826
BS48818D,52134.0,M2333,2.0,1,2019-01-04 08:59:33,114.058148561,22.6377418156,19.243064189369225,0.4466299745118751
BS45016D,52134.0,M2333,2.0,1,2019-01-04 08:59:40,114.058171784,22.637756546,19.240172897298088,0.4465628678550906
BS48818D,52134.0,M2333,2.0,1,2019-01-04 08:59:43,114.057968215,22.6376274235,19.2655173850902,0.4471511113814445
BS45016D,52134.0,M2333,2.0,1,2019-01-04 08:59:50,114.058041336,22.6376738035,19.256413776922592,0.4469398173669437
BS48818D,31028.0,M2333,2.0,1,2019-01-04 09:08:03,114.0460985,22.638442,20.58375360562072,0.4777472681983737
BS45016D,52285.0,M2333,2.0,1,2019-01-04 09:08:10,114.045002111,22.6386152096,20.698101287675332,0.4804012687161165
BS48818D,52280.0,M2333,2.0,1,2019-01-04 09:08:13,114.0456267,22.6385121,20.63289018884789,0.4788877243491398
BS45016D,52285.0,M2333,2.0,1,2019-01-04 09:08:20,114.043876885,22.638873103,20.87792721826043,0.48457501412399
BS48818D,52285.0,M2333,2.0,1,2019-01-04 09:08:23,114.044631308,22.6386864147,20.73701490788125,0.4813044507161191
BS45016D,52285.0,M2333,2.0,1,2019-01-04 09:08:24,114.043502981,22.6389831638,20.857765584467675,0.4841070642227497
BS45016D,52285.0,M2333,2.0,1,2019-01-04 09:08:30,114.043375563,22.6390397944,20.87228721549883,0.4844441101128164
BS48818D,52285.0,M2333,2.0,1,2019-01-04 09:08:33,114.043821223,22.6388868768,20.872005722257462,0.4844375766772897
BS45016D,53643.0,M2333,2.0,1,2019-01-04 09:08:40,114.043304066,22.6390715718,20.88043565069396,0.4846332346393314
BS48818D,52285.0,M2333,2.0,1,2019-01-04 09:08:43,114.043602137,22.6389410916,20.848698650747988,0.4838966214192402
BS48818D,52285.0,M2333,2.0,1,2019-01-04 09:08:45,114.04353696,22.6389680623,20.85389306804205,0.4840171834274953
BS45016D,53643.0,M2333,2.0,1,2019-01-04 09:08:50,114.042788735,22.6393006333,20.93916820855404,0.485996412590718
BS48818D,52285.0,M2333,2.0,1,2019-01-04 09:08:53,114.043411665,22.6390237491,20.86817273398304,0.4843486133272503
BS45016D,53643.0,M2333,2.0,1,2019-01-04 09:09:00,114.042618045,22.6393813966,20.95885729082224,0.4864533946090218
BS48818D,53643.0,M2333,2.0,1,2019-01-04 09:09:13,114.04303649,22.6391905076,20.91093143949329,0.485341039448385
BS45016D,53643.0,M2333,2.0,1,2019-01-04 09:09:18,114.042324913,22.6395520317,20.99445023495934,0.4872795039841357
BS45016D,53643.0,M2333,2.0,1,2019-01-04 09:09:20,114.042162336,22.6396466695,21.01417621409132,0.4877373423756848
BS48818D,53643.0,M2333,2.0,1,2019-01-04 09:09:23,114.042833331,22.6392808105,20.934085573875983,0.4858784450480036
BS45016D,35413.0,M2333,2.0,1,2019-01-04 09:09:30,114.041227577,22.6401908213,21.127594376140117,0.4903697688087381
BS45016D,35413.0,M2333,2.0,1,2019-01-04 09:09:32,114.040987078,22.640330839,21.156775993688377,0.4910470718085897
BS48818D,53643.0,M2333,2.0,1,2019-01-04 09:09:33,114.042776702,22.6393059821,20.940539625032653,0.4860282430570543
BS45016D,35413.0,M2333,2.0,1,2019-01-04 09:09:40,114.040812898,22.6404322466,21.177910632157293,0.4915376050702261
BS48818D,53643.0,M2333,2.0,1,2019-01-04 09:09:43,114.04250365,22.6394479872,20.972668705654023,0.4867739564381353
BS48818D,53643.0,M2333,2.0,1,2019-01-04 09:09:45,114.042374647,22.639523081,20.98826433091937,0.48713592964813
BS45016D,35413.0,M2333,2.0,1,2019-01-04 09:09:50,114.040558516,22.6405803476,21.20877678228255,0.4922540059359124
BS48818D,53643.0,M2333,2.0,1,2019-01-04 09:09:53,114.04167894,22.6399280585,21.0728280594823,0.4890986469971453
BS45016D,35413.0,M2333,2.0,1,2019-01-04 09:10:00,114.040118849,22.6408363207,21.281623635009115,0.493944775537695
BS48818D,35413.0,M2333,2.0,1,2019-01-04 09:10:02,114.040971536,22.640339888,21.15866185436784,0.4910908424835151
BS48818D,35413.0,M2333,2.0,1,2019-01-04 09:10:03,114.04091838,22.6403708351,21.165111674492653,0.4912405422906561
BS48818D,35413.0,M2333,2.0,1,2019-01-04 09:10:13,114.040812898,22.6404322466,21.177910632157293,0.4915376050702261
BS45016D,35413.0,M2333,2.0,1,2019-01-04 09:10:16,114.039848372,22.6409778455,21.29405611455729,0.4942333323896119
BS45016D,35413.0,M2333,2.0,1,2019-01-04 09:10:20,114.039591824,22.6411056895,21.32398701064899,0.4949280260842856
BS48818D,35413.0,M2333,2.0,1,2019-01-04 09:10:23,114.040633741,22.6405365512,21.199649122042203,0.4920421536747351
BS45016D,35413.0,M2333,2.0,1,2019-01-04 09:10:30,114.038708717,22.6415000442,21.44280057318904,0.4976856793294606
BS48818D,35413.0,M2333,2.0,1,2019-01-04 09:10:33,114.040027072,22.6408887947,21.27320754562892,0.4937494387790387
BS45016D,35413.0,M2333,2.0,1,2019-01-04 09:10:40,114.03845976,22.6415849509,21.45208944314533,0.497901273255199
BS48818D,35413.0,M2333,2.0,1,2019-01-04 09:10:43,114.03987286,22.6409656426,21.291199154758164,0.4941670225821038
BS48818D,35413.0,M2333,2.0,1,2019-01-04 09:10:47,114.039842301,22.6409808707,21.294764398628864,0.4942497716060341
BS48818D,35413.0,M2333,2.0,1,2019-01-04 09:10:53,114.039454423,22.6411741594,21.34001726126834,0.4953000869138438
BS45016D,35413.0,M2333,2.0,1,2019-01-04 09:11:00,114.038290479,22.6416374234,21.47043462355577,0.498327063419307
BS45016D,35413.0,M2333,2.0,1,2019-01-04 09:11:02,114.038242194,22.6416523796,21.475666944385893,0.4984485051655902
BS48818D,35413.0,M2333,2.0,1,2019-01-04 09:11:03,114.038657451,22.6415208503,21.43704919557407,0.4975521903168843
BS45016D,52287.0,M2333,2.0,1,2019-01-04 09:11:10,114.038437356,22.6421540569,21.53992668920386,0.499939968682406
BS48818D,52287.0,M2333,2.0,1,2019-01-04 09:11:13,114.038265137,22.6417796536,21.49481577234765,0.4988929479248268
BS45016D,49755.0,M2333,2.0,1,2019-01-04 09:11:20,114.038609131,22.6425513961,21.587340344956885,0.5010404358248576
BS48818D,52287.0,M2333,2.0,1,2019-01-04 09:11:20,114.038269185,22.6417864911,21.49567974948084,0.498913000764706
BS48818D,52287.0,M2333,2.0,1,2019-01-04 09:11:23,114.038305883,22.6418577269,21.50441499578876,0.4991157451300247
BS45016D,49755.0,M2333,2.0,1,2019-01-04 09:11:30,114.038674249,22.6427086129,21.605992757131503,0.5014733568135398
BS48818D,49755.0,M2333,2.0,1,2019-01-04 09:11:33,114.038584664,22.6424923243,21.58033173312375,0.5008777665070404
BS45016D,49755.0,M2333,2.0,1,2019-01-04 09:11:35,114.038689079,22.6427430045,21.610094656746327,0.5015685615741947
BS45016D,49755.0,M2333,2.0,1,2019-01-04 09:11:40,114.038774622,22.6429377703,21.6333868678127,0.5021091719225532
BS48818D,49755.0,M2333,2.0,1,2019-01-04 09:11:43,114.038656062,22.6426647039,21.6007833263069,0.5013524463424465
BS45016D,53776.0,M2333,2.0,1,2019-01-04 09:11:50,114.039135983,22.6437604718,21.7317731029356,0.5043927085388026
BS08748D,5336.0,M2333,2.0,1,2019-01-04 09:16:06,114.012640576,22.6647025127,25.828651357908623,0.5994809238349776
BS30937D,5336.0,M2333,2.0,1,2019-01-04 09:16:10,114.013512659,22.6653717381,25.712413594316743,0.5967830546765387
BS30937D,5336.0,M2333,2.0,1,2019-01-04 09:16:14,114.013089913,22.6650580623,25.767998075715923,0.5980731660260755
BS08748D,5336.0,M2333,2.0,1,2019-01-04 09:16:16,114.012046554,22.6642324771,25.909044266345088,0.6013468367837973
BS08748D,5336.0,M2333,2.0,1,2019-01-04 09:16:17,114.012040006,22.6642272958,25.90992863066354,0.6013673628086093
BS30937D,5336.0,M2333,2.0,1,2019-01-04 09:16:20,114.012602158,22.664672113,25.83383864329353,0.5996013203121938
BS08748D,5336.0,M2333,2.0,1,2019-01-04 09:16:26,114.011973751,22.6641748698,25.918876928045957,0.6015750520722578
BS30937D,5336.0,M2333,2.0,1,2019-01-04 09:16:30,114.012366735,22.664485829,25.865801123367035,0.6003431669079378
BS08748D,5336.0,M2333,2.0,1,2019-01-04 09:16:36,114.011962563,22.6641660164,25.92038800543736,0.6016101240571645
BS30937D,5336.0,M2333,2.0,1,2019-01-04 09:16:40,114.012330334,22.6644570253,25.870717413252624,0.6004572736013774
BS30937D,5336.0,M2333,2.0,1,2019-01-04 09:16:50,114.012287282,22.6644229594,25.87653193512148,0.6005922281870154
BS08748D,5336.0,M2333,2.0,1,2019-01-04 09:16:56,114.01193173,22.6641416192,25.92455224775215,0.6017067757868794
BS08748D,35098.0,M2333,2.0,1,2019-01-04 09:17:06,114.0112365,22.6635915,26.018449083019338,0.6038861137930011
BS30937D,5336.0,M2333,2.0,1,2019-01-04 09:17:06,114.011969571,22.6641715621,25.919441484327905,0.601588155378225
BS45016D,5336.0,M2333,2.0,1,2019-01-04 09:32:30,114.012341786,22.6644660868,25.86917073954722,0.6004213754288812
BS48818D,5336.0,M2333,2.0,1,2019-01-04 09:32:30,114.013101569,22.6650672857,25.766425535607866,0.5980366674964511
BS48818D,5336.0,M2333,2.0,1,2019-01-04 09:32:33,114.012845524,22.6648646828,25.80098155204009,0.5988387098628059
BS45016D,5336.0,M2333,2.0,1,2019-01-04 09:32:40,114.012081048,22.6642597714,25.90438555963574,0.601238708575193
BS48818D,5336.0,M2333,2.0,1,2019-01-04 09:32:43,114.012266096,22.6644061953,25.87939328974293,0.600658639997997
BS45016D,5336.0,M2333,2.0,1,2019-01-04 09:32:47,114.012035263,22.6642235428,25.910569211182807,0.6013822306310194
BS45016D,5336.0,M2333,2.0,1,2019-01-04 09:32:50,114.011958646,22.6641629169,25.92091703458313,0.6016224027811541
BS48818D,5336.0,M2333,2.0,1,2019-01-04 09:32:53,114.012214691,22.6643655198,25.88633596032132,0.6008197788245869
BS48818D,5336.0,M2333,2.0,1,2019-01-04 09:32:59,114.012044647,22.6642309678,25.90930184694065,0.6013528152087352
BS45016D,5336.0,M2333,2.0,1,2019-01-04 09:33:00,114.011899764,22.6641163257,25.92886949625252,0.6018069787778743
BS48818D,5336.0,M2333,2.0,1,2019-01-04 09:33:03,114.012006338,22.6642006548,25.914475800852244,0.6014729022635265
BS00652D,42203.0,M2333,2.0,2,2019-01-04 09:36:04,114.076078031,22.6293288348,16.686454439881594,0.3872912675360241
BS04358D,42203.0,M2333,2.0,2,2019-01-04 09:36:12,114.077303744,22.6291047017,16.55802934862782,0.3843105314812617
BS00652D,42203.0,M2333,2.0,2,2019-01-04 09:36:13,114.075882035,22.6293646745,16.706990063890466,0.3877678977201469
BS04358D,42203.0,M2333,2.0,2,2019-01-04 09:36:14,114.077058053,22.6291496286,16.583771841992654,0.3849080126849964
BS04358D,42203.0,M2333,2.0,2,2019-01-04 09:36:22,114.076644546,22.6292252422,16.62709738748123,0.3859135951165078
BS04358D,42203.0,M2333,2.0,2,2019-01-04 09:36:32,114.076260232,22.6292955176,16.667364191520463,0.3868481844046136
BS04358D,42203.0,M2333,2.0,2,2019-01-04 09:36:42,114.076140424,22.6293174257,16.67991716759629,0.3871395379712609
BS00652D,20150.0,M2333,2.0,2,2019-01-04 09:36:44,114.07372,22.629769,16.933718111066895,0.3930302374876087
BS04358D,42203.0,M2333,2.0,2,2019-01-04 09:36:47,114.07588503,22.6293641268,16.70667625984266,0.3877606143533976
BS00652D,76114.0,M2333,2.0,2,2019-01-04 09:36:54,114.072104296,22.6300369099,17.102466434480224,0.396946872522618
BS04358D,85533.0,M2333,2.0,2,2019-01-04 09:37:02,114.074550697,22.6296084307,16.84649082182756,0.3910056991091925
BS00652D,76114.0,M2333,2.0,2,2019-01-04 09:37:04,114.071614517,22.63012595,17.15377201434496,0.3981376709111596
BS04358D,20150.0,M2333,2.0,2,2019-01-04 09:37:12,114.07372,22.629769,16.933718111066895,0.3930302374876087
BS00652D,76114.0,M2333,2.0,2,2019-01-04 09:37:14,114.071287214,22.6301854526,17.280997073213324,0.4010905543106258
BS04358D,76114.0,M2333,2.0,2,2019-01-04 09:37:22,114.072544056,22.629956963,17.05638398038896,0.3958773024638331
BS00652D,76114.0,M2333,2.0,2,2019-01-04 09:37:24,114.071103589,22.630218835,17.26176190919176,0.4006441076983741
BS04358D,76114.0,M2333,2.0,2,2019-01-04 09:37:32,114.072038836,22.6300488102,17.109323533581144,0.3971060252420877
BS04358D,76114.0,M2333,2.0,2,2019-01-04 09:37:42,114.07182567,22.6300875631,17.131653210811077,0.3976242952573992
BS00652D,76114.0,M2333,2.0,2,2019-01-04 09:38:04,114.070947155,22.6302472741,17.245375073342757,0.4002637705542715
BS00652D,76114.0,M2333,2.0,2,2019-01-04 09:38:14,114.070568382,22.6303048977,17.263144110626794,0.400676188482683
BS04358D,76114.0,M2333,2.0,2,2019-01-04 09:38:22,114.071689713,22.6301122795,17.145895043828776,0.3979548470580429
BS00652D,76114.0,M2333,2.0,2,2019-01-04 09:38:24,114.070276469,22.630346049,17.29349668900914,0.401380669389459
BS04358D,76114.0,M2333,2.0,2,2019-01-04 09:38:32,114.071298629,22.6301833774,17.282192822118734,0.4011183075466951
BS00652D,76114.0,M2333,2.0,2,2019-01-04 09:38:34,114.070031536,22.6303793414,17.318946051488528,0.4019713470488825
BS04358D,76114.0,M2333,2.0,2,2019-01-04 09:38:42,114.070534604,22.6303096595,17.26665628686408,0.4007577058111035
BS00652D,76114.0,M2333,2.0,2,2019-01-04 09:38:44,114.0698379,22.6304005894,17.338990330281217,0.4024365731499956
BS00652D,76114.0,M2333,2.0,2,2019-01-04 09:38:49,114.069715628,22.6304140065,17.351647345139092,0.4027303414484193
BS04358D,76114.0,M2333,2.0,2,2019-01-04 09:38:52,114.070086122,22.6303728823,17.316412534106902,0.4019125443139104
BS04358D,76114.0,M2333,2.0,2,2019-01-04 09:39:02,114.069988259,22.6303840903,17.323425881748886,0.4020753235494705
BS00652D,32495.0,M2333,2.0,2,2019-01-04 09:39:24,114.069555874,22.6304315295,17.36818422464379,0.4031141610937214
BS04358D,76114.0,M2333,2.0,2,2019-01-04 09:39:32,114.069789773,22.6304058705,17.3439722087836,0.4025522021499638
BS00652D,32495.0,M2333,2.0,2,2019-01-04 09:39:34,114.069518177,22.6304356491,17.372086217823963,0.4032047260420818
BS04358D,76114.0,M2333,2.0,2,2019-01-04 09:39:39,114.069675246,22.6304184377,17.355827497357215,0.4028273624457128
BS04358D,76114.0,M2333,2.0,2,2019-01-04 09:39:42,114.069659962,22.6304201148,17.357409623592744,0.402864083468586
BS00652D,32495.0,M2333,2.0,2,2019-01-04 09:39:44,114.069439694,22.6304442258,17.38020994336866,0.4033932770595945
BS04358D,32495.0,M2333,2.0,2,2019-01-04 09:40:32,114.069545451,22.6304326686,17.36926310365475,0.4031392017889258
BS04358D,32495.0,M2333,2.0,2,2019-01-04 09:40:42,114.069379621,22.6304470536,17.386383936263663,0.4035365749388822
BS00652D,32495.0,M2333,2.0,2,2019-01-04 09:40:44,114.069142042,22.6304578346,17.41084589215317,0.4041043349706487
BS04358D,32495.0,M2333,2.0,2,2019-01-04 09:40:52,114.069211429,22.6304546859,17.403684155616567,0.4039381116407607
BS00652D,32495.0,M2333,2.0,2,2019-01-04 09:40:54,114.06905085,22.6304619727,17.42023157697212,0.4043221759615746
BS00652D,32495.0,M2333,2.0,2,2019-01-04 09:41:04,114.068639719,22.6304783149,17.462535798901502,0.405304053555295
BS00652D,32495.0,M2333,2.0,2,2019-01-04 09:41:05,114.068555756,22.6304807745,17.471171447951765,0.4055044862762617
BS04358D,32495.0,M2333,2.0,2,2019-01-04 09:41:12,114.069020913,22.6304633312,17.42331276009959,0.4043936899745274
BS00652D,32495.0,M2333,2.0,2,2019-01-04 09:41:14,114.067779541,22.6304939,17.55098886694377,0.4073570421612905
BS00652D,32495.0,M2333,2.0,2,2019-01-04 09:41:24,114.066872967,22.6304544778,17.644325337746125,0.4095233741531837
BS04358D,32495.0,M2333,2.0,2,2019-01-04 09:41:32,114.068738704,22.6304754152,17.4523551270365,0.405067760978872
BS00652D,75090.0,M2333,2.0,2,2019-01-04 09:41:34,114.066251347,22.6304365156,17.708533468433494,0.4110136397101732
BS04358D,32495.0,M2333,2.0,2,2019-01-04 09:41:34,114.068570611,22.6304803394,17.469643601781463,0.4054690250893434
BS00652D,75090.0,M2333,2.0,2,2019-01-04 09:41:38,114.066026245,22.6304726196,17.732053970866595,0.4115595486828203
BS04358D,32495.0,M2333,2.0,2,2019-01-04 09:41:42,114.067932129,22.6304939,17.535302901815832,0.40699297217034
BS00652D,75090.0,M2333,2.0,2,2019-01-04 09:41:44,114.065733932,22.6306519972,17.768933006559276,0.412415508139659
BS04358D,32495.0,M2333,2.0,2,2019-01-04 09:41:52,114.067094594,22.6304694411,17.621482016866565,0.4089931825100128
BS00652D,75103.0,M2333,2.0,2,2019-01-04 09:41:54,114.065589697,22.63095752,17.806408876258068,0.4132853200658505
BS04358D,75090.0,M2333,2.0,2,2019-01-04 09:42:02,114.066158868,22.6304483627,17.73341996701231,0.4115912533436654
BS04358D,75090.0,M2333,2.0,2,2019-01-04 09:42:09,114.065869638,22.6305338311,17.749634425191754,0.4119675896159006
BS04358D,75090.0,M2333,2.0,2,2019-01-04 09:42:12,114.065817343,22.6305700949,17.756351490466734,0.4121234921615158
BS00652D,75103.0,M2333,2.0,2,2019-01-04 09:42:14,114.065529772,22.6312143857,17.83551326203693,0.4139608305225364
BS04358D,75090.0,M2333,2.0,2,2019-01-04 09:42:17,114.065644097,22.6307874557,17.78661634443313,0.4128259369916424
BS04358D,75090.0,M2333,2.0,2,2019-01-04 09:42:22,114.065622795,22.6308255949,17.791373784928137,0.412936356803483
BS04358D,75103.0,M2333,2.0,2,2019-01-04 09:42:32,114.065555572,22.6311059227,17.823213068823705,0.4136753440258303
BS00652D,75103.0,M2333,2.0,2,2019-01-04 09:42:34,114.065513194,22.6312808044,17.843062488110817,0.4141360474534672
BS04358D,75103.0,M2333,2.0,2,2019-01-04 09:42:42,114.065534249,22.6311964455,17.833474224331937,0.4139135046211494
BS00652D,75103.0,M2333,2.0,2,2019-01-04 09:42:44,114.065450464,22.6315321388,17.87163367948985,0.4147991825109515
BS04358D,75103.0,M2333,2.0,2,2019-01-04 09:42:52,114.065451357,22.6315285596,17.871226831010166,0.4147897395904102
BS00652D,75103.0,M2333,2.0,2,2019-01-04 09:42:54,114.06517757,22.6325424602,17.986996448827053,0.4174767431230061
BS00652D,68394.0,M2333,2.0,2,2019-01-04 09:43:00,114.064971993,22.6332389174,18.066996103800797,0.4193335286905365
BS04358D,75103.0,M2333,2.0,2,2019-01-04 09:43:02,114.065242732,22.6323173821,17.961187129104133,0.4168777108848668
BS00652D,68394.0,M2333,2.0,2,2019-01-04 09:43:04,114.064841051,22.6336188698,18.11117264634325,0.4203588626953287
BS04358D,68394.0,M2333,2.0,2,2019-01-04 09:43:12,114.065012399,22.6331269928,18.05392422380564,0.4190301314055924
BS00652D,68394.0,M2333,2.0,2,2019-01-04 09:43:14,114.06475704,22.6338585685,18.13908658410532,0.4210067429491444
BS04358D,68394.0,M2333,2.0,2,2019-01-04 09:43:14,114.064968066,22.6332497973,18.068266762389104,0.4193630205743303
BS04358D,68394.0,M2333,2.0,2,2019-01-04 09:43:22,114.064845713,22.6336052831,18.10959358912992,0.4203222129042143
BS00652D,68394.0,M2333,2.0,2,2019-01-04 09:43:24,114.064661611,22.6341264093,18.170327129710184,0.4217318335038464
BS00652D,68394.0,M2333,2.0,2,2019-01-04 09:43:29,114.064565878,22.6343906878,18.201203344473104,0.4224484679689648
BS04358D,68394.0,M2333,2.0,2,2019-01-04 09:43:32,114.064713774,22.6339800028,18.153250503294224,0.4213354863760786
BS00652D,68394.0,M2333,2.0,2,2019-01-04 09:43:34,114.064385474,22.6348645702,18.25686434031289,0.4237403552125237
BS04358D,68394.0,M2333,2.0,2,2019-01-04 09:43:42,114.064677774,22.6340810461,18.165036017462292,0.4216090272134782
BS00652D,68486.0,M2333,2.0,2,2019-01-04 09:43:44,114.063878457,22.6360777314,18.400967786396563,0.4270849846238301
BS04358D,68394.0,M2333,2.0,2,2019-01-04 09:43:52,114.064645733,22.6341703535,18.175459907254744,0.4218509648584655
BS00652D,6442.0,M2333,2.0,2,2019-01-04 09:43:54,114.063361906,22.6373058751,18.54696913912766,0.4304736642960111
BS04358D,68394.0,M2333,2.0,2,2019-01-04 09:43:54,114.064591386,22.6343203089,18.19298038228484,0.422257613676924
BS06855D,52280.0,M2333,2.0,2,2019-01-04 10:20:06,114.0456267,22.6385121,20.63289018884789,0.4788877243491398
BS00047D,52280.0,M2333,2.0,2,2019-01-04 10:20:11,114.0456267,22.6385121,20.63289018884789,0.4788877243491398
BS06855D,52285.0,M2333,2.0,2,2019-01-04 10:20:16,114.044155489,22.63880416,20.78767447519881,0.4824802552053191
BS00047D,52285.0,M2333,2.0,2,2019-01-04 10:20:21,114.044448466,22.6387316605,20.75650661967337,0.4817568517815231
BS06855D,52285.0,M2333,2.0,2,2019-01-04 10:20:26,114.04372258,22.638911287,20.8615117594758,0.48419401264385
BS06855D,52285.0,M2333,2.0,2,2019-01-04 10:20:29,114.043592,22.6389436,20.847620246993685,0.4838715917547045
BS00047D,52285.0,M2333,2.0,2,2019-01-04 10:20:33,114.04357377,22.6389517024,20.849697898399505,0.4839198138769868
BS06855D,53643.0,M2333,2.0,2,2019-01-04 10:20:36,114.043290628,22.6390775449,20.88196718750771,0.4846687814857877
BS00047D,53643.0,M2333,2.0,2,2019-01-04 10:20:41,114.043226203,22.6391061814,20.889309743276147,0.4848392016155258
BS06855D,53643.0,M2333,2.0,2,2019-01-04 10:20:46,114.042943068,22.6392320334,20.921578808499447,0.485588164027976
BS00047D,53643.0,M2333,2.0,2,2019-01-04 10:20:51,114.043068351,22.6391763458,20.90730023429157,0.4852567594672587
BS00047D,53643.0,M2333,2.0,2,2019-01-04 10:21:01,114.043003935,22.6392049782,20.914641755310253,0.4854271555805381
BS06855D,53643.0,M2333,2.0,2,2019-01-04 10:21:05,114.04252579,22.6394350996,20.96999406273441,0.4867118781907595
BS00047D,53643.0,M2333,2.0,2,2019-01-04 10:21:11,114.042800776,22.639295281,20.93779588294438,0.485964561023523
BS06855D,53643.0,M2333,2.0,2,2019-01-04 10:21:16,114.041605332,22.6399709066,21.081759139598077,0.4893059366494177
BS00047D,53643.0,M2333,2.0,2,2019-01-04 10:21:19,114.042438822,22.6394857245,20.98050385845573,0.4869558097054572
BS00047D,53643.0,M2333,2.0,2,2019-01-04 10:21:21,114.042283388,22.6395762037,20.999488586359256,0.4873964437155205
BS06855D,35413.0,M2333,2.0,2,2019-01-04 10:21:26,114.041042167,22.6402987664,21.15009161962234,0.4908919280233088
BS00047D,35413.0,M2333,2.0,2,2019-01-04 10:21:31,114.041433272,22.6400710657,21.1026357429154,0.4897904809359074
BS06855D,35413.0,M2333,2.0,2,2019-01-04 10:21:35,114.040930772,22.6403636203,21.16360804447474,0.4912056431586901
BS00047D,35413.0,M2333,2.0,2,2019-01-04 10:21:39,114.041021082,22.6403110424,21.15265004901312,0.4909513089640129
BS00047D,35413.0,M2333,2.0,2,2019-01-04 10:21:41,114.040907521,22.6403771573,21.166429288283016,0.4912711240009189
BS06855D,35413.0,M2333,2.0,2,2019-01-04 10:21:46,114.040439639,22.6406495575,21.223201035341805,0.4925887916910713
BS00047D,35413.0,M2333,2.0,2,2019-01-04 10:21:51,114.040458654,22.6406384869,21.22089379404812,0.492535240805929
BS06855D,35413.0,M2333,2.0,2,2019-01-04 10:21:56,114.040254707,22.6407572248,21.298108289376277,0.4943273830417488
BS00047D,35413.0,M2333,2.0,2,2019-01-04 10:22:01,114.040306651,22.6407269827,21.304411072208406,0.4944736701251346
BS06855D,35413.0,M2333,2.0,2,2019-01-04 10:22:10,114.040023433,22.6408906084,21.27363211586851,0.4937592930202043
BS00047D,35413.0,M2333,2.0,2,2019-01-04 10:22:11,114.040119309,22.6408360533,21.28167942607735,0.4939460704439084
BS06855D,35413.0,M2333,2.0,2,2019-01-04 10:22:16,114.039613577,22.6410948495,21.32144913845848,0.4948691222745489
BS06855D,35413.0,M2333,2.0,2,2019-01-04 10:22:26,114.038837462,22.6414477933,21.410358436302573,0.496932699937607
BS00047D,35413.0,M2333,2.0,2,2019-01-04 10:22:27,114.039927558,22.6409383853,21.28481765617741,0.4940189085125138
BS00047D,35413.0,M2333,2.0,2,2019-01-04 10:22:31,114.039770258,22.6410167714,21.30316949790654,0.4944448532852936
BS06855D,35413.0,M2333,2.0,2,2019-01-04 10:22:36,114.038505391,22.641570794,21.447143917480453,0.4977864880016701
BS00047D,35413.0,M2333,2.0,2,2019-01-04 10:22:41,114.038868406,22.6414352347,21.406886916479884,0.4968521262413044
BS00047D,35413.0,M2333,2.0,2,2019-01-04 10:22:51,114.038635811,22.6415296327,21.434621474332445,0.4974958431018256
BS06855D,35413.0,M2333,2.0,2,2019-01-04 10:22:56,114.038382336,22.6416089703,21.4604806775418,0.498096033131679
BS06855D,35413.0,M2333,2.0,2,2019-01-04 10:22:57,114.038359694,22.6416159836,21.462934238585788,0.4981529800864757
BS00047D,35413.0,M2333,2.0,2,2019-01-04 10:23:01,114.038466835,22.6415827559,21.451322648820454,0.4978834760204966
BS06855D,52287.0,M2333,2.0,2,2019-01-04 10:23:06,114.038506558,22.6423100328,21.55860670079601,0.5003735302513527
BS00047D,35413.0,M2333,2.0,2,2019-01-04 10:23:15,114.038384767,22.6416082172,21.460275115603945,0.4980912620556093
BS06855D,49755.0,M2333,2.0,2,2019-01-04 10:23:16,114.038624006,22.6425873097,21.591601177738934,0.5011393294115607
BS00047D,52287.0,M2333,2.0,2,2019-01-04 10:23:21,114.038343796,22.6419431787,21.51461906076825,0.4993525806587565
BS06855D,49755.0,M2333,2.0,2,2019-01-04 10:23:26,114.038659937,22.6426740583,21.601893162505704,0.5013782055514947
BS06855D,49755.0,M2333,2.0,2,2019-01-04 10:23:27,114.03868236,22.6427277055,21.608265422189493,0.5015261051870282
BS00047D,49755.0,M2333,2.0,2,2019-01-04 10:23:31,114.03862304,22.642584978,21.591324533314133,0.5011329085166771
BS06855D,53776.0,M2333,2.0,2,2019-01-04 10:23:36,114.039039517,22.6435408608,21.70550981822452,0.5037831398097438
BS00047D,49755.0,M2333,2.0,2,2019-01-04 10:23:41,114.038640784,22.6426278177,21.596407097453607,0.5012508744221966
BS00047D,49755.0,M2333,2.0,2,2019-01-04 10:23:43,114.03869242,22.6427506103,21.6110040873029,0.5015896693843805
BS06855D,53776.0,M2333,2.0,2,2019-01-04 10:23:46,114.039309403,22.6441552696,21.77898703408401,0.5054885400892201
BS00047D,49755.0,M2333,2.0,2,2019-01-04 10:23:51,114.038936598,22.6433065598,21.67748973882804,0.5031327960171174
BS06855D,53776.0,M2333,2.0,2,2019-01-04 10:23:56,114.039432938,22.644436504,21.812619858011985,0.5062691552316885
BS00047D,53776.0,M2333,2.0,2,2019-01-04 10:24:01,114.039282524,22.6440940798,21.771669314288182,0.5053186964004118
BS06855D,53776.0,M2333,2.0,2,2019-01-04 10:24:06,114.039605767,22.6448299561,21.85967283179108,0.5073612509744898
BS00047D,53776.0,M2333,2.0,2,2019-01-04 10:24:11,114.039440112,22.6444528358,21.81457298150339,0.5063144870710774
BS06855D,59149.0,M2333,2.0,2,2019-01-04 10:24:16,114.0399615,22.6456398,21.956522025622792,0.5096091129858036
BS00047D,53776.0,M2333,2.0,2,2019-01-04 10:24:21,114.039486183,22.6445577182,21.8271158802281,0.5066056067432145
BS00047D,53776.0,M2333,2.0,2,2019-01-04 10:24:31,114.0397073,22.6450611025,21.88731560127604,0.50800283743437
BS00047D,53776.0,M2333,2.0,2,2019-01-04 10:24:41,114.039830284,22.6453410814,21.92079827096145,0.5087799675089268
BS06855D,47383.0,M2333,2.0,2,2019-01-04 10:26:06,114.0400419,22.645699,21.9670706941243,0.5098539467346077
BS06855D,47381.0,M2333,2.0,2,2019-01-04 10:26:09,114.0399711,22.645796,21.985637067547337,0.510284870770775
BS00047D,59149.0,M2333,2.0,2,2019-01-04 10:26:11,114.0399615,22.6456398,21.956522025622792,0.5096091129858036
BS06855D,7535.0,M2333,2.0,2,2019-01-04 10:26:16,114.039666795,22.6459143097,22.019549012460157,0.5110719642888867
BS00047D,47383.0,M2333,2.0,2,2019-01-04 10:26:19,114.0400724,22.6457595,21.97446762876882,0.5100256289936927
BS00047D,47381.0,M2333,2.0,2,2019-01-04 10:26:21,114.0399711,22.645796,21.985637067547337,0.510284870770775
BS06855D,7535.0,M2333,2.0,2,2019-01-04 10:26:26,114.039364515,22.6460318325,22.100511686237848,0.5129511014455211
BS00047D,7535.0,M2333,2.0,2,2019-01-04 10:26:31,114.039537477,22.6459645872,22.119786665640834,0.513398472169578
BS00047D,7535.0,M2333,2.0,2,2019-01-04 10:26:43,114.039488965,22.6459834479,22.114380466006818,0.5132729947102199
BS06855D,7535.0,M2333,2.0,2,2019-01-04 10:26:46,114.038936338,22.6461983891,22.100955255851712,0.5129613966606378
BS06855D,7535.0,M2333,2.0,2,2019-01-04 10:26:46,114.038833244,22.6462384675,22.112443955932594,0.5132280484669096
BS00047D,7535.0,M2333,2.0,2,2019-01-04 10:26:51,114.038800291,22.6462512779,22.116116195593637,0.5133132808545414
BS06855D,23145.0,M2333,2.0,2,2019-01-04 10:26:56,114.03781944,22.6466596549,22.239514064868807,0.5161773354908938
BS00047D,23145.0,M2333,2.0,2,2019-01-04 10:27:01,114.037690205,22.6467111021,22.24109585163604,0.5162140486347351
BS06855D,49843.0,M2333,2.0,2,2019-01-04 10:27:06,114.036749529,22.6470272379,22.34402631984042,0.5186030565358788
BS00047D,49843.0,M2333,2.0,2,2019-01-04 10:27:11,114.036519238,22.6471152162,22.36962383866181,0.5191971728921023
BS06855D,49843.0,M2333,2.0,2,2019-01-04 10:27:16,114.036319507,22.6471915199,22.39182452402403,0.519712449016523
BS00047D,49843.0,M2333,2.0,2,2019-01-04 10:27:21,114.036245561,22.6472197696,22.40004383309536,0.519903218520013
BS00047D,19960.0,M2333,2.0,2,2019-01-04 10:28:41,114.0359565,22.6473302,22.43217377488041,0.5206489518886339
BS06855D,19960.0,M2333,2.0,2,2019-01-04 10:28:46,114.035874,22.6473608,22.44130732641916,0.5208609408863739
BS00047D,19962.0,M2333,2.0,2,2019-01-04 10:28:51,114.035105694,22.6476164119,22.525198789789854,0.5228080550142642
BS06855D,19962.0,M2333,2.0,2,2019-01-04 10:28:56,114.034537937,22.6478053019,22.587192179300565,0.5242469166063992
BS00047D,46626.0,M2333,2.0,2,2019-01-04 10:29:01,114.03411734,22.647945228,22.633116951918765,0.525312826890857
BS00047D,46626.0,M2333,2.0,2,2019-01-04 10:29:02,114.033941068,22.6480038702,22.65236396131825,0.5257595484333789
BS06855D,46626.0,M2333,2.0,2,2019-01-04 10:29:02,114.033941598,22.6480036936,22.652306080577286,0.5257582050260292
BS06855D,46626.0,M2333,2.0,2,2019-01-04 10:29:06,114.033609661,22.6481141222,22.688550007004533,0.52659942364782
BS00047D,46626.0,M2333,2.0,2,2019-01-04 10:29:11,114.03361483,22.6481124027,22.687985612841366,0.5265863241046168
BS06855D,46626.0,M2333,2.0,2,2019-01-04 10:29:16,114.033472292,22.6481598222,22.703549213116208,0.5269475540171537
BS06855D,46626.0,M2333,2.0,2,2019-01-04 10:29:26,114.033284567,22.6482222745,22.724046735494248,0.5274232998654846
BS00047D,46626.0,M2333,2.0,2,2019-01-04 10:29:31,114.033234197,22.6482390314,22.729546582058862,0.5275509508625816
BS06855D,46626.0,M2333,2.0,2,2019-01-04 10:29:32,114.032817519,22.6483776519,22.77504324730149,0.5286069248092317
BS00047D,46626.0,M2333,2.0,2,2019-01-04 10:29:34,114.032807793,22.6483808874,22.77610521379429,0.528631572966248
BS06855D,46626.0,M2333,2.0,2,2019-01-04 10:29:36,114.032569712,22.6484600921,22.802101023181574,0.529234933614521
BS00047D,46626.0,M2333,2.0,2,2019-01-04 10:29:41,114.032429513,22.6485067334,22.817409193718863,0.5295902350233616
BS06855D,46626.0,M2333,2.0,2,2019-01-04 10:29:46,114.032460881,22.648496298,22.813984160713357,0.5295107402823526
BS00047D,46626.0,M2333,2.0,2,2019-01-04 10:29:51,114.03236882,22.6485269248,22.824036196094013,0.5297440472163042
BS00047D,7548.0,M2333,2.0,2,2019-01-04 10:31:31,114.0320659,22.6486277,22.857111668945528,0.5305117262850464
BS06855D,7548.0,M2333,2.0,2,2019-01-04 10:31:36,114.0320659,22.6486277,22.857111668945528,0.5305117262850464
BS00047D,7515.0,M2333,2.0,2,2019-01-04 10:31:41,114.031331725,22.6491159604,22.95077339366121,0.5326856073941482
BS06855D,7515.0,M2333,2.0,2,2019-01-04 10:31:46,114.031463942,22.6490163563,22.93327051213263,0.532279366919447
BS00047D,12722.0,M2333,2.0,2,2019-01-04 10:31:51,114.030245589,22.6499341736,23.094554747043528,0.5360227610597221
BS00047D,12722.0,M2333,2.0,2,2019-01-04 10:31:55,114.029727615,22.6503243675,23.16312272012019,0.5376142182084478
BS06855D,12722.0,M2333,2.0,2,2019-01-04 10:31:56,114.030480213,22.6497574295,23.06349583010999,0.5353018860918957
BS00047D,12722.0,M2333,2.0,2,2019-01-04 10:32:01,114.029265995,22.6506721089,23.224230567415,0.5390325264368657
BS06855D,12722.0,M2333,2.0,2,2019-01-04 10:32:06,114.029994799,22.6501230958,23.127753659702503,0.5367933051564826
BS00047D,12714.0,M2333,2.0,2,2019-01-04 10:32:11,114.029052431,22.6508329852,23.252501286606893,0.5396886875590161
BS00047D,12714.0,M2333,2.0,2,2019-01-04 10:32:21,114.028813817,22.6510127054,23.284086177135556,0.5404217703317468
BS00047D,12714.0,M2333,2.0,2,2019-01-04 10:32:25,114.028537522,22.6512208054,23.32065873668389,0.5412706165018869
BS06855D,12722.0,M2333,2.0,2,2019-01-04 10:32:26,114.02961125,22.6504120261,23.178526777739485,0.5379717451487616
BS00047D,12714.0,M2333,2.0,2,2019-01-04 10:32:31,114.028172304,22.6515690203,23.374847007593488,0.5425283219180839
BS06855D,12722.0,M2333,2.0,2,2019-01-04 10:32:32,114.029275586,22.6506648841,23.222960952455065,0.5390030587756027
BS06855D,12714.0,M2333,2.0,2,2019-01-04 10:32:36,114.029077675,22.6508139718,23.24915978197747,0.5396111315049082
BS00047D,12714.0,M2333,2.0,2,2019-01-04 10:32:41,114.027870791,22.6519338601,23.451736332071164,0.5443129169645772
BS06855D,12714.0,M2333,2.0,2,2019-01-04 10:32:46,114.029011866,22.6508635385,23.25787082963708,0.5398133142215431
BS00047D,12714.0,M2333,2.0,2,2019-01-04 10:32:51,114.027745528,22.6520854179,23.446918938371898,0.5442011056436803
BS06855D,12714.0,M2333,2.0,2,2019-01-04 10:32:56,114.028817186,22.6510101676,23.283640206461907,0.5404114193882252
BS00047D,81997.0,M2333,2.0,2,2019-01-04 10:33:01,114.027199749,22.6527424178,23.53878980096006,0.5463334209866184
BS06855D,12714.0,M2333,2.0,2,2019-01-04 10:33:03,114.028424161,22.6513061872,23.335664108074347,0.5416188899668459
BS06855D,12714.0,M2333,2.0,2,2019-01-04 10:33:06,114.028226544,22.6515033883,23.36568704788072,0.5423157199887455
BS00047D,81997.0,M2333,2.0,2,2019-01-04 10:33:11,114.026420934,22.6536787208,23.66978006276594,0.5493736944438978
BS00047D,81997.0,M2333,2.0,2,2019-01-04 10:33:14,114.026067994,22.6541030302,23.72914152601147,0.5507514692387762
BS06855D,81997.0,M2333,2.0,2,2019-01-04 10:33:16,114.02760413,22.6522562654,23.47077616450412,0.5447548299463433
BS00047D,81997.0,M2333,2.0,2,2019-01-04 10:33:21,114.025767174,22.6544646808,23.779736854580783,0.551925782751788
BS06855D,81997.0,M2333,2.0,2,2019-01-04 10:33:26,114.026787668,22.6532378284,23.608098527395327,0.5479420709613109
BS00047D,81997.0,M2333,2.0,2,2019-01-04 10:33:31,114.025664417,22.6545882165,23.797019649011848,0.5523269150226301
BS00047D,81997.0,M2333,2.0,2,2019-01-04 10:33:36,114.025458597,22.6548356568,23.83163677711193,0.5531303757858883
BS06855D,81997.0,M2333,2.0,2,2019-01-04 10:33:36,114.026164597,22.6539868925,23.7128937217763,0.5503743590072655
BS06855D,81997.0,M2333,2.0,2,2019-01-04 10:33:39,114.025992501,22.6541937897,23.741838855413786,0.5510461732345387
BS00047D,81997.0,M2333,2.0,2,2019-01-04 10:33:41,114.02518526,22.6551642662,23.877609554432013,0.5541974002556216
BS06855D,81997.0,M2333,2.0,2,2019-01-04 10:33:46,114.025755718,22.6544784533,23.78166364646612,0.5519705034367147
BS00047D,55704.0,M2333,2.0,2,2019-01-04 10:33:51,114.02504,22.6553389,23.902040963340383,0.554764451294409
BS06855D,81997.0,M2333,2.0,2,2019-01-04 10:34:06,114.025532984,22.6547462274,23.819125527920736,0.5528399906968823
BS06855D,81997.0,M2333,2.0,2,2019-01-04 10:34:08,114.025431455,22.6548682876,23.83620184286242,0.5532363305953573
BS06855D,81997.0,M2333,2.0,2,2019-01-04 10:34:16,114.025177162,22.6551740019,23.878971578608198,0.5542290127273728
BS00047D,15546.0,M2333,2.0,2,2019-01-04 10:34:51,114.024854065,22.6555569077,23.932831388092417,0.5554790945802641
BS06855D,55704.0,M2333,2.0,2,2019-01-04 10:34:56,114.0250001,22.6553856,23.908641153654894,0.5549176411815775
BS00047D,15546.0,M2333,2.0,2,2019-01-04 10:35:01,114.024287556,22.6562214561,24.026671683482277,0.5576571203003733
BS00047D,15546.0,M2333,2.0,2,2019-01-04 10:35:06,114.023994499,22.6565652292,24.075215514877005,0.5587838187287096
BS06855D,15546.0,M2333,2.0,2,2019-01-04 10:35:06,114.024455017,22.6560250143,23.998932337566355,0.5570132923092861
BS00047D,34949.0,M2333,2.0,2,2019-01-04 10:35:11,114.023779725,22.6568184516,24.11090349911361,0.5596121339769008
BS06855D,15546.0,M2333,2.0,2,2019-01-04 10:35:16,114.02408161,22.6564630426,24.060785874049948,0.5584489079238928
BS06855D,15546.0,M2333,2.0,2,2019-01-04 10:35:18,114.023946428,22.6566216192,24.083178288104477,0.5589686340558649
BS00047D,34949.0,M2333,2.0,2,2019-01-04 10:35:21,114.023392515,22.6572797082,24.175656204991384,0.5611150390803271
BS06855D,34949.0,M2333,2.0,2,2019-01-04 10:35:26,114.023586288,22.6570488797,24.143251761129804,0.5603629345405541
BS00047D,34949.0,M2333,2.0,2,2019-01-04 10:35:30,114.02329945,22.6573905703,24.19121936697533,0.5614762588201675
BS00047D,34949.0,M2333,2.0,2,2019-01-04 10:35:31,114.023251073,22.6574481979,24.19930934061,0.561664026458559
BS06855D,34949.0,M2333,2.0,2,2019-01-04 10:35:36,114.023472025,22.657184993,24.16235980474044,0.5608064306982764
BS00047D,67506.0,M2333,2.0,2,2019-01-04 10:35:41,114.0226689,22.6581417,24.296665260252365,0.563923649535245
BS06855D,34949.0,M2333,2.0,2,2019-01-04 10:35:45,114.02317788,22.6575353875,24.21154929610764,0.5619481148427237
BS06855D,34949.0,M2333,2.0,2,2019-01-04 10:35:46,114.023126083,22.6575970902,24.22021128384776,0.5621491588825669
BS00047D,67506.0,M2333,2.0,2,2019-01-04 10:35:51,114.022617717,22.6581940658,24.304494756263257,0.5641053715089064
BS45160D,52143.0,M2333,2.0,2,2019-01-04 11:48:34,114.054195055,22.6361794238,19.706450157070027,0.457385125609781
BS04785D,52143.0,M2333,2.0,2,2019-01-04 11:48:39,114.054518569,22.6360805017,19.6713221178997,0.4565698066416115
BS45160D,52143.0,M2333,2.0,2,2019-01-04 11:48:41,114.05412033,22.63620499,19.714636673212222,0.4575751339920194
BS45160D,52143.0,M2333,2.0,2,2019-01-04 11:48:44,114.054047358,22.6362299566,19.72263114409407,0.4577606850191872
BS04785D,52143.0,M2333,2.0,2,2019-01-04 11:48:49,114.054427186,22.6361000033,19.680930088974293,0.4567928068786802
BS45160D,52143.0,M2333,2.0,2,2019-01-04 11:48:54,114.053363092,22.6365339169,19.80065364650012,0.4595715810343977
BS04785D,52143.0,M2333,2.0,2,2019-01-04 11:48:58,114.054155339,22.6361930123,19.710801260489667,0.4574861143707335
BS04785D,52143.0,M2333,2.0,2,2019-01-04 11:48:59,114.054090364,22.6362152424,19.71791960234056,0.4576513305134509
BS07977D,52134.0,M2333,2.0,2,2019-01-04 11:56:08,114.057527095,22.6373476249,19.320437139060427,0.4484257944607365
BS04785D,53776.0,M2333,2.0,2,2019-01-04 11:56:09,114.039006147,22.6434648929,21.696424796408945,0.5035722771829814
BS03383D,52134.0,M2333,2.0,2,2019-01-04 11:56:11,114.058008008,22.6376526638,19.26056313544189,0.4470361236449604
BS45160D,59149.0,M2333,2.0,2,2019-01-04 11:56:14,114.0399615,22.6456398,21.956522025622792,0.5096091129858036
BS07977D,52134.0,M2333,2.0,2,2019-01-04 11:56:18,114.057159237,22.6371142953,19.36623580768144,0.4494887778815464
BS04785D,53776.0,M2333,2.0,2,2019-01-04 11:56:19,114.039262288,22.6440480115,21.76616000317364,0.5051908257318711
BS03383D,52134.0,M2333,2.0,2,2019-01-04 11:56:21,114.057665961,22.6374357062,19.30314822776461,0.4480245202179548
BS45160D,59149.0,M2333,2.0,2,2019-01-04 11:56:24,114.0399615,22.6456398,21.956522025622792,0.5096091129858036
BS07977D,39499.0,M2333,2.0,2,2019-01-04 11:56:28,114.05692636,22.6369637879,19.39541029907878,0.4501659154840073
BS04785D,53776.0,M2333,2.0,2,2019-01-04 11:56:29,114.039504896,22.6446003184,21.83221045417838,0.5067238513954784
BS03383D,52134.0,M2333,2.0,2,2019-01-04 11:56:31,114.057356029,22.6372391187,19.341735030295144,0.448920116805957
BS07977D,39499.0,M2333,2.0,2,2019-01-04 11:56:38,114.056757876,22.6368491273,19.416890536473478,0.4506644700689575
BS04785D,53776.0,M2333,2.0,2,2019-01-04 11:56:39,114.039738202,22.6451314519,21.89572869303708,0.5081981046185265
BS03383D,52134.0,M2333,2.0,2,2019-01-04 11:56:41,114.057101893,22.6370779225,19.373375189975903,0.4496544823712695
BS07977D,39499.0,M2333,2.0,2,2019-01-04 11:56:48,114.056738602,22.6368367641,19.419298817293114,0.4507203660733833
BS04785D,53776.0,M2333,2.0,2,2019-01-04 11:56:49,114.039760867,22.6451830486,21.90189916259476,0.5083413207214378
BS07977D,39499.0,M2333,2.0,2,2019-01-04 11:56:49,114.056692301,22.6368070649,19.425084094603108,0.4508546418951588
BS03383D,39499.0,M2333,2.0,2,2019-01-04 11:56:51,114.056845233,22.6369065783,19.405883236532144,0.4504089915212657
BS07977D,39499.0,M2333,2.0,2,2019-01-04 11:56:58,114.056534101,22.6367056236,19.44484893426325,0.4513133822364459
BS03383D,39499.0,M2333,2.0,2,2019-01-04 11:57:01,114.056660385,22.6367865931,19.42907195659149,0.450947199851662
BS07977D,39499.0,M2333,2.0,2,2019-01-04 11:57:08,114.056413249,22.6366284207,19.459929444990724,0.451663399679383
BS03383D,39499.0,M2333,2.0,2,2019-01-04 11:57:10,114.056621271,22.6367615042,19.433959206302767,0.4510606325249878
BS03383D,39499.0,M2333,2.0,2,2019-01-04 11:57:11,114.056599854,22.6367477666,19.44986836716625,0.4514298828710366
BS07977D,52226.0,M2333,2.0,2,2019-01-04 11:57:18,114.056165248,22.6364674418,19.49103735611352,0.4523854117984074
BS03383D,52226.0,M2333,2.0,2,2019-01-04 11:57:21,114.056333534,22.6365769083,19.46991386709211,0.4518951373145524
BS45160D,59149.0,M2333,2.0,2,2019-01-04 11:57:24,114.0399615,22.6456398,21.956522025622792,0.5096091129858036
BS03383D,52226.0,M2333,2.0,2,2019-01-04 11:57:31,114.056279443,22.636541723,19.476703457685417,0.4520527231669818
BS45160D,47383.0,M2333,2.0,2,2019-01-04 11:57:32,114.0400724,22.6457595,21.97446762876882,0.5100256289936927
BS45160D,47381.0,M2333,2.0,2,2019-01-04 11:57:34,114.0399711,22.645796,21.985637067547337,0.510284870770775
BS04785D,59149.0,M2333,2.0,2,2019-01-04 11:57:39,114.0399615,22.6456398,21.956522025622792,0.5096091129858036
BS04785D,47383.0,M2333,2.0,2,2019-01-04 11:57:42,114.040045965,22.6457070634,21.96805655184987,0.5098768284132484
BS45160D,7535.0,M2333,2.0,2,2019-01-04 11:57:44,114.039342154,22.646040526,22.098019771489376,0.5128932643043235
BS04785D,47381.0,M2333,2.0,2,2019-01-04 11:57:49,114.0399711,22.645796,21.985637067547337,0.510284870770775
BS04785D,7535.0,M2333,2.0,2,2019-01-04 11:57:59,114.039475338,22.6459887458,22.112861869635232,0.513237748210387
BS45160D,23145.0,M2333,2.0,2,2019-01-04 11:58:04,114.0384131,22.6464018,22.159264356345645,0.5143147462005621
BS04785D,7535.0,M2333,2.0,2,2019-01-04 11:58:09,114.039454626,22.6459967986,22.110553702186937,0.5131841758292707
BS45160D,23145.0,M2333,2.0,2,2019-01-04 11:58:14,114.037587836,22.6467489488,22.252422059277173,0.5164769290045294
BS04785D,7535.0,M2333,2.0,2,2019-01-04 11:58:19,114.038833515,22.646238362,22.11241374964745,0.5132273473814573
BS45160D,49843.0,M2333,2.0,2,2019-01-04 11:58:24,114.036670421,22.6470574599,22.352819419504364,0.5188071436729449
BS04785D,23145.0,M2333,2.0,2,2019-01-04 11:58:29,114.037921407,22.6466153658,22.21506408785931,0.5156098534879704
BS45160D,49843.0,M2333,2.0,2,2019-01-04 11:58:34,114.036410358,22.6471568121,22.38172617995719,0.5194780672616839
BS04785D,23145.0,M2333,2.0,2,2019-01-04 11:58:39,114.037030194,22.6469276766,22.313114888856298,0.5178856047050944
BS45160D,49843.0,M2333,2.0,2,2019-01-04 11:58:44,114.036203257,22.647235931,22.404746040339734,0.5200123563725421
BS07977D,52226.0,M2333,2.0,2,2019-01-04 11:58:48,114.055718984,22.6361974686,19.54585842345817,0.4536578043690452
BS04785D,49843.0,M2333,2.0,2,2019-01-04 11:58:49,114.03655825,22.6471003126,22.365287549776657,0.5190965279753057
BS07977D,52226.0,M2333,2.0,2,2019-01-04 11:58:49,114.055586339,22.6361579711,19.56021576507076,0.4539910371149002
BS03383D,52226.0,M2333,2.0,2,2019-01-04 11:58:51,114.0558694,22.636275,19.52817255930897,0.4532473168824139
BS45160D,19960.0,M2333,2.0,2,2019-01-04 11:58:54,114.035874,22.6473608,22.44130732641916,0.5208609408863739
BS07977D,52136.0,M2333,2.0,2,2019-01-04 11:58:56,114.055308036,22.6360961883,19.589677385660767,0.4546748389628648
BS07977D,52142.0,M2333,2.0,2,2019-01-04 11:58:58,114.055207826,22.6360831996,19.60007856568767,0.4549162495160176
BS03383D,52226.0,M2333,2.0,2,2019-01-04 11:58:59,114.055556302,22.6361498408,19.56343201524392,0.4540656860231367
BS04785D,19960.0,M2333,2.0,2,2019-01-04 11:58:59,114.0359565,22.6473302,22.43217377488041,0.5206489518886339
BS03383D,52226.0,M2333,2.0,2,2019-01-04 11:59:01,114.055490401,22.636132003,19.57048844874024,0.4542294652779161
BS45160D,19962.0,M2333,2.0,2,2019-01-04 11:59:04,114.034650725,22.6477677777,22.574876856309118,0.5239610789487555
BS03383D,52136.0,M2333,2.0,2,2019-01-04 11:59:07,114.0553056,22.6360958,19.58993146013428,0.4546807360109915
BS07977D,52142.0,M2333,2.0,2,2019-01-04 11:59:08,114.054771811,22.6360518517,19.645074377448413,0.4559605986935744
BS04785D,19962.0,M2333,2.0,2,2019-01-04 11:59:09,114.035283081,22.6475573959,22.50582987937337,0.5223585041589269
BS03383D,52142.0,M2333,2.0,2,2019-01-04 11:59:11,114.055114402,22.6360711599,19.609774222177965,0.455141284924543
BS45160D,46626.0,M2333,2.0,2,2019-01-04 11:59:14,114.034388597,22.6478549863,22.603498591181,0.5246253871166501
BS07977D,52143.0,M2333,2.0,2,2019-01-04 11:59:18,114.054492787,22.6360836714,19.67399552989984,0.4566318563194452
BS04785D,19962.0,M2333,2.0,2,2019-01-04 11:59:19,114.034882468,22.647690678,22.54957284271245,0.5233737748252278
BS03383D,52142.0,M2333,2.0,2,2019-01-04 11:59:21,114.054961227,22.6360601301,19.625581727996344,0.4555081758651584
BS45160D,46626.0,M2333,2.0,2,2019-01-04 11:59:24,114.03404635,22.647968845,22.640868299702547,0.5254927350504429
BS45160D,46626.0,M2333,2.0,2,2019-01-04 11:59:25,114.033984541,22.6479894076,22.647617177449856,0.5256493759609862
BS07977D,52143.0,M2333,2.0,2,2019-01-04 11:59:28,114.054322444,22.6361358395,19.69249402822359,0.4570612049800088
BS04785D,19962.0,M2333,2.0,2,2019-01-04 11:59:29,114.03456653,22.6477957892,22.58407011324598,0.5241744537039913
BS03383D,52143.0,M2333,2.0,2,2019-01-04 11:59:31,114.054646767,22.6360647403,19.65802888006956,0.4562612716590938
BS45160D,46626.0,M2333,2.0,2,2019-01-04 11:59:34,114.033641749,22.6481034473,22.68504635029803,0.5265181040570248
BS07977D,52143.0,M2333,2.0,2,2019-01-04 11:59:38,114.054170253,22.6361879096,19.70916735091908,0.457448191460812
BS04785D,46626.0,M2333,2.0,2,2019-01-04 11:59:39,114.034215114,22.6479127006,22.622441080678893,0.5250650407767106
BS07977D,52143.0,M2333,2.0,2,2019-01-04 11:59:39,114.05410411,22.6362105394,19.716413656727564,0.4576163776367089
BS03383D,52143.0,M2333,2.0,2,2019-01-04 11:59:41,114.054310278,22.6361400018,19.693826872474865,0.4570921401880462
BS03383D,52143.0,M2333,2.0,2,2019-01-04 11:59:41,114.054281206,22.6361499485,19.697011867071968,0.4571660636568724
BS04785D,46626.0,M2333,2.0,2,2019-01-04 11:59:41,114.034018234,22.6479781984,22.6439382561706,0.5255639884935321
BS45160D,46626.0,M2333,2.0,2,2019-01-04 11:59:44,114.033453466,22.6481660853,22.70560481001624,0.5269952642561276
BS07977D,52143.0,M2333,2.0,2,2019-01-04 11:59:48,114.053407094,22.636513757,19.795609521576385,0.4594545072999886
BS04785D,46626.0,M2333,2.0,2,2019-01-04 11:59:49,114.033653081,22.6480996775,22.6838090235217,0.5264893858019104
BS03383D,52143.0,M2333,2.0,2,2019-01-04 11:59:51,114.054259728,22.6361572968,19.699364890657616,0.4572206771453347
BS07977D,52143.0,M2333,2.0,2,2019-01-04 11:59:58,114.05258943,22.6368942534,19.88963579980088,0.4616368496667543
BS04785D,46626.0,M2333,2.0,2,2019-01-04 11:59:59,114.033517452,22.6481447983,22.69861822934195,0.526833106279738
BS03383D,52143.0,M2333,2.0,2,2019-01-04 12:00:01,114.054064041,22.6362242486,19.720803429432948,0.4577182639086781
BS45160D,46626.0,M2333,2.0,2,2019-01-04 12:00:04,114.033027075,22.6483079368,22.75216203749224,0.5280758537670454
BS45160D,46626.0,M2333,2.0,2,2019-01-04 12:00:07,114.032843933,22.6483688642,22.77215911884552,0.5285399844193799
BS07977D,52143.0,M2333,2.0,2,2019-01-04 12:00:08,114.052135382,22.6371136599,19.94225490841376,0.4628581349520568
BS04785D,46626.0,M2333,2.0,2,2019-01-04 12:00:09,114.033460785,22.6481636503,22.70480565053716,0.5269767158287951
BS03383D,52143.0,M2333,2.0,2,2019-01-04 12:00:11,114.053692634,22.6363829334,19.76276650290525,0.4586922234741057
BS45160D,46626.0,M2333,2.0,2,2019-01-04 12:00:14,114.032640769,22.6484364527,22.794342379992315,0.5290548561291598
BS07977D,52143.0,M2333,2.0,2,2019-01-04 12:00:18,114.051920023,22.6372177266,20.06169043218245,0.4656302238674018
BS04785D,46626.0,M2333,2.0,2,2019-01-04 12:00:19,114.032964587,22.6483287253,22.75898504030907,0.5282342151144995
BS03383D,52143.0,M2333,2.0,2,2019-01-04 12:00:21,114.053256453,22.6365827752,19.812878133257563,0.4598553103903447
BS04785D,46626.0,M2333,2.0,2,2019-01-04 12:00:21,114.032894766,22.6483519532,22.76660871976723,0.5284111601025003
BS07977D,52143.0,M2333,2.0,2,2019-01-04 12:00:28,114.051833846,22.6372593693,20.0517034915538,0.4653984277774168
BS04785D,46626.0,M2333,2.0,2,2019-01-04 12:00:29,114.032854707,22.6483652799,22.770982716563303,0.5285126802168812
BS03383D,52143.0,M2333,2.0,2,2019-01-04 12:00:31,114.052580464,22.6368985859,19.890674855999144,0.4616609660776741
BS07977D,70780.0,M2333,2.0,2,2019-01-04 12:00:38,114.051242138,22.6375225605,20.044696301043604,0.465235791448391
BS03383D,52143.0,M2333,2.0,2,2019-01-04 12:00:41,114.052084158,22.6371384127,20.080711836297777,0.4660717091293957
BS07977D,52232.0,M2333,2.0,2,2019-01-04 12:00:48,114.050207892,22.6377690233,20.154754228517028,0.4677902271067952
BS03383D,70780.0,M2333,2.0,2,2019-01-04 12:00:51,114.051364,22.6374718,20.030964784138785,0.4649170840437461
BS07977D,52232.0,M2333,2.0,2,2019-01-04 12:00:58,114.049153466,22.6379535408,20.265054992942645,0.4703502989913586
BS03383D,52232.0,M2333,2.0,2,2019-01-04 12:01:01,114.050754203,22.6376654883,20.097420457492746,0.4664595148855371
BS07977D,52232.0,M2333,2.0,2,2019-01-04 12:01:08,114.048632536,22.6380398622,20.319449941692564,0.4716128013836321
BS03383D,52232.0,M2333,2.0,2,2019-01-04 12:01:11,114.050191254,22.6377720218,20.156496451533243,0.4678306639630915
BS07977D,52232.0,M2333,2.0,2,2019-01-04 12:01:13,114.048464254,22.6380677477,20.337021761679964,0.4720206419144263
BS07977D,52232.0,M2333,2.0,2,2019-01-04 12:01:18,114.048245881,22.6381039335,20.35982402077846,0.4725498805169562
BS03383D,52232.0,M2333,2.0,2,2019-01-04 12:01:21,114.049529843,22.6378911729,20.225754054039104,0.4694381273554879
BS07977D,52232.0,M2333,2.0,2,2019-01-04 12:01:28,114.048022543,22.6381409419,20.455432381277685,0.4747689428862685
BS03383D,52232.0,M2333,2.0,2,2019-01-04 12:01:31,114.048913962,22.6379932282,20.290063747764798,0.4709307501824408
BS45160D,46626.0,M2333,2.0,2,2019-01-04 12:01:34,114.03246851,22.6484937599,22.81315115551883,0.5294914062986826
BS03383D,52232.0,M2333,2.0,2,2019-01-04 12:01:38,114.048459554,22.6380685265,20.337512529979584,0.4720320326072491
BS07977D,52232.0,M2333,2.0,2,2019-01-04 12:01:38,114.04769771,22.6381947688,20.421513710172665,0.473981693253776
BS04785D,46626.0,M2333,2.0,2,2019-01-04 12:01:39,114.032625781,22.6484414391,22.79597891085242,0.5290928398790004
BS03383D,52232.0,M2333,2.0,2,2019-01-04 12:01:41,114.048280154,22.6380982541,20.356245270845697,0.47246681801841
BS07977D,52232.0,M2333,2.0,2,2019-01-04 12:01:44,114.047320896,22.638258699,20.45643917654139,0.4747923105234879
BS45160D,7548.0,M2333,2.0,2,2019-01-04 12:01:44,114.0319176,22.6486746,22.873215333532396,0.5308854910468951
BS07977D,52232.0,M2333,2.0,2,2019-01-04 12:01:48,114.047122742,22.6382923646,20.523198542174228,0.4763417900386836
BS04785D,46626.0,M2333,2.0,2,2019-01-04 12:01:49,114.032267496,22.648560633,22.83509963775577,0.5300008288088188
BS03383D,52232.0,M2333,2.0,2,2019-01-04 12:01:51,114.048035155,22.638138852,20.456749311620325,0.4747995087337645
BS45160D,7515.0,M2333,2.0,2,2019-01-04 12:01:54,114.031287376,22.6491493696,22.95664426975488,0.5328218699568188
BS07977D,31028.0,M2333,2.0,2,2019-01-04 12:01:58,114.0460985,22.638442,20.58375360562072,0.4777472681983737
BS04785D,7548.0,M2333,2.0,2,2019-01-04 12:01:59,114.0319176,22.6486746,22.873215333532396,0.5308854910468951
BS03383D,52232.0,M2333,2.0,2,2019-01-04 12:02:01,114.047902419,22.6381608472,20.442889176461332,0.4744778161097691
BS45160D,12722.0,M2333,2.0,2,2019-01-04 12:02:04,114.030577495,22.6496841462,23.050617883743097,0.5350029899908897
BS07977D,52280.0,M2333,2.0,2,2019-01-04 12:02:08,114.0457495,22.6384881,20.61999039113289,0.478588321080099
BS04785D,7515.0,M2333,2.0,2,2019-01-04 12:02:09,114.031106592,22.6492855604,22.98057638653166,0.5333773324653278
BS03383D,52232.0,M2333,2.0,2,2019-01-04 12:02:11,114.047324162,22.6382581441,20.45609787502668,0.4747843889427399
BS45160D,12722.0,M2333,2.0,2,2019-01-04 12:02:14,114.029935966,22.6501674145,23.135541763578725,0.5369740664220223
BS07977D,52285.0,M2333,2.0,2,2019-01-04 12:02:18,114.045015975,22.6386129209,20.696653798094324,0.4803676725991826
BS04785D,7515.0,M2333,2.0,2,2019-01-04 12:02:19,114.030752601,22.6495522345,23.027437574891035,0.534464976883939
BS03383D,31028.0,M2333,2.0,2,2019-01-04 12:02:21,114.0460985,22.638442,20.58375360562072,0.4777472681983737
BS45160D,12722.0,M2333,2.0,2,2019-01-04 12:02:24,114.029885395,22.65020551,23.14223620945897,0.5371294439733021
BS07977D,52285.0,M2333,2.0,2,2019-01-04 12:02:28,114.044119763,22.6388130008,20.791475126679497,0.4825684680209727
BS04785D,12722.0,M2333,2.0,2,2019-01-04 12:02:29,114.03043935,22.6497882117,23.06890515458163,0.5354274360784841
BS03383D,52280.0,M2333,2.0,2,2019-01-04 12:02:31,114.0456267,22.6385121,20.63289018884789,0.4788877243491398
BS45160D,12722.0,M2333,2.0,2,2019-01-04 12:02:32,114.029725149,22.6503262251,23.1634491581435,0.5376217948087542
BS45160D,12722.0,M2333,2.0,2,2019-01-04 12:02:34,114.029626124,22.650400821,23.17655777308943,0.5379260447089557
BS07977D,52285.0,M2333,2.0,2,2019-01-04 12:02:37,114.043550409,22.6389620847,20.852360295193076,0.4839816078927605
BS04785D,12722.0,M2333,2.0,2,2019-01-04 12:02:39,114.030241778,22.649937044,23.09505920531257,0.5360344694956358
BS03383D,52285.0,M2333,2.0,2,2019-01-04 12:02:41,114.044958092,22.6386224765,20.70269715328936,0.4805079383879448
BS45160D,12722.0,M2333,2.0,2,2019-01-04 12:02:44,114.029294786,22.6506504204,23.2204193019178,0.5389440672707413
BS07977D,52285.0,M2333,2.0,2,2019-01-04 12:02:48,114.043414496,22.6390224906,20.86785007646229,0.4843411244721047
BS04785D,12722.0,M2333,2.0,2,2019-01-04 12:02:49,114.029712301,22.6503359036,23.165149939572085,0.5376612698091295
BS03383D,52285.0,M2333,2.0,2,2019-01-04 12:02:51,114.044414744,22.6387400053,20.76009407818726,0.4818401164055379
BS45160D,12722.0,M2333,2.0,2,2019-01-04 12:02:54,114.029098351,22.6507983966,23.24642277150493,0.5395476057116376
BS07977D,53643.0,M2333,2.0,2,2019-01-04 12:02:58,114.04306056,22.6391798088,20.90818817639829,0.4852773685322493
BS04785D,12722.0,M2333,2.0,2,2019-01-04 12:02:59,114.029349706,22.6506090491,23.21314918488157,0.5387753284381605
BS03383D,52285.0,M2333,2.0,2,2019-01-04 12:03:01,114.043905495,22.6388660231,20.88097084555857,0.4846456564691599
BS45160D,12714.0,M2333,2.0,2,2019-01-04 12:03:04,114.028973504,22.6508924317,23.262948706576555,0.539931171337527
BS07977D,53643.0,M2333,2.0,2,2019-01-04 12:03:08,114.042867311,22.6392657068,20.930212866283465,0.4857885598157809
BS03383D,52285.0,M2333,2.0,2,2019-01-04 12:03:09,114.04357023,22.6389532755,20.850101335164645,0.4839291776119075
BS04785D,12722.0,M2333,2.0,2,2019-01-04 12:03:09,114.029277484,22.6506634545,23.22270971346405,0.5389972275387972
BS45160D,12714.0,M2333,2.0,2,2019-01-04 12:03:09,114.028534426,22.6512231378,23.321068585791146,0.541280129066753
BS03383D,52285.0,M2333,2.0,2,2019-01-04 12:03:11,114.043483869,22.6389916584,20.85994376500808,0.4841576196181726
BS45160D,12714.0,M2333,2.0,2,2019-01-04 12:03:14,114.028216873,22.6515150908,23.36732029693804,0.542353627568207
BS04785D,12714.0,M2333,2.0,2,2019-01-04 12:03:18,114.028476247,22.6512669572,23.328769615278325,0.5414588693427158
BS03383D,52285.0,M2333,2.0,2,2019-01-04 12:03:21,114.04343007,22.6390155691,20.866075147505,0.4842999285135427
BS45160D,81997.0,M2333,2.0,2,2019-01-04 12:03:24,114.027549176,22.652322332,23.48001900378843,0.5449693555038816
BS04785D,12714.0,M2333,2.0,2,2019-01-04 12:03:29,114.027828012,22.6519856232,23.444511960744627,0.5441452398862447
BS45160D,81997.0,M2333,2.0,2,2019-01-04 12:03:34,114.026813323,22.6532069845,23.603783473675744,0.5478419189110018
BS04785D,81997.0,M2333,2.0,2,2019-01-04 12:03:39,114.027343615,22.6525694607,23.514592756339955,0.5457718095241408
BS45160D,81997.0,M2333,2.0,2,2019-01-04 12:03:42,114.026289207,22.6538370846,23.691935394466466,0.5498879179134726
BS45160D,81997.0,M2333,2.0,2,2019-01-04 12:03:44,114.026235502,22.6539016501,23.70096816513597,0.5500975677953309
BS04785D,81997.0,M2333,2.0,2,2019-01-04 12:03:49,114.026729598,22.653307641,23.61786541931903,0.5481687597385251
BS45160D,81997.0,M2333,2.0,2,2019-01-04 12:03:54,114.025849128,22.6543661545,23.76595291286969,0.5516058585715995
BS04785D,81997.0,M2333,2.0,2,2019-01-04 12:03:59,114.026180846,22.6539673587,23.710160866225586,0.5503109296493965
BS45160D,81997.0,M2333,2.0,2,2019-01-04 12:04:04,114.025777606,22.6544521396,23.777982310752613,0.5518850599304357
BS04785D,81997.0,M2333,2.0,2,2019-01-04 12:04:05,114.02597748,22.6542118481,23.744365251043597,0.5511048106742232
BS04785D,81997.0,M2333,2.0,2,2019-01-04 12:04:09,114.025894977,22.654311034,23.75824149888393,0.5514268772722587
BS45160D,81997.0,M2333,2.0,2,2019-01-04 12:04:13,114.025461851,22.6548317447,23.83108947534804,0.5531176729558996
BS04785D,81997.0,M2333,2.0,2,2019-01-04 12:04:19,114.025829984,22.6543891692,23.769172721947665,0.551680590081731
BS45160D,81997.0,M2333,2.0,2,2019-01-04 12:04:24,114.025310674,22.6550134922,23.85651610855064,0.553707823070634
BS04785D,81997.0,M2333,2.0,2,2019-01-04 12:04:29,114.025631614,22.654627653,23.80253684433996,0.5524549686831346
BS04785D,81997.0,M2333,2.0,2,2019-01-04 12:04:34,114.025470735,22.6548210636,23.829595211545925,0.55308299121305
BS04785D,81997.0,M2333,2.0,2,2019-01-04 12:04:49,114.025414813,22.6548882941,23.83900081113649,0.5533012944242259
BS45160D,81997.0,M2333,2.0,2,2019-01-04 12:04:54,114.025199784,22.6551468051,23.875166738400026,0.5541407026916907
BS04785D,81997.0,M2333,2.0,2,2019-01-04 12:04:59,114.025267387,22.6550655322,23.863796565841103,0.5538768018996851
BS45160D,55704.0,M2333,2.0,2,2019-01-04 12:05:04,114.0250001,22.6553856,23.908641153654894,0.5549176411815775
BS04785D,55704.0,M2333,2.0,2,2019-01-04 12:05:09,114.0250001,22.6553856,23.908641153654894,0.5549176411815775
BS45160D,15546.0,M2333,2.0,2,2019-01-04 12:05:14,114.024256065,22.6562583963,24.03188800411692,0.5577781906834044
BS45160D,15546.0,M2333,2.0,2,2019-01-04 12:05:16,114.024104273,22.6564364578,24.05703185085843,0.5583617773470863
BS04785D,15546.0,M2333,2.0,2,2019-01-04 12:05:19,114.024448688,22.6560324383,23.99998068942172,0.5570376244716607
BS45160D,34949.0,M2333,2.0,2,2019-01-04 12:05:24,114.023780476,22.6568175569,24.11077790266305,0.5596092188933693
BS04785D,15546.0,M2333,2.0,2,2019-01-04 12:05:28,114.024099518,22.6564420355,24.05781948239154,0.5583800582117187
BS04785D,15546.0,M2333,2.0,2,2019-01-04 12:05:29,114.024068783,22.6564780897,24.06291064356399,0.5584982236536831
BS45160D,34949.0,M2333,2.0,2,2019-01-04 12:05:34,114.023430035,22.6572350128,24.169381744106115,0.5609694093470536
BS04785D,34949.0,M2333,2.0,2,2019-01-04 12:05:39,114.023733168,22.6568739124,24.118689236674022,0.5597928403204405
BS45160D,34949.0,M2333,2.0,2,2019-01-04 12:05:44,114.023404339,22.6572656227,24.173678858062846,0.5610691450169076
BS45160D,34949.0,M2333,2.0,2,2019-01-04 12:05:48,114.023191109,22.6575196295,24.20933709725565,0.5618967698850208
BS04785D,34949.0,M2333,2.0,2,2019-01-04 12:05:49,114.023514094,22.6571348795,24.155324688934943,0.5606431462253892
BS45160D,34949.0,M2333,2.0,2,2019-01-04 12:05:54,114.022971906,22.6577807499,24.2459940268908,0.5627475742781005
BS04785D,34949.0,M2333,2.0,2,2019-01-04 12:05:59,114.023483563,22.6571712485,24.160430311663603,0.560761647318912
BS45160D,34949.0,M2333,2.0,2,2019-01-04 12:06:04,114.022932319,22.6578279072,24.25261410737636,0.5629012258145416
BS04785D,34949.0,M2333,2.0,2,2019-01-04 12:06:05,114.023304215,22.6573848935,24.190422470948644,0.5614577629273831
BS04785D,34949.0,M2333,2.0,2,2019-01-04 12:06:09,114.023210013,22.6574971102,24.206175782494544,0.5618233960232863
BS04785D,34949.0,M2333,2.0,2,2019-01-04 12:06:19,114.023063746,22.6576713476,24.230635783461302,0.562391110681453
BS45160D,67506.0,M2333,2.0,2,2019-01-04 12:07:34,114.0226689,22.6581417,24.296665260252365,0.563923649535245
BS04785D,34949.0,M2333,2.0,2,2019-01-04 12:07:39,114.022789523,22.6579980101,24.276493659746773,0.5634554683074001
BS45160D,55696.0,M2333,2.0,2,2019-01-04 12:07:44,114.022327809,22.6585202705,24.351345125775428,0.5651927648229428
BS04785D,67506.0,M2333,2.0,2,2019-01-04 12:07:49,114.0225218,22.6582922,24.319167288918592,0.5644459198135521
BS45160D,55696.0,M2333,2.0,2,2019-01-04 12:07:54,114.021784193,22.6591595622,24.44153140920687,0.5672859812189344
BS45160D,55696.0,M2333,2.0,2,2019-01-04 12:07:58,114.021649707,22.6593195721,24.464004315976823,0.5678075755803675
BS04785D,55696.0,M2333,2.0,2,2019-01-04 12:07:59,114.022103515,22.6587839671,24.38854934760093,0.5660562718238101
BS45160D,55696.0,M2333,2.0,2,2019-01-04 12:08:04,114.021399526,22.6596172367,24.505810207226112,0.5687778869590217
BS04785D,55696.0,M2333,2.0,2,2019-01-04 12:08:09,114.02171529,22.6592415419,24.45304503876792,0.5675532116364389
BS04785D,55696.0,M2333,2.0,2,2019-01-04 12:08:12,114.021618124,22.6593571502,24.469281983442293,0.5679300698184155
BS45160D,55696.0,M2333,2.0,2,2019-01-04 12:08:14,114.021116965,22.6599534265,24.55302680301632,0.5698737803555612
BS04785D,55696.0,M2333,2.0,2,2019-01-04 12:08:19,114.021385613,22.6596337902,24.508135091783583,0.5688318473428996
BS04785D,55696.0,M2333,2.0,2,2019-01-04 12:08:29,114.021205113,22.6598485491,24.53829713354333,0.5695319059099663
BS45160D,55696.0,M2333,2.0,2,2019-01-04 12:08:34,114.020931946,22.6601735614,24.583943893785257,0.5705913635494967
BS04785D,55696.0,M2333,2.0,2,2019-01-04 12:08:39,114.021111444,22.659959995,24.553949342942857,0.5698951924331712
BS45160D,55696.0,M2333,2.0,2,2019-01-04 12:08:44,114.020859626,22.6602596076,24.59602873563969,0.5708718517584592
BS04785D,55696.0,M2333,2.0,2,2019-01-04 12:08:49,114.021024791,22.6600630952,24.568429325112927,0.5702312716565167
BS45160D,10022.0,M2333,2.0,2,2019-01-04 12:08:52,114.02073522,22.6604076332,24.616817925386574,0.5713543671829986
BS04785D,55696.0,M2333,2.0,2,2019-01-04 12:08:54,114.020874433,22.66024199,24.59355442875297,0.5708144232943188
BS45160D,10022.0,M2333,2.0,2,2019-01-04 12:08:54,114.020721388,22.6604240912,24.619129346052123,0.5714080150710262
BS04785D,10022.0,M2333,2.0,2,2019-01-04 12:08:59,114.020784351,22.6603491737,24.60860771532669,0.5711638088668336
BS45160D,10022.0,M2333,2.0,2,2019-01-04 12:09:04,114.020317015,22.6609086105,24.686998427557672,0.5729832510025114
BS00406D,79464.0,M2333,2.0,2,2019-01-04 12:09:06,113.949492074,22.6884088974,33.65216989705398,0.7810641608571792
BS04785D,10022.0,M2333,2.0,2,2019-01-04 12:09:09,114.020354619,22.660863169,24.68065339242496,0.5728359832466221
BS06787D,79464.0,M2333,2.0,2,2019-01-04 12:09:12,113.949410429,22.6883087672,33.666057563860114,0.7813864924884939
BS45160D,10040.0,M2333,2.0,2,2019-01-04 12:09:14,114.01975757,22.6615833372,24.78127936928095,0.5751715040886328
BS00406D,79464.0,M2333,2.0,2,2019-01-04 12:09:16,113.94927387,22.6881412904,33.68935716878115,0.7819272744476253
BS04785D,10040.0,M2333,2.0,2,2019-01-04 12:09:19,114.019877926,22.661438798,24.76105052509721,0.5747019942396152
BS06787D,79464.0,M2333,2.0,2,2019-01-04 12:09:22,113.949292797,22.6881645031,33.686133763048005,0.7818524594594162
BS45160D,10040.0,M2333,2.0,2,2019-01-04 12:09:24,114.019527222,22.6618599726,24.819995584348373,0.5760701043312239
BS00406D,79464.0,M2333,2.0,2,2019-01-04 12:09:26,113.949256567,22.6881200694,33.69230399809415,0.7819956701193335
BS04785D,10040.0,M2333,2.0,2,2019-01-04 12:09:29,114.019662901,22.6616970301,24.797191154499014,0.5755408153457409
BS06787D,79464.0,M2333,2.0,2,2019-01-04 12:09:32,113.949260059,22.6881243524,33.691709258960294,0.7819818662717976
BS45160D,10040.0,M2333,2.0,2,2019-01-04 12:09:34,114.019489092,22.6619057636,24.82640425568473,0.5762188490782894
BS04785D,10040.0,M2333,2.0,2,2019-01-04 12:09:39,114.019595061,22.6617785014,24.808593406449777,0.5758054606978547
BS45160D,10040.0,M2333,2.0,2,2019-01-04 12:09:44,114.019370953,22.6620476423,24.846260678240995,0.5766797150512407
BS45160D,55702.0,M2333,2.0,2,2019-01-04 12:10:54,114.019125655,22.6623501269,24.88820136008328,0.5776531549087338
BS04785D,10040.0,M2333,2.0,2,2019-01-04 12:10:59,114.019531616,22.6618546956,24.8192570514158,0.576052963041167
BS45160D,55702.0,M2333,2.0,2,2019-01-04 12:11:00,114.018787905,22.6628284302,24.95152949236082,0.5791229957733
BS45160D,55702.0,M2333,2.0,2,2019-01-04 12:11:04,114.018579609,22.6631344758,24.991612034135084,0.5800533083490331
BS04785D,55702.0,M2333,2.0,2,2019-01-04 12:11:09,114.019152293,22.6623126355,24.883228188344965,0.5775377279920605
BS45160D,55702.0,M2333,2.0,2,2019-01-04 12:11:14,114.018358893,22.6634587707,25.034086737128455,0.5810391427945581
BS04785D,55702.0,M2333,2.0,2,2019-01-04 12:11:17,114.018720722,22.6629271409,24.96445716787809,0.5794230460838927
BS04785D,55702.0,M2333,2.0,2,2019-01-04 12:11:19,114.018678481,22.6629892045,24.972585584894333,0.5796117059900833
BS45160D,55702.0,M2333,2.0,2,2019-01-04 12:11:24,114.018323749,22.6635104061,25.04084984315505,0.581196113942321
BS04785D,55702.0,M2333,2.0,2,2019-01-04 12:11:29,114.018400786,22.6633972173,25.02602469010627,0.5808520233305996
BS45160D,55702.0,M2333,2.0,2,2019-01-04 12:11:34,114.018114664,22.6638176113,25.081087008419544,0.5821300153168452
BS45160D,55702.0,M2333,2.0,2,2019-01-04 12:11:36,114.018055418,22.66390466,25.092488561902314,0.5823946444575732
BS04785D,55702.0,M2333,2.0,2,2019-01-04 12:11:39,114.018363868,22.6634514598,25.03312922261569,0.5810169189596104
BS45160D,55702.0,M2333,2.0,2,2019-01-04 12:11:44,114.017688016,22.6644444773,25.163202735326266,0.5840359147440077
BS04785D,55702.0,M2333,2.0,2,2019-01-04 12:11:49,114.01809125,22.6638520133,25.08559293193486,0.5822345974397853
BS04785D,55702.0,M2333,2.0,2,2019-01-04 12:11:51,114.018001691,22.6639835998,25.102828033990875,0.5826346227744325
BS45160D,55702.0,M2333,2.0,2,2019-01-04 12:11:54,114.017449654,22.6647946989,25.209075052626403,0.5851006075447459
BS04785D,55702.0,M2333,2.0,2,2019-01-04 12:11:59,114.017703344,22.6644219555,25.16025283275061,0.5839674477421203
BS45160D,55702.0,M2333,2.0,2,2019-01-04 12:12:04,114.017065641,22.6653589214,25.282977389035604,0.5868158748380413
BS04785D,55702.0,M2333,2.0,2,2019-01-04 12:12:09,114.017595155,22.6645809161,25.181073623039318,0.5844506966126977
BS07325D,63083.0,M2333,2.0,2,2019-01-04 12:12:11,113.906398076,22.7093283102,41.450910749554176,0.9620723097621304
BS45160D,55702.0,M2333,2.0,2,2019-01-04 12:12:14,114.016715736,22.6658730301,25.35031569145185,0.5883787914294881
BS00077D,63083.0,M2333,2.0,2,2019-01-04 12:12:16,113.906488385,22.7092464348,41.4443280994758,0.9619195269824342
BS07325D,63083.0,M2333,2.0,2,2019-01-04 12:12:21,113.906369437,22.7093556063,41.4551291382505,0.9621702182250124
BS45160D,55702.0,M2333,2.0,2,2019-01-04 12:12:24,114.016676157,22.6659311831,25.3579325935781,0.5885555791161594
BS00077D,63083.0,M2333,2.0,2,2019-01-04 12:12:26,113.906359195,22.7093653681,41.45663774036608,0.962205232758966
BS07325D,63083.0,M2333,2.0,2,2019-01-04 12:12:31,113.906408962,22.7093179339,41.44930723374336,0.9620350922889324
BS00077D,63083.0,M2333,2.0,2,2019-01-04 12:12:36,113.906323965,22.7093989463,41.461826963716206,0.9623256742161996
BS04785D,55702.0,M2333,2.0,2,2019-01-04 12:12:39,114.017569278,22.6646189364,25.186053567881835,0.5845662807325757
BS07325D,63083.0,M2333,2.0,2,2019-01-04 12:12:41,113.906396923,22.7093294089,41.45108056232778,0.962076251102969
BS04785D,55702.0,M2333,2.0,2,2019-01-04 12:12:49,114.017550745,22.6646461666,25.18962020397749,0.5846490620699355
BS04785D,55702.0,M2333,2.0,2,2019-01-04 12:12:59,114.01737286,22.6649075304,25.223853837359684,0.5854436219515881
BS04785D,55702.0,M2333,2.0,2,2019-01-04 12:13:09,114.016991458,22.6654679166,25.297253676276217,0.587147226318432
BS04785D,55702.0,M2333,2.0,2,2019-01-04 12:13:19,114.016846301,22.6656811938,25.32518883918177,0.5877955992061233
BS45160D,24811.0,M2333,2.0,2,2019-01-04 12:14:14,114.0166023,22.6660397,25.37214619105156,0.5888854755720887
BS45160D,67526.0,M2333,2.0,2,2019-01-04 12:14:20,114.0164081,22.6661551,25.401110520497166,0.5895577353325271
BS45160D,25036.0,M2333,2.0,2,2019-01-04 12:14:24,114.015973573,22.6660556323,25.44710653881867,0.5906252992240372
BS04785D,24811.0,M2333,2.0,2,2019-01-04 12:14:29,114.016554781,22.6661116999,25.38149619213686,0.5891024883464223
BS04785D,67526.0,M2333,2.0,2,2019-01-04 12:14:31,114.0164081,22.6661551,25.401110520497166,0.5895577353325271
BS45160D,25036.0,M2333,2.0,2,2019-01-04 12:14:34,114.015346988,22.6659121484,25.513433924738223,0.592164752524778
BS04785D,25036.0,M2333,2.0,2,2019-01-04 12:14:39,114.0156709,22.6659863387,25.479145653529795,0.591368924503566
BS04785D,25036.0,M2333,2.0,2,2019-01-04 12:14:49,114.015484053,22.6659435425,25.498924664693224,0.5918279937643064
BS45160D,25036.0,M2333,2.0,2,2019-01-04 12:14:50,114.015102342,22.6658561132,25.539331376068866,0.5927658302904548
BS45160D,25036.0,M2333,2.0,2,2019-01-04 12:14:54,114.014681834,22.6657597979,25.681452345726395,0.5960644465831144
BS04785D,25036.0,M2333,2.0,2,2019-01-04 12:14:59,114.01525432,22.6658909232,25.52324346388648,0.5923924311406491
BS45160D,25036.0,M2333,2.0,2,2019-01-04 12:15:04,114.013824764,22.6655357468,25.6754795328084,0.5959258180749373
BS04785D,25036.0,M2333,2.0,2,2019-01-04 12:15:09,114.01505898,22.6658461813,25.543921541289823,0.5928723676566181
BS45160D,5336.0,M2333,2.0,2,2019-01-04 12:15:11,114.01315122,22.6651065734,25.75972814507614,0.5978812216000469
BS45160D,5336.0,M2333,2.0,2,2019-01-04 12:15:14,114.012961481,22.664956437,25.78532931005076,0.598475422583194
BS04785D,25036.0,M2333,2.0,2,2019-01-04 12:15:19,114.014134425,22.6656324691,25.64184613517121,0.5951451896167241
BS45160D,5336.0,M2333,2.0,2,2019-01-04 12:15:24,114.012165347,22.6643264749,25.893000292568285,0.6009744574408566
BS04785D,5336.0,M2333,2.0,2,2019-01-04 12:15:29,114.013152864,22.6651078745,25.75950640496651,0.5978760750299092
BS04785D,5336.0,M2333,2.0,2,2019-01-04 12:15:31,114.012989317,22.6649784634,25.78157241051271,0.5983882252466155
BS45160D,5336.0,M2333,2.0,2,2019-01-04 12:15:34,114.012123326,22.6642932244,25.89867560152651,0.6011061809060186
BS04785D,5336.0,M2333,2.0,2,2019-01-04 12:15:39,114.01248563,22.6645799078,25.84957299419736,0.5999665133331172
BS45160D,5336.0,M2333,2.0,2,2019-01-04 12:15:44,114.012048615,22.6642341078,25.908765919552803,0.6013403763771011
BS04785D,5336.0,M2333,2.0,2,2019-01-04 12:15:49,114.01221453,22.6643653926,25.88635769067445,0.600820283184338
BS00406D,28969.0,M2333,2.0,2,2019-01-04 12:16:06,113.940285191,22.6835189806,34.832820684224515,0.8084669708146867
BS06787D,30099.0,M2333,2.0,2,2019-01-04 12:16:12,113.942520575,22.6837139099,34.60179819829289,0.8031049574685838
BS45160D,5336.0,M2333,2.0,2,2019-01-04 12:16:13,114.012004686,22.664199348,25.914698889518647,0.6014780801335584
BS45160D,5336.0,M2333,2.0,2,2019-01-04 12:16:14,114.011968234,22.6641705038,25.91962208363316,0.6015923470735968
BS00406D,56182.0,M2333,2.0,2,2019-01-04 12:16:16,113.939367977,22.6833731591,34.92844696329569,0.810686449072615
BS00406D,56182.0,M2333,2.0,2,2019-01-04 12:16:18,113.939117979,22.6833334044,34.95451127382082,0.8112913996267964
BS04785D,5336.0,M2333,2.0,2,2019-01-04 12:16:19,114.012115433,22.6642869791,25.89974160003002,0.6011309226456796
BS04785D,5336.0,M2333,2.0,2,2019-01-04 12:16:21,114.011979883,22.6641797215,25.918048778684387,0.6015558307920807
BS06787D,30099.0,M2333,2.0,2,2019-01-04 12:16:22,113.941414341,22.6836636936,34.71561058792383,0.80574653389216
BS45160D,35098.0,M2333,2.0,2,2019-01-04 12:16:24,114.0112365,22.6635915,26.018449083019338,0.6038861137930011
BS00406D,56182.0,M2333,2.0,2,2019-01-04 12:16:26,113.938753154,22.6832753898,34.99254724146249,0.8121742113812632
BS04785D,5336.0,M2333,2.0,2,2019-01-04 12:16:29,114.011598599,22.6638780204,25.96954445254969,0.60275104124711
BS06787D,28853.0,M2333,2.0,2,2019-01-04 12:16:32,113.940723251,22.6835847421,34.78722039558482,0.8074085917773121
BS45160D,15751.0,M2333,2.0,2,2019-01-04 12:16:34,114.010835284,22.6632543734,26.074073629947083,0.6051771550602384
BS00406D,56182.0,M2333,2.0,2,2019-01-04 12:16:36,113.938583781,22.683248456,35.01020575770158,0.8125840641250969
BS04785D,35098.0,M2333,2.0,2,2019-01-04 12:16:39,114.0111858,22.6635491,26.02546317800322,0.6040489103743067
BS45160D,15751.0,M2333,2.0,2,2019-01-04 12:16:40,114.010399654,22.6628880794,26.134488020321957,0.6065793682092329
BS06787D,28969.0,M2333,2.0,2,2019-01-04 12:16:42,113.940003851,22.6834742545,34.86215239516129,0.8091477574700322
BS45160D,15751.0,M2333,2.0,2,2019-01-04 12:16:44,114.010314304,22.6628163147,26.146324550449663,0.6068540931229589
BS00406D,56381.0,M2333,2.0,2,2019-01-04 12:16:46,113.93819092,22.6831859662,35.051165047325,0.8135347259480014
BS04785D,15751.0,M2333,2.0,2,2019-01-04 12:16:49,114.010474212,22.6629507705,26.12414810570512,0.6063393796213279
BS06787D,56182.0,M2333,2.0,2,2019-01-04 12:16:52,113.939199696,22.683346399,34.94599161661615,0.8110936590672511
BS06787D,56182.0,M2333,2.0,2,2019-01-04 12:16:53,113.939116363,22.6833331474,34.95467975533596,0.8112953100692328
BS04785D,15751.0,M2333,2.0,2,2019-01-04 12:16:54,114.010357147,22.6628523383,26.14038298703349,0.6067161899132095
BS45160D,15751.0,M2333,2.0,2,2019-01-04 12:16:54,114.009959782,22.6625182191,26.19549075167177,0.6079952367050089
BS00406D,56381.0,M2333,2.0,2,2019-01-04 12:16:55,113.937970054,22.6831508336,35.1338815187246,0.8154545686066007
BS00406D,56381.0,M2333,2.0,2,2019-01-04 12:16:56,113.937878097,22.6831362064,35.1242941662451,0.8152320469254684
BS04785D,15751.0,M2333,2.0,2,2019-01-04 12:16:59,114.010297675,22.6628023321,26.148630732586064,0.6069076194251457
BS06787D,56182.0,M2333,2.0,2,2019-01-04 12:17:02,113.938773521,22.6832786284,34.99042381911104,0.8121249269190084
BS45160D,15751.0,M2333,2.0,2,2019-01-04 12:17:04,114.009495455,22.6621277966,26.36402379011293,0.6119068749931028
BS00406D,56381.0,M2333,2.0,2,2019-01-04 12:17:06,113.93720283,22.6830685169,35.15363673788876,0.8159130856569486
BS04785D,15751.0,M2333,2.0,2,2019-01-04 12:17:09,114.009952548,22.6625121363,26.1964939988186,0.6080185219907206
BS04785D,15751.0,M2333,2.0,2,2019-01-04 12:17:19,114.009684542,22.6622867872,26.390246933370264,0.6125155120422435
BS06787D,56381.0,M2333,2.0,2,2019-01-04 12:17:22,113.938481585,22.6832322016,35.02086058410604,0.8128313617903036
BS45160D,15751.0,M2333,2.0,2,2019-01-04 12:17:24,114.009337481,22.6619949661,26.34211542205005,0.6113983835297251
BS45160D,15751.0,M2333,2.0,2,2019-01-04 12:17:25,114.009277298,22.6619443618,26.33376902516848,0.6112046643283652
BS04785D,15751.0,M2333,2.0,2,2019-01-04 12:17:29,114.009563491,22.6621850031,26.37345919422431,0.6121258699648133
BS04785D,15751.0,M2333,2.0,2,2019-01-04 12:17:32,114.009393531,22.6620420947,26.349888600341803,0.611578798373648
BS06787D,56381.0,M2333,2.0,2,2019-01-04 12:17:32,113.938122976,22.6831751585,35.05824882728457,0.8136991399119967
BS45160D,15751.0,M2333,2.0,2,2019-01-04 12:17:34,114.008663257,22.6614862756,26.37116136856605,0.6120725376158129
BS00406D,85730.0,M2333,2.0,2,2019-01-04 12:17:36,113.93670173,22.6830759789,35.205256491209205,0.8171111759861673
BS06787D,56381.0,M2333,2.0,2,2019-01-04 12:17:36,113.937993518,22.6831545659,35.07174600282034,0.8140124082722848
BS04785D,15751.0,M2333,2.0,2,2019-01-04 12:17:39,114.008970016,22.6617051066,26.331396625343658,0.6111496011189479
BS00406D,85730.0,M2333,2.0,2,2019-01-04 12:17:42,113.936151882,22.6831359506,35.26214799785577,0.8184316232867348
BS06787D,56381.0,M2333,2.0,2,2019-01-04 12:17:42,113.937548315,22.6830929272,35.118026666136984,0.8150865787512735
BS45160D,15751.0,M2333,2.0,2,2019-01-04 12:17:44,114.008005962,22.6610481519,26.454805728311317,0.6140139164884006
BS00406D,85730.0,M2333,2.0,2,2019-01-04 12:17:46,113.935888953,22.6831646281,35.317568893643134,0.8197179378273582
BS04785D,15751.0,M2333,2.0,2,2019-01-04 12:17:49,114.008462102,22.6613427791,26.42764824219446,0.6133835934165234
BS06787D,85730.0,M2333,2.0,2,2019-01-04 12:17:52,113.936716331,22.6830743864,35.20374575934926,0.8170761120210182
BS45160D,19170.0,M2333,2.0,2,2019-01-04 12:17:54,114.007079843,22.6610277191,26.55052308807388,0.6162355087218618
BS00406D,85730.0,M2333,2.0,2,2019-01-04 12:17:56,113.935788059,22.6831756325,35.30712962941955,0.8194756433430589
BS04785D,19170.0,M2333,2.0,2,2019-01-04 12:17:59,114.007760769,22.6610112298,26.480515498161694,0.6146106381819928
BS06787D,85730.0,M2333,2.0,2,2019-01-04 12:17:59,113.93614448,22.6831367578,35.26291386386662,0.8184493989753434
BS06787D,85730.0,M2333,2.0,2,2019-01-04 12:18:02,113.936076006,22.6831442263,35.26999871013462,0.8186138376882718
BS00406D,85730.0,M2333,2.0,2,2019-01-04 12:18:06,113.935422796,22.6832022963,35.33744539685716,0.8201792698707638
BS04785D,19170.0,M2333,2.0,2,2019-01-04 12:18:09,114.007432712,22.661019174,26.51422218907676,0.6153929677712997
BS06787D,85730.0,M2333,2.0,2,2019-01-04 12:18:12,113.935891147,22.6831643887,35.31779590298686,0.819723206695996
BS45160D,19170.0,M2333,2.0,2,2019-01-04 12:18:14,114.006682977,22.6610373295,26.61400109937036,0.6177088282664215
BS04785D,19170.0,M2333,2.0,2,2019-01-04 12:18:15,114.00705863,22.6610282328,26.5527040331882,0.6162861282828235
BS00406D,85730.0,M2333,2.0,2,2019-01-04 12:18:16,113.93516509,22.6832156949,35.363979442761256,0.8207951229453687
BS04785D,19170.0,M2333,2.0,2,2019-01-04 12:18:19,114.006906131,22.6610319257,26.56838271797557,0.6166500292976542
BS45160D,19170.0,M2333,2.0,2,2019-01-04 12:18:24,114.00655341,22.6610404478,26.604646514996364,0.6174917091143254
BS04785D,19170.0,M2333,2.0,2,2019-01-04 12:18:29,114.006769252,22.6610352403,26.62287118020716,0.6179147021303275
BS06787D,85730.0,M2333,2.0,2,2019-01-04 12:18:32,113.935640635,22.6831872391,35.31499819520188,0.8196582721229778
BS45160D,19170.0,M2333,2.0,2,2019-01-04 12:18:34,114.006340521,22.6610453897,26.62653339400079,0.6179997018183819
BS04785D,19170.0,M2333,2.0,2,2019-01-04 12:18:39,114.006647161,22.6610381969,26.610318794701413,0.6176233622707644
BS06787D,85730.0,M2333,2.0,2,2019-01-04 12:18:42,113.93553525,22.6831945234,35.32585758413576,0.8199103176680649
BS00406D,85730.0,M2333,2.0,2,2019-01-04 12:18:44,113.934974207,22.6832118241,35.383607267698586,0.8212506831859423
BS45160D,19170.0,M2333,2.0,2,2019-01-04 12:18:44,114.006119609,22.6610505178,26.649245107681335,0.6185268388690325
BS00406D,85730.0,M2333,2.0,2,2019-01-04 12:18:46,113.934822292,22.6832054144,35.401742509286194,0.8216716006868315
BS45160D,19170.0,M2333,2.0,2,2019-01-04 12:18:46,114.0059288,22.6610549472,26.668861965437976,0.618982144562223
BS04785D,19170.0,M2333,2.0,2,2019-01-04 12:18:49,114.006387999,22.6610442876,26.62165223429424,0.6178864104935767
BS06787D,85730.0,M2333,2.0,2,2019-01-04 12:18:52,113.935195403,22.6832153417,35.36086422681258,0.8207228190333689
BS45160D,19170.0,M2333,2.0,2,2019-01-04 12:18:54,114.005412729,22.661077896,26.721965115762774,0.620214664416788
BS04785D,19170.0,M2333,2.0,2,2019-01-04 12:18:55,114.005931013,22.6610548958,26.668634449335364,0.6189768639317522
BS06787D,85730.0,M2333,2.0,2,2019-01-04 12:18:55,113.934999786,22.6832129033,35.380976048617086,0.821189612802362
BS00406D,50451.0,M2333,2.0,2,2019-01-04 12:18:56,113.93418232,22.6831574303,35.46521308694602,0.8231447476972814
BS04785D,19170.0,M2333,2.0,2,2019-01-04 12:18:59,114.005743596,22.6610620574,26.687914489615483,0.619424352118361
BS06787D,50451.0,M2333,2.0,2,2019-01-04 12:19:02,113.934567058,22.6831862028,35.425549129770424,0.8222241504364686
BS45160D,19170.0,M2333,2.0,2,2019-01-04 12:19:04,114.004389177,22.6611146512,26.827245585314405,0.6226582156604833
BS00406D,50451.0,M2333,2.0,2,2019-01-04 12:19:06,113.933816727,22.6831300896,35.502903327743645,0.8240195351594616
BS04785D,19170.0,M2333,2.0,2,2019-01-04 12:19:09,114.004748946,22.6611021279,26.790242518440262,0.6217993774498833
BS06787D,50451.0,M2333,2.0,2,2019-01-04 12:19:12,113.934055611,22.6831479544,35.47827595330994,0.8234479357765682
BS45160D,19170.0,M2333,2.0,2,2019-01-04 12:19:14,114.003836428,22.6611395563,26.885692001868428,0.624014752295135
BS04785D,19170.0,M2333,2.0,2,2019-01-04 12:19:19,114.003993338,22.6611324864,26.867976514770323,0.6236035772622386
BS06787D,50451.0,M2333,2.0,2,2019-01-04 12:19:22,113.934009947,22.6831445395,35.48298361162651,0.823557200148045
BS45160D,19170.0,M2333,2.0,2,2019-01-04 12:19:24,114.003651731,22.6611481436,26.90312854040667,0.6244194529543581
BS00406D,50451.0,M2333,2.0,2,2019-01-04 12:19:36,113.933632229,22.6831162919,35.52192386538009,0.8244610003105501
BS06787D,50451.0,M2333,2.0,2,2019-01-04 12:19:42,113.933559905,22.6831108832,35.52937999696795,0.8246340565259361
BS00406D,51045.0,M2333,2.0,2,2019-01-04 12:19:46,113.9332333,22.6830864,35.56305136457774,0.8254155662641642
BS06787D,51045.0,M2333,2.0,2,2019-01-04 12:19:52,113.9332333,22.6830864,35.56305136457774,0.8254155662641642
BS04785D,85973.0,M2333,2.0,2,2019-01-04 12:22:29,113.995840546,22.6640285153,27.78598634307348,0.6449105116559407
BS45160D,54126.0,M2333,2.0,2,2019-01-04 12:22:34,113.997326534,22.6627922864,27.5804080390787,0.640139055729285
BS04785D,85973.0,M2333,2.0,2,2019-01-04 12:22:39,113.995279421,22.6645073679,27.86432976671655,0.6467288562272907
BS45160D,24591.0,M2333,2.0,2,2019-01-04 12:22:44,113.996884542,22.6631274605,27.63945925571464,0.6415096297252693
BS04785D,85973.0,M2333,2.0,2,2019-01-04 12:22:49,113.995259291,22.6645245477,27.867140379335787,0.6467940903204755
BS45160D,85973.0,M2333,2.0,2,2019-01-04 12:22:54,113.9961072,22.6638009807,27.74875814836388,0.6440464482463587
BS45160D,85973.0,M2333,2.0,2,2019-01-04 12:22:55,113.9960046,22.6638885285,27.763082358381144,0.644378912010547
BS04785D,54130.0,M2333,2.0,2,2019-01-04 12:22:59,113.9944963,22.6651757,27.973670140901213,0.6492666375314862
BS45160D,85973.0,M2333,2.0,2,2019-01-04 12:23:04,113.995545762,22.6642800674,27.827142867456548,0.6458657512817776
BS04785D,54130.0,M2333,2.0,2,2019-01-04 12:23:09,113.9944963,22.6651757,27.973670140901213,0.6492666375314862
BS45160D,85973.0,M2333,2.0,2,2019-01-04 12:23:14,113.995256638,22.6645268117,27.8675107856174,0.6468026874205262
BS45160D,85973.0,M2333,2.0,2,2019-01-04 12:23:24,113.995233035,22.664546955,27.870806270983785,0.6468791753712344
BS01839D,63083.0,M2333,2.0,2,2019-01-04 12:49:59,113.906768527,22.7090286861,41.40037720187215,0.9608994301785512
BS04785D,63861.0,M2333,2.0,2,2019-01-04 12:49:59,113.925300794,22.6858863705,36.44660205015056,0.8459227067223531
BS35658D,63861.0,M2333,2.0,2,2019-01-04 12:50:01,113.926230184,22.6854696613,36.34053498268785,0.8434608986043097
BS06103D,63083.0,M2333,2.0,2,2019-01-04 12:50:03,113.906680957,22.7090967525,41.41211444688216,0.9611718506926686
BS01839D,63083.0,M2333,2.0,2,2019-01-04 12:50:09,113.906375917,22.7093494295,41.45417461338908,0.9621480637796324
BS04785D,63861.0,M2333,2.0,2,2019-01-04 12:50:09,113.9246295,22.6861863014,36.52316281781165,0.8476996759915184
BS35658D,63861.0,M2333,2.0,2,2019-01-04 12:50:11,113.925531132,22.6857831061,36.42031521604572,0.8453125914137564
BS06103D,63083.0,M2333,2.0,2,2019-01-04 12:50:13,113.906359364,22.7093652067,41.45661282171989,0.9622046543991892
BS35658D,63861.0,M2333,2.0,2,2019-01-04 12:50:13,113.92540107,22.6858414243,36.43515871108435,0.8456571077415891
BS04785D,63861.0,M2333,2.0,2,2019-01-04 12:50:19,113.924592728,22.6862027309,36.527356640859104,0.8477970142876627
BS01839D,63083.0,M2333,2.0,2,2019-01-04 12:50:20,113.906402107,22.709324468,41.45031698522132,0.9620585285396476
BS35658D,63861.0,M2333,2.0,2,2019-01-04 12:50:21,113.924946982,22.6860444521,36.48695416665138,0.8468592761058413
BS06103D,63083.0,M2333,2.0,2,2019-01-04 12:50:23,113.906377229,22.709348179,41.45398136040067,0.9621435783932908
BS04785D,63861.0,M2333,2.0,2,2019-01-04 12:50:29,113.924440025,22.6862709577,36.54477231842732,0.8482012307654468
BS35658D,63861.0,M2333,2.0,2,2019-01-04 12:50:31,113.924592593,22.686202791,36.52737202708867,0.8477973714008153
BS06103D,63083.0,M2333,2.0,2,2019-01-04 12:50:33,113.906381977,22.7093436541,41.45328203933168,0.962127347207439
BS04785D,63861.0,M2333,2.0,2,2019-01-04 12:50:39,113.924285158,22.6863401517,36.56243480788092,0.8486111757272703
BS35658D,63861.0,M2333,2.0,2,2019-01-04 12:50:41,113.924523989,22.6862334431,36.53519628081133,0.847978971701388
BS06103D,63083.0,M2333,2.0,2,2019-01-04 12:51:03,113.906378526,22.7093469431,41.45379034091204,0.9621391448462996
BS06103D,63083.0,M2333,2.0,2,2019-01-04 12:51:13,113.906408323,22.7093185433,41.449401384228224,0.9620372775141256
BS06103D,63083.0,M2333,2.0,2,2019-01-04 12:51:23,113.906387944,22.7093379667,41.45240311299321,0.9621069473977056
BS08123D,59956.0,M2333,2.0,3,2019-01-04 13:22:03,114.1513346,22.6145984,0.7271830865310238,0.0168778610416028
BS48818D,59956.0,M2333,2.0,3,2019-01-04 13:22:05,114.151331425,22.6145811507,0.7252452316322524,0.0168328835850227
BS08123D,59956.0,M2333,2.0,3,2019-01-04 13:22:14,114.1513346,22.6145984,0.7271830865310238,0.0168778610416028
BS48818D,59956.0,M2333,2.0,3,2019-01-04 13:22:15,114.1513346,22.6145984,0.7271830865310238,0.0168778610416028
BS08123D,59956.0,M2333,2.0,3,2019-01-04 13:22:23,114.1513346,22.6145984,0.7271830865310238,0.0168778610416028
BS48818D,59956.0,M2333,2.0,3,2019-01-04 13:22:25,114.1513346,22.6145984,0.7271830865310238,0.0168778610416028
BS48818D,59956.0,M2333,2.0,3,2019-01-04 13:22:35,114.1513346,22.6145984,0.7271830865310238,0.0168778610416028
BS48818D,59956.0,M2333,2.0,3,2019-01-04 13:22:45,114.1513346,22.6145984,0.7271830865310238,0.0168778610416028
BS04392D,51045.0,M2333,2.0,3,2019-01-04 16:16:35,113.933270563,22.6830892438,35.55920927893568,0.8253263917649527
BS00652D,50992.0,M2333,2.0,4,2019-01-04 16:16:44,113.932774976,22.6830519595,35.64064978727951,0.8272166194234942
BS04392D,50992.0,M2333,2.0,3,2019-01-04 16:16:45,113.932147763,22.6830680864,35.674975154893886,0.8280133084493091
BS04392D,50992.0,M2333,2.0,3,2019-01-04 16:16:49,113.931707545,22.6831487645,35.721175394303955,0.8290856122958846
BS00652D,50992.0,M2333,2.0,4,2019-01-04 16:16:54,113.931725921,22.6831436712,35.71920463497298,0.8290398711300755
BS04392D,50992.0,M2333,2.0,3,2019-01-04 16:16:55,113.931277037,22.6832712284,35.7674462199113,0.8301595544424305
BS00652D,50992.0,M2333,2.0,4,2019-01-04 16:17:04,113.931187701,22.6833042809,35.77734312879305,0.8303892609028
BS04392D,50992.0,M2333,2.0,3,2019-01-04 16:17:05,113.930980826,22.6833808199,35.80022903444889,0.8309204409352086
BS00652D,50992.0,M2333,2.0,4,2019-01-04 16:17:14,113.931032381,22.6833617458,35.79452567690326,0.8307880664645854
BS04392D,50992.0,M2333,2.0,3,2019-01-04 16:17:15,113.930925781,22.6834011852,35.806318477664014,0.831061776423216
BS00652D,50992.0,M2333,2.0,4,2019-01-04 16:17:24,113.930936567,22.6833971946,35.805125256994515,0.8310340818672991
BS04392D,50992.0,M2333,2.0,3,2019-01-04 16:17:25,113.930789586,22.6834515743,35.82138528101893,0.8314114757191368
BS04392D,50992.0,M2333,2.0,3,2019-01-04 16:17:29,113.930575614,22.6835307391,35.8450562856442,0.831960877835578
BS00652D,50992.0,M2333,2.0,4,2019-01-04 16:17:32,113.930623678,22.6835129564,35.83973912316883,0.831837466921522
BS00652D,50992.0,M2333,2.0,4,2019-01-04 16:17:34,113.930493357,22.6835664125,35.8543884158495,0.8321774758282219
BS04392D,50992.0,M2333,2.0,3,2019-01-04 16:17:35,113.930158317,22.6837142749,35.89251254192597,0.8330623337328807
BS00652D,50992.0,M2333,2.0,4,2019-01-04 16:17:44,113.929749244,22.6838948103,35.94287142724884,0.8342311594171304
BS04392D,54109.0,M2333,2.0,3,2019-01-04 16:17:45,113.929523269,22.683994976,35.96479543157151,0.8347400137968422
BS00652D,54109.0,M2333,2.0,4,2019-01-04 16:17:54,113.9293443,22.6840761,35.98526313096454,0.8352150674560861
BS04392D,63792.0,M2333,2.0,3,2019-01-04 16:17:55,113.928869662,22.6842866036,36.03932112868826,0.8364697492421004
BS00652D,63792.0,M2333,2.0,4,2019-01-04 16:18:04,113.928463245,22.6844683267,36.0856799586956,0.837545733963703
BS04392D,63862.0,M2333,2.0,3,2019-01-04 16:18:05,113.928296269,22.6845431991,36.104736574307104,0.8379880364816955
BS00652D,63862.0,M2333,2.0,4,2019-01-04 16:18:14,113.927879541,22.6847300748,36.15229749056896,0.8390919215287311
BS04392D,63862.0,M2333,2.0,3,2019-01-04 16:18:15,113.927602101,22.6848544886,36.18396151294429,0.8398268409452684
BS00652D,63862.0,M2333,2.0,4,2019-01-04 16:18:24,113.927214882,22.6850281311,36.22815449088341,0.8408525564142973
BS04392D,63861.0,M2333,2.0,3,2019-01-04 16:18:25,113.926989255,22.6851293049,36.25390483821564,0.8414502199079845
BS00652D,63861.0,M2333,2.0,4,2019-01-04 16:18:34,113.927085476,22.6850861606,36.242923446615386,0.8411953426908084
BS04392D,63861.0,M2333,2.0,3,2019-01-04 16:18:35,113.926544632,22.6853286675,36.30464814773745,0.8426279680470203
BS00652D,63861.0,M2333,2.0,4,2019-01-04 16:18:44,113.926511559,22.6853434969,36.30842265135949,0.8427155739729746
BS04392D,63861.0,M2333,2.0,3,2019-01-04 16:18:45,113.92560736,22.6857489269,36.41161561791564,0.8451106744397827
BS04392D,63861.0,M2333,2.0,3,2019-01-04 16:18:47,113.925306952,22.6858836191,36.44589973146396,0.8459064059620371
BS00652D,63861.0,M2333,2.0,4,2019-01-04 16:18:54,113.925483762,22.6858043463,36.425721383154986,0.8454380681182178
BS00652D,63861.0,M2333,2.0,4,2019-01-04 16:18:55,113.925374892,22.6858531619,36.43814629467962,0.8457264493169161
BS04392D,63861.0,M2333,2.0,3,2019-01-04 16:18:55,113.924695128,22.686156979,36.51567797490343,0.8475259533886924
BS00652D,63861.0,M2333,2.0,4,2019-01-04 16:19:04,113.924668335,22.6861689499,36.518733697788434,0.8475968764714621
BS04392D,63861.0,M2333,2.0,3,2019-01-04 16:19:05,113.92441929,22.6862802222,36.54713714189158,0.848256118128144
BS00652D,63861.0,M2333,2.0,4,2019-01-04 16:19:14,113.924517053,22.6862365419,36.53598731922153,0.8479973316393641
BS04392D,63861.0,M2333,2.0,3,2019-01-04 16:19:15,113.924311105,22.6863285583,36.5594755503243,0.8485424915970258
BS04392D,63861.0,M2333,2.0,3,2019-01-04 16:19:18,113.924237562,22.6863614172,36.56786309162867,0.8487371657571348
BS00652D,63861.0,M2333,2.0,4,2019-01-04 16:19:21,113.924278831,22.6863429782,36.56315638006578,0.8486279233597347
BS00652D,63861.0,M2333,2.0,4,2019-01-04 16:19:24,113.924218041,22.686370139,36.57008944401184,0.8487888392171599
BS04392D,63861.0,M2333,2.0,3,2019-01-04 16:19:25,113.924073493,22.6864347223,36.58657503822503,0.8491714685349644
BS00652D,63861.0,M2333,2.0,4,2019-01-04 16:19:54,113.924082863,22.6864305361,36.58550640958992,0.8491466657501603
BS00047D,63083.0,M2333,2.0,4,2019-01-04 17:15:01,113.906796252,22.7090071356,41.39666111457838,0.9608131800908848
BS45160D,63083.0,M2333,2.0,2,2019-01-04 17:15:04,113.906423189,22.7093043739,41.447211655044754,0.9619864540756244
BS45160D,63083.0,M2333,2.0,2,2019-01-04 17:15:10,113.906391035,22.7093350203,41.45194779647385,0.9620963795378558
BS00047D,63083.0,M2333,2.0,4,2019-01-04 17:15:11,113.906351946,22.7093722767,41.45770544465714,0.9622300140898192
BS45160D,63083.0,M2333,2.0,2,2019-01-04 17:15:20,113.906380228,22.7093453206,41.45353961997192,0.9621333256334136
BS00047D,63083.0,M2333,2.0,4,2019-01-04 17:15:21,113.90634734,22.709376667,41.45838390857816,0.9622457611829416
BS45160D,63083.0,M2333,2.0,2,2019-01-04 17:15:30,113.906377026,22.7093483723,41.454011246956966,0.9621442720578623
BS00047D,63083.0,M2333,2.0,4,2019-01-04 17:15:31,113.906404153,22.7093225175,41.45001558434938,0.962051533049614
BS45160D,63083.0,M2333,2.0,2,2019-01-04 17:15:40,113.906381633,22.709343982,41.45333271130787,0.962128523299937
BS00047D,63083.0,M2333,2.0,4,2019-01-04 17:15:42,113.906327947,22.7093951507,41.461240408873465,0.9623120603254032
BS45160D,63083.0,M2333,2.0,2,2019-01-04 17:15:50,113.90636586,22.7093590153,41.45565599172688,0.96218244645189
BS04317D,63083.0,M2333,2.0,2,2019-01-04 17:58:16,113.906424078,22.7093035272,41.44708075829051,0.9619834159724702
BS04317D,63083.0,M2333,2.0,2,2019-01-04 17:58:22,113.906390971,22.7093350816,41.451957247255805,0.962096598889746
BS07325D,63083.0,M2333,2.0,4,2019-01-04 17:58:22,113.909440195,22.7077750939,41.08971346280989,0.9536889497429148
BS07325D,63083.0,M2333,2.0,4,2019-01-04 17:58:23,113.90933562,22.7078103404,41.10114462764516,0.9539542661607564
BS04317D,63083.0,M2333,2.0,2,2019-01-04 17:58:32,113.906359598,22.709364984,41.45657838062994,0.9622038550242572
BS07325D,63083.0,M2333,2.0,4,2019-01-04 17:58:32,113.908251423,22.7081757643,41.25075628906193,0.9574267408076044
BS07325D,63083.0,M2333,2.0,4,2019-01-04 17:58:41,113.90718593,22.7087094142,41.34478882950742,0.9596092285200164
BS04317D,63083.0,M2333,2.0,2,2019-01-04 17:58:42,113.905823291,22.7098754981,41.53552263004612,0.9640361447135514
BS07325D,63083.0,M2333,2.0,4,2019-01-04 17:58:42,113.907092908,22.7087765507,41.356896866110674,0.9598902550772364
BS04317D,63083.0,M2333,2.0,2,2019-01-04 17:58:52,113.905416286,22.7102645286,41.59556099398109,0.9654296303190728
BS07325D,63083.0,M2333,2.0,4,2019-01-04 17:58:52,113.90642492,22.7093027246,41.44695672917465,0.9619805372666512
BS07325D,63083.0,M2333,2.0,4,2019-01-04 17:59:02,113.906348901,22.7093751791,41.45815397308095,0.9622404243985164
BS07325D,63083.0,M2333,2.0,4,2019-01-04 17:59:12,113.906356866,22.7093675878,41.456980783693226,0.9622131947670408
BS07325D,63083.0,M2333,2.0,4,2019-01-04 17:59:22,113.906408916,22.709317978,41.44931402971465,0.9620352500228804
BS07325D,63083.0,M2333,2.0,4,2019-01-04 17:59:32,113.906351199,22.7093729887,41.45781547636354,0.9622325679168886
BS01605D,54121.0,M2333,2.0,3,2019-01-04 18:52:31,113.92505845,22.7029343697,38.586313273477295,0.8955852323852433
BS06787D,56454.0,M2333,2.0,4,2019-01-04 18:52:32,113.92545305,22.6970851871,37.912658441926304,0.8799497578431151
BS01605D,54164.0,M2333,2.0,3,2019-01-04 18:52:41,113.9250573,22.7024612,38.63871216185649,0.8968014063766069
BS06787D,56454.0,M2333,2.0,4,2019-01-04 18:52:42,113.925391468,22.6981470628,38.03042242548755,0.8826830504444793
BS01605D,54169.0,M2333,2.0,3,2019-01-04 18:52:51,113.925056346,22.7020533381,38.683878841569,0.8978497213856026
BS06787D,56454.0,M2333,2.0,4,2019-01-04 18:52:52,113.925315937,22.6994115974,38.17067168464689,0.8859382244867843
BS01605D,54169.0,M2333,2.0,3,2019-01-04 18:53:01,113.925055565,22.7017234909,38.72040616371999,0.8986975175993831
BS06787D,56632.0,M2333,2.0,4,2019-01-04 18:53:02,113.925266777,22.7005670384,38.29873967108259,0.8889106721673967
BS06787D,56439.0,M2333,2.0,4,2019-01-04 18:53:07,113.925259168,22.7010345571,38.35052160652819,0.8901125267307162
BS01605D,54169.0,M2333,2.0,3,2019-01-04 18:53:11,113.925054399,22.7012447121,38.864346525783,0.9020383618436668
BS06787D,56439.0,M2333,2.0,4,2019-01-04 18:53:12,113.925259099,22.7014846925,38.400369305988846,0.8912694878321549
BS06787D,56439.0,M2333,2.0,4,2019-01-04 18:53:17,113.92525901,22.702062618,38.623654800068536,0.8964519262186971
BS06787D,56439.0,M2333,2.0,4,2019-01-04 18:53:22,113.925258965,22.7023563497,38.59112698997181,0.8956969583585133
BS06787D,56439.0,M2333,2.0,4,2019-01-04 18:53:32,113.925258911,22.7027092092,38.55205137344853,0.8947900164369937
BS01839D,33476.0,M2333,2.0,4,2019-01-04 18:53:50,113.95803733,22.6868546018,32.6099483080348,0.7568742814721424
SZBDL607,33476.0,M2333,2.0,3,2019-01-04 18:53:55,113.958302007,22.6869046679,32.58215885503738,0.7562292904997174
BS01839D,33476.0,M2333,2.0,4,2019-01-04 18:54:00,113.957915993,22.6868316499,32.622673023094976,0.7571696210868248
SZBDL607,33476.0,M2333,2.0,3,2019-01-04 18:54:05,113.958141403,22.6868742882,32.59899206646591,0.7566199879851747
BS01839D,33476.0,M2333,2.0,4,2019-01-04 18:54:10,113.957892503,22.6868272064,32.625136443537095,0.7572267968774603
SZBDL607,33476.0,M2333,2.0,3,2019-01-04 18:54:15,113.958126323,22.6868714357,32.600572851952826,0.7566566778893803
BS01839D,33476.0,M2333,2.0,4,2019-01-04 18:54:30,113.957822727,22.6868140077,32.63245391333201,0.7573966347637673
SZBDL607,33476.0,M2333,2.0,3,2019-01-04 18:54:35,113.958015538,22.6868504797,32.61223365274825,0.756927324139416
BS01839D,33476.0,M2333,2.0,4,2019-01-04 18:54:40,113.957634749,22.6867784501,32.652167333592935,0.7578541816649279
BS06787D,56439.0,M2333,2.0,4,2019-01-04 18:54:42,113.925259061,22.702807932,38.54690657892934,0.8946706061693586
BS01839D,33476.0,M2333,2.0,4,2019-01-04 18:54:43,113.957582492,22.6867685651,32.657647576001004,0.7579813776511257
SZBDL607,33476.0,M2333,2.0,3,2019-01-04 18:54:45,113.957914557,22.6868313783,32.62282361696415,0.7571731163584348
BS01839D,33476.0,M2333,2.0,4,2019-01-04 18:54:50,113.957481859,22.6867495295,32.66820105177281,0.7582263229762874
BS06787D,56420.0,M2333,2.0,4,2019-01-04 18:54:52,113.925117671,22.7029554055,38.57792692653824,0.8953905859462574
SZBDL607,33476.0,M2333,2.0,3,2019-01-04 18:54:55,113.957671884,22.6867854744,32.64827295475729,0.7577637934448925
BS01839D,33476.0,M2333,2.0,4,2019-01-04 18:55:00,113.957327341,22.6867201703,32.684408414106315,0.7586024945545082
BS06787D,54121.0,M2333,2.0,4,2019-01-04 18:55:02,113.9250578,22.7026726,38.61530169628976,0.8962580513507917
SZBDL607,33476.0,M2333,2.0,3,2019-01-04 18:55:04,113.957529495,22.6867585402,32.66320542155998,0.7581103748002241
SZBDL607,33476.0,M2333,2.0,3,2019-01-04 18:55:05,113.957514415,22.6867556877,32.66478687485884,0.7581470802042913
BS01839D,33476.0,M2333,2.0,4,2019-01-04 18:55:10,113.957311918,22.6867172087,32.686026823771975,0.758640057712881
BS06787D,54164.0,M2333,2.0,4,2019-01-04 18:55:12,113.9250573,22.7024612,38.63871216185649,0.8968014063766069
BS01839D,33476.0,M2333,2.0,4,2019-01-04 18:55:20,113.957257232,22.6867067073,32.6917652967068,0.7587732472088675
BS06787D,54164.0,M2333,2.0,4,2019-01-04 18:55:22,113.9250573,22.7024612,38.63871216185649,0.8968014063766069
SZBDL607,33476.0,M2333,2.0,3,2019-01-04 18:55:35,113.957415227,22.6867369254,32.684087531429086,0.7585950468933383
BS01839D,79583.0,M2333,2.0,4,2019-01-04 19:06:50,113.9511141,22.6893736,33.449329982225656,0.7763562627231693
SZBDL607,79612.0,M2333,2.0,3,2019-01-04 19:06:55,113.951296377,22.6893938831,33.44346494973204,0.7762201357899866
BS01839D,79464.0,M2333,2.0,4,2019-01-04 19:07:00,113.950884412,22.6893232352,33.47358445809436,0.7769192071603146
BS01839D,79464.0,M2333,2.0,4,2019-01-04 19:07:01,113.950861191,22.6893168078,33.47606906395159,0.7769768746627336
SZBDL607,79583.0,M2333,2.0,3,2019-01-04 19:07:05,113.951037328,22.6893555697,33.45746749725923,0.7765451337936116
BS01839D,79464.0,M2333,2.0,4,2019-01-04 19:07:10,113.95049538,22.6891920539,33.51619177834311,0.777908119641687
SZBDL607,79464.0,M2333,2.0,3,2019-01-04 19:07:15,113.95087897,22.6893217289,33.474166563925486,0.7769327177899088
SZBDL607,79464.0,M2333,2.0,3,2019-01-04 19:07:16,113.950847682,22.6893130686,33.477535268595304,0.7770109051547699
SZBDL607,77061.0,M2333,2.0,3,2019-01-04 19:24:45,113.92278072,22.6870123064,36.734013610031234,0.8525935059464621
BS01839D,77063.0,M2333,2.0,4,2019-01-04 19:24:50,113.922433,22.6876766,36.818496285377456,0.8545543420568267
BS07977D,63861.0,M2333,2.0,4,2019-01-04 19:24:51,113.923290698,22.6867844711,36.67585213158701,0.8512435827024567
SZBDL607,77063.0,M2333,2.0,3,2019-01-04 19:24:55,113.92245653,22.6875063993,36.79943036126109,0.8541118234891838
BS01839D,56437.0,M2333,2.0,4,2019-01-04 19:25:00,113.922735455,22.688751197,37.14045596338126,0.8620270003281705
BS07977D,77061.0,M2333,2.0,4,2019-01-04 19:25:01,113.922823757,22.686993082,36.72910549579519,0.852479589009192
SZBDL607,56437.0,M2333,2.0,3,2019-01-04 19:25:05,113.922662016,22.688490274,36.91162462370018,0.8567158433105817
BS01839D,56437.0,M2333,2.0,4,2019-01-04 19:25:10,113.922976164,22.6896064151,37.04257276811384,0.8597551392265701
BS07977D,77063.0,M2333,2.0,4,2019-01-04 19:25:11,113.922433,22.6876766,36.818496285377456,0.8545543420568267
SZBDL607,56437.0,M2333,2.0,3,2019-01-04 19:25:15,113.92289184,22.6893068212,37.07686252111783,0.8605510016401376
BS01839D,56437.0,M2333,2.0,4,2019-01-04 19:25:20,113.922987067,22.6896435079,37.04362935969219,0.8597796626322535
BS07977D,56437.0,M2333,2.0,4,2019-01-04 19:25:21,113.922733775,22.6887452278,37.14113916049959,0.8620428572784226
SZBDL607,56437.0,M2333,2.0,3,2019-01-04 19:25:25,113.922920754,22.6894095494,37.06510485561776,0.8602781071680862
BS07977D,56437.0,M2333,2.0,4,2019-01-04 19:25:31,113.922912051,22.6893786268,37.06864406119839,0.860360251845395
SZBDL607,56437.0,M2333,2.0,3,2019-01-04 19:26:15,113.92292983,22.6894417945,37.06141426457864,0.8601924488464429
BS01839D,56635.0,M2333,2.0,4,2019-01-04 19:26:20,113.923202002,22.690297241,37.11932819782282,0.8615366265862344
BS07977D,56437.0,M2333,2.0,4,2019-01-04 19:26:21,113.922983888,22.6896329644,37.04241694113711,0.859751522494954
SZBDL607,56635.0,M2333,2.0,3,2019-01-04 19:26:25,113.923103207,22.6900126892,37.08622081262268,0.8607682068344433
BS01839D,56635.0,M2333,2.0,4,2019-01-04 19:26:30,113.923617312,22.6912644507,37.23466740341817,0.8642136402857329
BS07977D,56635.0,M2333,2.0,4,2019-01-04 19:26:31,113.923298809,22.6905525494,37.1493020463066,0.8622323172024788
SZBDL607,56635.0,M2333,2.0,3,2019-01-04 19:26:35,113.923495935,22.6909996443,37.20280139050476,0.8634740326850279
BS01839D,56635.0,M2333,2.0,4,2019-01-04 19:26:40,113.924129308,22.6923814619,37.67589237479282,0.8744544364385581
BS07977D,56635.0,M2333,2.0,4,2019-01-04 19:26:41,113.923726647,22.6915029847,37.26337219570412,0.8648798762095378
SZBDL607,56635.0,M2333,2.0,3,2019-01-04 19:26:45,113.923982163,22.6920604374,37.3304554550316,0.8664368732713756
SZBDL607,56635.0,M2333,2.0,3,2019-01-04 19:26:48,113.9241387,22.6924019514,37.673426668171935,0.8743972075858972
BS01839D,56635.0,M2333,2.0,4,2019-01-04 19:26:50,113.924398311,22.6929683396,37.6052679556641,0.8728152493421081
BS07977D,56635.0,M2333,2.0,4,2019-01-04 19:26:51,113.924130633,22.6923843518,37.67554459115082,0.8744463644081563
SZBDL607,56635.0,M2333,2.0,3,2019-01-04 19:26:55,113.924319801,22.692797057,37.62587998616673,0.8732936529148152
BS01839D,56635.0,M2333,2.0,4,2019-01-04 19:27:00,113.924465983,22.6931159781,37.58750125745534,0.8724028857034457
BS07977D,56635.0,M2333,2.0,4,2019-01-04 19:27:01,113.924297284,22.6927479324,37.63179160698315,0.8734308611592287
SZBDL607,56635.0,M2333,2.0,3,2019-01-04 19:27:05,113.924362668,22.6928905787,37.61462565264687,0.8730324407376039
BS01839D,56635.0,M2333,2.0,4,2019-01-04 19:27:06,113.924634922,22.6934845498,37.54314767012592,0.8713734425033658
BS01839D,56635.0,M2333,2.0,4,2019-01-04 19:27:10,113.924690432,22.6936056555,37.52857392918487,0.8710351871464753
BS07977D,56635.0,M2333,2.0,4,2019-01-04 19:27:11,113.924390484,22.6929512639,37.60732283720811,0.8728629429777263
SZBDL607,56635.0,M2333,2.0,3,2019-01-04 19:27:15,113.9245994,22.6934070515,37.552473735694726,0.8715898997362836
BS07977D,56635.0,M2333,2.0,4,2019-01-04 19:27:21,113.924439973,22.6930592339,37.594329831328814,0.8725613763546773
SZBDL607,56635.0,M2333,2.0,3,2019-01-04 19:27:25,113.924606504,22.693422551,37.55060855491445,0.8715466090401578
BS07977D,56635.0,M2333,2.0,4,2019-01-04 19:27:31,113.92459663,22.6934010081,37.55320099050924,0.871606779262126
BS07977D,56635.0,M2333,2.0,4,2019-01-04 19:27:33,113.924615173,22.6934414642,37.54833256088249,0.8714937834014508
BS07977D,56635.0,M2333,2.0,4,2019-01-04 19:27:41,113.924676584,22.693575442,37.53220976547225,0.8711195746147278
BS01839D,56635.0,M2333,2.0,4,2019-01-04 19:27:50,113.924726043,22.6936883489,37.52627421825444,0.8709818110404594
BS07977D,56635.0,M2333,2.0,4,2019-01-04 19:27:51,113.924691274,22.693607492,37.528352917665565,0.8710300574868606
SZBDL607,56635.0,M2333,2.0,3,2019-01-04 19:27:54,113.924626854,22.6934669481,37.54526584501648,0.8714226051724747
SZBDL607,56635.0,M2333,2.0,3,2019-01-04 19:27:55,113.924643832,22.6935039892,37.54080836144272,0.8713191473366879
BS01839D,56457.0,M2333,2.0,4,2019-01-04 19:28:00,113.9248258,22.6939447,37.55645635368249,0.8716823359799537
BS07977D,56457.0,M2333,2.0,4,2019-01-04 19:28:01,113.924783152,22.6938350455,37.54354671922428,0.8713827044008929
SZBDL607,56457.0,M2333,2.0,3,2019-01-04 19:28:05,113.9248258,22.6939447,37.55645635368249,0.8716823359799537
BS01839D,56454.0,M2333,2.0,4,2019-01-04 19:28:10,113.925300155,22.695410471,37.72603180844803,0.8756181686672246
BS07977D,56454.0,M2333,2.0,4,2019-01-04 19:28:11,113.925095343,22.6947061352,37.64750940187324,0.8737956699164028
SZBDL607,56454.0,M2333,2.0,3,2019-01-04 19:28:15,113.925238683,22.6951717142,37.69884572883616,0.8749871819426241
BS01839D,56454.0,M2333,2.0,4,2019-01-04 19:28:20,113.925449513,22.6964647562,37.84393285753011,0.8783546425483202
BS07977D,56454.0,M2333,2.0,4,2019-01-04 19:28:21,113.925385265,22.6958361615,37.77398829407591,0.8767312348474795
SZBDL607,56454.0,M2333,2.0,3,2019-01-04 19:28:25,113.925441346,22.6963456768,37.83071866127694,0.8780479421144564
BS01839D,56454.0,M2333,2.0,4,2019-01-04 19:28:30,113.925443266,22.6972792091,37.93416716839445,0.8804489736571725
BS07977D,56454.0,M2333,2.0,4,2019-01-04 19:28:31,113.925458011,22.6968278516,37.88415471678071,0.8792881886714911
SZBDL607,56454.0,M2333,2.0,3,2019-01-04 19:28:35,113.925446901,22.697218305,37.92741308909508,0.8802922120190234
BS01839D,56454.0,M2333,2.0,4,2019-01-04 19:28:40,113.925377964,22.6983733173,38.11930749465048,0.8847460657617932
BS07977D,56454.0,M2333,2.0,4,2019-01-04 19:28:41,113.925407803,22.6978733796,38.00006836111527,0.8819785350479961
SZBDL607,56454.0,M2333,2.0,3,2019-01-04 19:28:45,113.925378655,22.6983617426,38.120591239661046,0.8847758613803968
BS01839D,56454.0,M2333,2.0,4,2019-01-04 19:28:50,113.92529636,22.6997005761,38.20273863541856,0.8866824958390431
BS07977D,56454.0,M2333,2.0,4,2019-01-04 19:28:51,113.925337935,22.6990439648,38.12989737954446,0.8849918561397568
SZBDL607,56454.0,M2333,2.0,3,2019-01-04 19:28:55,113.925298665,22.6996489778,38.19701974222716,0.886549760787329
BS01839D,56632.0,M2333,2.0,4,2019-01-04 19:29:00,113.92527,22.7004576,38.28661595612734,0.8886292817168859
BS07977D,56454.0,M2333,2.0,4,2019-01-04 19:29:01,113.92528479,22.6999992499,38.23583549760095,0.8874506713524373
SZBDL607,56632.0,M2333,2.0,3,2019-01-04 19:29:05,113.92527,22.7004576,38.28661595612734,0.8886292817168859
BS07977D,56454.0,M2333,2.0,4,2019-01-04 19:29:11,113.925280331,22.7001312219,38.28672642203676,0.8886318456217724
SZBDL607,56632.0,M2333,2.0,3,2019-01-04 19:29:15,113.92527,22.7004576,38.28661595612734,0.8886292817168859
BS01839D,56439.0,M2333,2.0,4,2019-01-04 19:30:30,113.925259195,22.700855264,38.330667557873205,0.8896517158558227
BS07977D,56454.0,M2333,2.0,4,2019-01-04 19:30:31,113.925277176,22.7002245754,38.27638338911724,0.8883917846583125
BS01839D,56439.0,M2333,2.0,4,2019-01-04 19:30:32,113.925259169,22.7010269265,38.3496766061802,0.8900929143404975
SZBDL607,56439.0,M2333,2.0,3,2019-01-04 19:30:35,113.925259198,22.700840011,38.328978739416016,0.8896125185150527
SZBDL607,56439.0,M2333,2.0,3,2019-01-04 19:30:38,113.925259166,22.701046007,38.35178955145578,0.8901419556306626
BS01839D,56439.0,M2333,2.0,4,2019-01-04 19:30:40,113.925259069,22.7016773324,38.42170219370419,0.8917646224428804
BS07977D,56632.0,M2333,2.0,4,2019-01-04 19:30:41,113.9252634,22.7006817,38.311442018952114,0.8892054926413802
BS07977D,56632.0,M2333,2.0,4,2019-01-04 19:30:43,113.9252634,22.7006817,38.311442018952114,0.8892054926413802
BS01839D,56439.0,M2333,2.0,4,2019-01-04 19:30:44,113.925259008,22.7020740597,38.62238774772244,0.8964225180354954
SZBDL607,56439.0,M2333,2.0,3,2019-01-04 19:30:45,113.92525908,22.7016048637,38.41367702894545,0.8915783590132946
BS01839D,56420.0,M2333,2.0,4,2019-01-04 19:30:50,113.925192547,22.7029556654,38.570233700963165,0.8952120267984681
BS07977D,56439.0,M2333,2.0,4,2019-01-04 19:30:51,113.925259057,22.7017555419,38.43036309475156,0.8919656412606721
SZBDL607,56439.0,M2333,2.0,3,2019-01-04 19:30:51,113.925259004,22.702104589,38.61900693708864,0.8963440496921824
BS07977D,56439.0,M2333,2.0,4,2019-01-04 19:30:54,113.92525901,22.7020626238,38.62365415777703,0.8964519113111629
SZBDL607,56439.0,M2333,2.0,3,2019-01-04 19:30:55,113.925258962,22.7023792472,38.5885913237692,0.8956381057495784
BS01839D,54121.0,M2333,2.0,4,2019-01-04 19:31:00,113.925058278,22.7028620913,38.6015135771565,0.8959380302129701
BS07977D,56439.0,M2333,2.0,4,2019-01-04 19:31:01,113.925258933,22.7025642565,38.56810341736924,0.8951625830873264
SZBDL607,56439.0,M2333,2.0,3,2019-01-04 19:31:05,113.925258916,22.7026806071,38.55521876646811,0.8948635313746193
BS07977D,56439.0,M2333,2.0,4,2019-01-04 19:31:11,113.925258922,22.7026386419,38.5598659874904,0.8949713930013494
BS01839D,54164.0,M2333,2.0,4,2019-01-04 19:31:40,113.9250578,22.7026726,38.61530169628976,0.8962580513507917
BS07977D,56439.0,M2333,2.0,4,2019-01-04 19:31:41,113.925258913,22.702693955,38.55374062166322,0.8948292237524009
SZBDL607,56420.0,M2333,2.0,3,2019-01-04 19:31:45,113.9250585,22.7029552,38.58400652286696,0.8955316928888221
BS01839D,54164.0,M2333,2.0,4,2019-01-04 19:31:50,113.9250578,22.7026726,38.61530169628976,0.8962580513507917
BS01839D,12656.0,M2333,2.0,4,2019-01-04 19:37:00,113.915379439,22.7008198994,40.03008149986498,0.92909497697721
BS07977D,12656.0,M2333,2.0,4,2019-01-04 19:37:01,113.916827634,22.6992601732,39.80210165750968,0.9238035831441728
SZBDL607,12656.0,M2333,2.0,3,2019-01-04 19:37:05,113.916681005,22.699417125,39.82510324504882,0.924337448143803
BS01839D,30893.0,M2333,2.0,4,2019-01-04 19:37:06,113.914813826,22.7014200134,40.11836589933967,0.9311440507992972
SZBDL607,12656.0,M2333,2.0,3,2019-01-04 19:37:06,113.916639691,22.6994613479,39.83158417124076,0.924487869920264
BS07977D,12656.0,M2333,2.0,4,2019-01-04 19:37:09,113.916564074,22.6995422887,39.843446175949936,0.9247631860969802
BS01839D,30893.0,M2333,2.0,4,2019-01-04 19:37:10,113.914443529,22.7017565439,40.17165280621988,0.9323808356287568
BS07977D,12656.0,M2333,2.0,4,2019-01-04 19:37:11,113.916443436,22.6996714195,39.8623705404632,0.925202419077603
SZBDL607,12656.0,M2333,2.0,3,2019-01-04 19:37:15,113.916023896,22.7001236317,39.928446332581096,0.9267360329064116
SZBDL607,12656.0,M2333,2.0,3,2019-01-04 19:37:18,113.915767003,22.7004011775,39.968960102238455,0.9276763542466814
BS07977D,12656.0,M2333,2.0,4,2019-01-04 19:37:19,113.915816854,22.7003473195,39.96109832678842,0.9274938830698296
BS01839D,64546.0,M2333,2.0,4,2019-01-04 19:37:20,113.913967688,22.7025196562,40.27561763784912,0.9347938510219264
BS07977D,12656.0,M2333,2.0,4,2019-01-04 19:37:21,113.915642705,22.7005354685,39.98856273812911,0.9281313298515046
SZBDL607,30893.0,M2333,2.0,3,2019-01-04 19:37:25,113.915103234,22.7011183264,40.07364220669819,0.9301060174846458
BS01839D,64546.0,M2333,2.0,4,2019-01-04 19:37:30,113.913878022,22.7035357732,40.388535418268056,0.937414663637534
SZBDL607,30893.0,M2333,2.0,3,2019-01-04 19:37:30,113.914826354,22.7014086273,40.11656892795284,0.9311023432377156
BS07977D,30893.0,M2333,2.0,4,2019-01-04 19:37:31,113.914899542,22.7013384302,40.10576875469403,0.9308516720836916
BS07977D,30893.0,M2333,2.0,4,2019-01-04 19:37:32,113.914874977,22.7013644386,40.10959816935671,0.9309405524904896
BS01839D,64546.0,M2333,2.0,4,2019-01-04 19:37:40,113.913560113,22.7047657718,40.52925187886902,0.9406806813877804
BS07977D,30893.0,M2333,2.0,4,2019-01-04 19:37:41,113.914816486,22.7014175954,40.1179842955316,0.9311351938055568
BS45016D,7797.0,M2333,2.0,3,2019-01-04 19:50:17,113.964171391,22.6845287196,31.90133143902209,0.7404273408481709
SZBDL541,7797.0,M2333,2.0,3,2019-01-04 19:50:23,113.964533765,22.6844766299,31.863650488526144,0.7395527690131464
SZBDL541,7797.0,M2333,2.0,3,2019-01-04 19:50:33,113.964449073,22.6844881371,31.87244617555343,0.7397569162027079
BS30937D,85739.0,M2333,2.0,3,2019-01-04 19:50:36,113.95348355,22.6885257452,33.25063961285097,0.771744675205907
SZBDL542,85739.0,M2333,2.0,3,2019-01-04 19:50:37,113.953669503,22.688326073,33.27986347742864,0.7724229587559185
SZBDL541,7797.0,M2333,2.0,3,2019-01-04 19:50:43,113.964417836,22.6844923813,31.87569029365665,0.7398322119233631
BS30937D,85739.0,M2333,2.0,3,2019-01-04 19:50:46,113.953358622,22.6886598893,33.231006348132304,0.7712889887084454
BS45016D,7797.0,M2333,2.0,3,2019-01-04 19:50:47,113.96386825,22.6845837905,31.93308000190552,0.7411642224431116
SZBDL542,85739.0,M2333,2.0,3,2019-01-04 19:50:47,113.95350593,22.6885017141,33.25415678754869,0.7718263085481927
SZBDL541,7797.0,M2333,2.0,3,2019-01-04 19:50:53,113.964410091,22.6844934337,31.87649465176352,0.7398508810104294
BS30937D,85739.0,M2333,2.0,3,2019-01-04 19:50:56,113.953313579,22.6887082557,33.22392750001124,0.7711246892120258
BS45016D,7797.0,M2333,2.0,3,2019-01-04 19:50:57,113.963762838,22.6846029404,31.944117687721118,0.7414204062445051
SZBDL542,85739.0,M2333,2.0,3,2019-01-04 19:50:57,113.953406592,22.6886083807,33.23854513370578,0.7714639633161999
SZBDL541,7797.0,M2333,2.0,3,2019-01-04 19:51:03,113.964159303,22.6845309155,31.90259604452134,0.7404566922402536
BS45016D,7797.0,M2333,2.0,3,2019-01-04 19:51:07,113.963686298,22.6846168452,31.95213218666493,0.741606422121383
SZBDL542,85739.0,M2333,2.0,3,2019-01-04 19:51:07,113.953389041,22.6886272267,33.23578685761222,0.7713999439495731
SZBDL541,7797.0,M2333,2.0,3,2019-01-04 19:51:13,113.964004881,22.684558969,31.91875444566048,0.7408317274330849
SZBDL541,7797.0,M2333,2.0,3,2019-01-04 19:51:23,113.96392062,22.6845742765,31.92759633907628,0.7410369470692132
BS30937D,85739.0,M2333,2.0,3,2019-01-04 19:51:26,113.953204967,22.6888178797,33.21715242999218,0.7709674403809587
SZBDL542,85739.0,M2333,2.0,3,2019-01-04 19:51:27,113.953294459,22.688728786,33.22092268355344,0.7710549476633434
SZBDL541,7797.0,M2333,2.0,3,2019-01-04 19:51:33,113.963868921,22.6845836686,31.93300974149385,0.7411625917045992
SZBDL541,7797.0,M2333,2.0,3,2019-01-04 19:51:43,113.96385415,22.6845863521,31.934556414336228,0.7411984898570645
BS45016D,7797.0,M2333,2.0,3,2019-01-04 19:51:47,113.96357283,22.6846374587,32.05340007655666,0.7439568417134043
SZBDL541,7797.0,M2333,2.0,3,2019-01-04 19:51:53,113.963834005,22.6845900116,31.93666579252525,0.7412474483554371
BS45016D,7797.0,M2333,2.0,3,2019-01-04 19:52:17,113.96329722,22.6846875283,32.02454097308182,0.743287024239297
SZBDL541,7797.0,M2333,2.0,3,2019-01-04 19:52:23,113.963652389,22.6846230054,31.955682796900533,0.7416888314998179
SZBDL541,7797.0,M2333,2.0,3,2019-01-04 19:52:33,113.963515758,22.6846478269,32.04742407010133,0.7438181390834819
SZBDL541,7797.0,M2333,2.0,3,2019-01-04 19:52:43,113.963498974,22.684650876,32.04566661893822,0.7437773487831192
SZBDL541,7797.0,M2333,2.0,3,2019-01-04 19:53:13,113.963483196,22.6846537423,32.04401450689082,0.7437390033951725
SZBDL541,7797.0,M2333,2.0,3,2019-01-04 19:53:23,113.963483532,22.6846536814,32.044049686437994,0.7437398199096374
BS45016D,7797.0,M2333,2.0,3,2019-01-04 19:53:57,113.963041619,22.6847387956,32.01975178898639,0.7431758676610398
BS45016D,7797.0,M2333,2.0,3,2019-01-04 19:54:07,113.962879011,22.6848012296,32.037884431015186,0.7435967248263778
SZBDL541,7797.0,M2333,2.0,3,2019-01-04 19:54:13,113.963389537,22.6846707572,32.034207479041335,0.7435113830663441
SZBDL541,7797.0,M2333,2.0,3,2019-01-04 19:54:23,113.963186106,22.6847077141,32.012906238849304,0.7430169829920932
BS45016D,7797.0,M2333,2.0,3,2019-01-04 19:54:27,113.96271768,22.6848950889,32.05745262310256,0.7440509009932929
SZBDL541,7797.0,M2333,2.0,3,2019-01-04 19:54:33,113.963169993,22.6847106413,32.01121904876961,0.7429778234458342
BS45016D,7797.0,M2333,2.0,3,2019-01-04 19:54:37,113.962399214,22.6850950567,32.09696638640797,0.7449680122664399
BS45016D,7797.0,M2333,2.0,3,2019-01-04 19:54:47,113.962159761,22.6852455655,32.126685883257025,0.7456577994016682
SZBDL541,7797.0,M2333,2.0,3,2019-01-04 19:54:53,113.962848397,22.6848188964,32.041590093481624,0.7436827329546388
BS45016D,7797.0,M2333,2.0,3,2019-01-04 19:54:57,113.961941238,22.6853872753,32.15407904865593,0.7462935925707557
SZBDL541,7797.0,M2333,2.0,3,2019-01-04 19:55:03,113.962566792,22.6849897251,32.07616190745679,0.7444851419806966
BS45016D,7797.0,M2333,2.0,3,2019-01-04 19:55:07,113.96181714,22.6854685198,32.169684052828615,0.7466557834644364
SZBDL541,7797.0,M2333,2.0,3,2019-01-04 19:55:13,113.962356948,22.6851216229,32.10221218251878,0.7450897667729056
BS45016D,7797.0,M2333,2.0,3,2019-01-04 19:55:17,113.961698478,22.6855462052,32.18461136077211,0.7470022450830603
SZBDL541,7797.0,M2333,2.0,3,2019-01-04 19:55:23,113.96213648,22.685260199,32.12957539315899,0.7457248646944493
BS45016D,7797.0,M2333,2.0,3,2019-01-04 19:55:27,113.961508248,22.6856707446,32.208534530292326,0.7475574999264631
BS00406D,79464.0,M2333,2.0,4,2019-01-04 22:06:35,113.950201648,22.6890369779,33.55095288509866,0.7787149221379763
BS45160D,79464.0,M2333,2.0,4,2019-01-04 22:06:41,113.950277615,22.6890828326,33.54647401353579,0.7786109678886801
BS00406D,79464.0,M2333,2.0,4,2019-01-04 22:06:49,113.949763623,22.68869835,33.60965367322263,0.7800773627163391
BS45160D,79464.0,M2333,2.0,4,2019-01-04 22:06:51,113.949913821,22.6888306025,33.5883670377011,0.7795833016153176
BS00406D,79464.0,M2333,2.0,4,2019-01-04 22:06:55,113.9497285,22.6886665,33.614700035776686,0.7801944883859682
BS45160D,79464.0,M2333,2.0,4,2019-01-04 22:07:01,113.949774844,22.6887085251,33.60804149465591,0.7800399441812722
BS45160D,79464.0,M2333,2.0,4,2019-01-04 22:07:48,113.949721025,22.6886587424,33.61584993563292,0.7802211774692882
BS45160D,79464.0,M2333,2.0,4,2019-01-04 22:07:51,113.949669444,22.6886052074,33.62380473597385,0.780405807746387
BS45160D,79464.0,M2333,2.0,4,2019-01-04 22:08:01,113.949459781,22.688369293,33.65766156767361,0.7811916220912496
BS00406D,79464.0,M2333,2.0,4,2019-01-04 22:08:05,113.94950544,22.6884252891,33.64989767667861,0.7810114228047387
BS00406D,79464.0,M2333,2.0,4,2019-01-04 22:08:11,113.949387564,22.6882807253,33.66994838695581,0.7814767981800906
BS45160D,79464.0,M2333,2.0,4,2019-01-04 22:08:11,113.949361566,22.6882488408,33.674372867520944,0.7815794900186974
BS00406D,79464.0,M2333,2.0,4,2019-01-04 22:08:21,113.949110666,22.6879411361,33.71715160786742,0.7825723811467721
BS45160D,79464.0,M2333,2.0,4,2019-01-04 22:08:21,113.949074593,22.6878968961,33.72329500662809,0.7827149689386588
BS00406D,79686.0,M2333,2.0,4,2019-01-04 22:08:31,113.948869518,22.6876453789,33.75822137190732,0.7835256070720112
BS45160D,79686.0,M2333,2.0,4,2019-01-04 22:08:31,113.948866471,22.6876416423,33.75874026865636,0.7835376506238863
BS00406D,79686.0,M2333,2.0,4,2019-01-04 22:08:41,113.948838406,22.6876072182,33.76352032439445,0.7836485953337027
BS45160D,79686.0,M2333,2.0,4,2019-01-04 22:08:41,113.948858754,22.687632177,33.76005461245928,0.783568156438003
BS36521D,36607.0,M2503,1.0,1,2019-01-04 08:04:14,113.897176419,22.5740080272,23.077538737214415,0.7591815984578483
BS38816D,36607.0,M2503,1.0,1,2019-01-04 08:04:17,113.897452561,22.5737382302,23.11875910926924,0.760537624691926
BS38816D,36607.0,M2503,1.0,1,2019-01-04 08:04:19,113.897468948,22.5737222192,23.12120527931685,0.7606180963274843
BS36521D,36607.0,M2503,1.0,1,2019-01-04 08:04:25,113.897362401,22.5738263179,23.1053007613151,0.7600948855320541
BS38816D,36681.0,M2503,1.0,1,2019-01-04 08:04:32,113.89762255,22.5735694847,23.1443488453015,0.7613794500237479
BS38816D,36681.0,M2503,1.0,1,2019-01-04 08:04:37,113.897687316,22.573504482,23.154155956343253,0.7617020744735088
BS36521D,36681.0,M2503,1.0,1,2019-01-04 08:04:40,113.897572006,22.5736202137,23.13669526185452,0.7611276701532262
BS36521D,36681.0,M2503,1.0,1,2019-01-04 08:04:54,113.897579607,22.5736125843,23.137846283979307,0.7611655353184205
BS38816D,36681.0,M2503,1.0,1,2019-01-04 08:05:04,113.897937673,22.5732532111,23.19206588574048,0.7629491971032197
BS38816D,36681.0,M2503,1.0,1,2019-01-04 08:05:07,113.898005259,22.5731853788,23.202299964974912,0.7632858675220374
BS36521D,36681.0,M2503,1.0,1,2019-01-04 08:05:08,113.897770962,22.5734205314,23.16682186153135,0.7621187446503466
BS38816D,36681.0,M2503,1.0,1,2019-01-04 08:05:20,113.898634526,22.5725537294,23.29759286144364,0.7664207171386538
BS36521D,36681.0,M2503,1.0,1,2019-01-04 08:05:24,113.897778563,22.5734129021,23.16797287627859,0.7621566095728415
BS38816D,36681.0,M2503,1.0,1,2019-01-04 08:05:25,113.898710684,22.5724772706,23.309126856467376,0.7668001508762996
BS38816D,36681.0,M2503,1.0,1,2019-01-04 08:05:39,113.898718284,22.5724696413,23.31027780491124,0.766838013617613
BS36521D,36681.0,M2503,1.0,1,2019-01-04 08:05:46,113.898069872,22.5731205294,23.212083941498012,0.7636077309157323
BS38816D,36681.0,M2503,1.0,1,2019-01-04 08:05:53,113.8990686,22.5721179381,23.36333287437387,0.7685833657931453
BS36521D,38023.0,M2503,1.0,1,2019-01-04 08:06:00,113.899083877,22.5719869166,23.38373926253326,0.7692546745734277
BS38816D,38023.0,M2503,1.0,1,2019-01-04 08:06:02,113.89850727,22.57149063,23.464590104311533,0.7719144240379107
BS36521D,38023.0,M2503,1.0,1,2019-01-04 08:06:10,113.898604517,22.5715743313,23.45095423785396,0.7714658450533187
BS38816D,38023.0,M2503,1.0,1,2019-01-04 08:06:12,113.89815586,22.5711885531,23.513835531710843,0.7735344504504092
BS38816D,38023.0,M2503,1.0,1,2019-01-04 08:06:22,113.898019287,22.5710713243,23.532961552134047,0.7741636389840032
BS36521D,38023.0,M2503,1.0,1,2019-01-04 08:06:24,113.898164646,22.5711960944,23.5126051377149,0.773493974189435
BS36521D,38023.0,M2503,1.0,1,2019-01-04 08:06:38,113.898147678,22.5711815299,23.514981366372325,0.7735721449636664
BS38816D,38023.0,M2503,1.0,1,2019-01-04 08:06:49,113.897933881,22.5709980158,23.54492197915288,0.7745571010514184
BS36521D,38023.0,M2503,1.0,1,2019-01-04 08:06:52,113.897986294,22.5710430044,23.53758197682413,0.7743156370563157
BS38816D,36659.0,M2503,1.0,1,2019-01-04 08:06:55,113.897626194,22.5707339122,23.588011074219622,0.77597460265076
BS36521D,36659.0,M2503,1.0,1,2019-01-04 08:06:59,113.897632134,22.5707390105,23.58717924762332,0.7759472380581918
BS38816D,36659.0,M2503,1.0,1,2019-01-04 08:07:07,113.897143937,22.5703199803,23.655546323091222,0.7781963091669716
BS36521D,36659.0,M2503,1.0,1,2019-01-04 08:07:10,113.897282361,22.5704387933,23.636161375863747,0.7775586027204671
BS36521D,36659.0,M2503,1.0,1,2019-01-04 08:07:23,113.897256306,22.570416429,23.639810171997578,0.7776786371363062
BS38816D,36610.0,M2503,1.0,1,2019-01-04 08:07:35,113.896891228,22.570103038,23.690938470322106,0.779360604337854
BS36521D,36610.0,M2503,1.0,1,2019-01-04 08:07:37,113.897005119,22.5702008208,23.674987080429737,0.778835851598231
BS38816D,72309.0,M2503,1.0,1,2019-01-04 08:07:48,113.896327898,22.5696195838,23.76982253851808,0.7819556528682811
BS36521D,72324.0,M2503,1.0,1,2019-01-04 08:07:51,113.896440908,22.569716532,23.754000386844943,0.781435151677273
BS38816D,36638.0,M2503,1.0,1,2019-01-04 08:08:02,113.895674893,22.5690588492,23.861288230980566,0.7849645989867745
BS36521D,36638.0,M2503,1.0,1,2019-01-04 08:08:05,113.895813941,22.5691773795,23.84187741272232,0.7843260414611878
BS38816D,40556.0,M2503,1.0,1,2019-01-04 08:08:16,113.894472971,22.5680470949,24.028120700795466,0.7904528853482876
BS36521D,36638.0,M2503,1.0,1,2019-01-04 08:08:19,113.894720484,22.5682553119,23.99377478578988,0.7893230080701537
BS38816D,40556.0,M2503,1.0,1,2019-01-04 08:08:29,113.893436287,22.5677227162,24.14375280315668,0.7942568336507151
BS36521D,40556.0,M2503,1.0,1,2019-01-04 08:08:32,113.893726929,22.5677504979,24.11370198641566,0.7932682521841992
BS38816D,40556.0,M2503,1.0,1,2019-01-04 08:08:43,113.892692288,22.5675071311,24.22457345034296,0.7969155898039584
BS36521D,40556.0,M2503,1.0,1,2019-01-04 08:08:46,113.892992224,22.5676353371,24.19052695804249,0.7957955626320453
BS38816D,32268.0,M2503,1.0,1,2019-01-04 08:08:57,113.892036174,22.5669567828,24.31616266235467,0.7999285993440276
BS36521D,38325.0,M2503,1.0,1,2019-01-04 08:09:01,113.892455731,22.5673570365,24.25405295532864,0.797885376832446
BS36521D,30011.0,M2503,1.0,1,2019-01-04 08:09:28,113.890975128,22.5650918785,24.555269536538844,0.807794496180447
BS38816D,30011.0,M2503,1.0,1,2019-01-04 08:09:31,113.889786289,22.5641008879,24.7656952072018,0.8147168677049654
BS36521D,30011.0,M2503,1.0,1,2019-01-04 08:09:42,113.889987501,22.5642597796,24.692446019954676,0.8123071898058949
BS36521D,30011.0,M2503,1.0,1,2019-01-04 08:09:44,113.889930488,22.5642147575,24.785161933185623,0.8153572644265321
BS38816D,30011.0,M2503,1.0,1,2019-01-04 08:09:44,113.88977794,22.5640942948,24.764568089455967,0.8146797889219256
BS36521D,30011.0,M2503,1.0,1,2019-01-04 08:09:58,113.889923188,22.5642089928,24.7841764325368,0.8153248444199459
BS38816D,30011.0,M2503,1.0,1,2019-01-04 08:09:58,113.889700456,22.5640331083,24.75410783997017,0.8143356781822441
BS38816D,35274.0,M2503,1.0,1,2019-01-04 08:10:10,113.889254994,22.5642094803,24.79557156392782,0.8156997099618297
BS36521D,30011.0,M2503,1.0,1,2019-01-04 08:10:12,113.889593235,22.5639484622,24.74566994364278,0.814058096777468
BS38816D,35274.0,M2503,1.0,1,2019-01-04 08:10:21,113.888756469,22.5646925397,24.869669103608626,0.8181372961038021
BS36521D,35274.0,M2503,1.0,1,2019-01-04 08:10:23,113.88924193,22.5642222289,24.79752049989397,0.815763824091977
BS38816D,35274.0,M2503,1.0,1,2019-01-04 08:10:35,113.888663991,22.5647815235,24.88336443444117,0.8185878312874393
BS36521D,35274.0,M2503,1.0,1,2019-01-04 08:10:36,113.888781545,22.5646684106,24.865955480731543,0.8180151290831336
BS38816D,35274.0,M2503,1.0,1,2019-01-04 08:10:36,113.888655414,22.5647897761,24.88463460068561,0.8186296159357394
BS38816D,72954.0,M2503,1.0,1,2019-01-04 08:10:49,113.888322485,22.5651078629,24.933759143359065,0.8202456656044244
BS36521D,35274.0,M2503,1.0,1,2019-01-04 08:10:52,113.888593038,22.5648497962,24.89387211134854,0.818933502246611
BS36521D,72954.0,M2503,1.0,1,2019-01-04 08:10:58,113.888303795,22.5651256554,24.93651179115197,0.8203362194358015
BS38816D,72954.0,M2503,1.0,1,2019-01-04 08:11:01,113.888027433,22.5653904393,24.977349608073897,0.8216796607568779
BS36521D,72954.0,M2503,1.0,1,2019-01-04 08:11:12,113.888080468,22.5653382674,24.97207498739912,0.8215061416047389
BS36521D,72954.0,M2503,1.0,1,2019-01-04 08:11:15,113.888049646,22.5653684422,24.97401001411096,0.8215697981622635
BS38816D,72910.0,M2503,1.0,1,2019-01-04 08:11:15,113.887502029,22.5659030085,25.055723255241567,0.8242579179710138
BS38816D,72910.0,M2503,1.0,1,2019-01-04 08:11:28,113.886765356,22.5666006224,25.27240224839814,0.8313860049932047
BS36521D,72954.0,M2503,1.0,1,2019-01-04 08:11:29,113.887949907,22.5654672117,24.989005177770768,0.822063093935527
BS38816D,72910.0,M2503,1.0,1,2019-01-04 08:11:42,113.886406066,22.5669408626,25.21962883844777,0.8296499185682867
BS36521D,72910.0,M2503,1.0,1,2019-01-04 08:11:43,113.886973474,22.5664035385,25.30297120323508,0.8323916316443202
BS38816D,50374.0,M2503,1.0,1,2019-01-04 08:11:45,113.886282925,22.5670641599,25.235334307538785,0.8301665812533686
BS36521D,40838.0,M2503,1.0,1,2019-01-04 08:11:56,113.8862571,22.5670921,25.23941198212077,0.8303007244799229
BS36521D,40838.0,M2503,1.0,1,2019-01-04 08:11:58,113.886128577,22.5672169683,25.25854111265917,0.8309300153269503
BS38816D,40838.0,M2503,1.0,1,2019-01-04 08:12:00,113.885851346,22.5674863172,25.299803747864782,0.8322874318915456
BS36521D,40838.0,M2503,1.0,1,2019-01-04 08:12:05,113.885950942,22.5673895524,25.284979999575626,0.831799775168294
BS38816D,40838.0,M2503,1.0,1,2019-01-04 08:12:13,113.885843719,22.5674937265,25.30093887000972,0.8323247739952355
BS36521D,40838.0,M2503,1.0,1,2019-01-04 08:12:19,113.885918084,22.567421476,25.289870517049405,0.8319606584806484
BS38816D,40838.0,M2503,1.0,1,2019-01-04 08:12:27,113.885673487,22.5676591181,25.32627588395396,0.8331582855306454
BS36521D,40838.0,M2503,1.0,1,2019-01-04 08:12:30,113.885763774,22.5675713982,25.312837726091757,0.8327162105640588
BS38816D,40838.0,M2503,1.0,1,2019-01-04 08:12:41,113.885472081,22.5678547977,25.356252792217933,0.8341444356306112
BS36521D,40838.0,M2503,1.0,1,2019-01-04 08:12:43,113.885562368,22.5677670779,25.342814651244897,0.8337023612196274
BS38816D,40838.0,M2503,1.0,1,2019-01-04 08:12:45,113.885326857,22.567995892,25.377867606031533,0.834855497979514
BS36521D,40838.0,M2503,1.0,1,2019-01-04 08:12:51,113.885360231,22.5679634668,25.3729002758944,0.834692087761617
BS38816D,40838.0,M2503,1.0,1,2019-01-04 08:12:59,113.88444716,22.5688505762,25.508799745123493,0.8391627714620646
BS38816D,40838.0,M2503,1.0,1,2019-01-04 08:13:00,113.884398826,22.5688975353,25.515993610975336,0.8393994280067111
BS36521D,40838.0,M2503,1.0,1,2019-01-04 08:13:05,113.884505542,22.5687938537,25.50011027014473,0.8388769138765025
BS36521D,40838.0,M2503,1.0,1,2019-01-04 08:13:08,113.88433458,22.5689599546,25.525555828680456,0.839713996202429
BS38816D,40838.0,M2503,1.0,1,2019-01-04 08:13:14,113.883865252,22.5694159381,25.595409389017487,0.8420119681914922
BS36521D,40838.0,M2503,1.0,1,2019-01-04 08:13:20,113.883954585,22.5693291445,25.58211325573044,0.8415745654061644
BS38816D,40838.0,M2503,1.0,1,2019-01-04 08:13:28,113.883655266,22.5696199533,25.62666310693831,0.8430401214880401
BS38816D,26784.0,M2503,1.0,1,2019-01-04 08:13:32,113.883442087,22.5698270735,25.65839226323468,0.8440839152768445
BS36521D,40838.0,M2503,1.0,1,2019-01-04 08:13:33,113.883720037,22.5695570232,25.61702271278916,0.842722981522498
BS36521D,26784.0,M2503,1.0,1,2019-01-04 08:14:08,113.882578395,22.5706666191,25.786974396302632,0.8483138806309155
BS38816D,26784.0,M2503,1.0,1,2019-01-04 08:14:08,113.882461352,22.5707804581,25.804404603280823,0.8488872820038191
BS38816D,26784.0,M2503,1.0,1,2019-01-04 08:14:22,113.882453511,22.5707880846,25.805572307232723,0.8489256959509398
BS36521D,26784.0,M2503,1.0,1,2019-01-04 08:14:23,113.882554133,22.570690217,25.790587532689123,0.8484327419483453
BS38816D,30121.0,M2503,1.0,1,2019-01-04 08:14:36,113.882039698,22.5711872426,25.86693223615984,0.8509442530186843
BS36521D,30121.0,M2503,1.0,1,2019-01-04 08:14:37,113.882161188,22.5710706307,25.84896373857809,0.850353143504306
BS36521D,25186.0,M2503,1.0,1,2019-01-04 08:14:50,113.881422403,22.5717797914,25.95823385084792,0.8539478014720079
BS38816D,25186.0,M2503,1.0,1,2019-01-04 08:14:50,113.881085113,22.5721037092,26.00813284605845,0.8555893282993158
BS38816D,25186.0,M2503,1.0,1,2019-01-04 08:15:04,113.880479983,22.57268485,26.09765634259476,0.8585343820147004
BS36521D,25186.0,M2503,1.0,1,2019-01-04 08:15:05,113.880611657,22.5725583957,26.078176362756214,0.8578935492811861
BS38816D,37255.0,M2503,1.0,1,2019-01-04 08:15:17,113.879967001,22.5731819028,26.17389887465764,0.861042531953092
BS36521D,37255.0,M2503,1.0,1,2019-01-04 08:15:19,113.88008961,22.5730630096,26.155668685828363,0.8604428135839368
BS38816D,37255.0,M2503,1.0,1,2019-01-04 08:15:24,113.8798575,22.5732880861,26.190180154649592,0.8615781370845569
BS38816D,37255.0,M2503,1.0,1,2019-01-04 08:15:28,113.879797328,22.573346435,26.199126895012768,0.8618724579273142
BS36521D,37255.0,M2503,1.0,1,2019-01-04 08:15:33,113.879786604,22.5733568336,26.20072136602215,0.8619249112267489
BS36521D,37255.0,M2503,1.0,1,2019-01-04 08:15:36,113.879674124,22.5734659055,26.217445560715632,0.8624750869194384
BS38816D,37255.0,M2503,1.0,1,2019-01-04 08:15:42,113.8793399,22.5737900019,26.26713987489334,0.8641098803565245
BS36521D,37255.0,M2503,1.0,1,2019-01-04 08:15:44,113.879454644,22.5736787344,26.250079058030355,0.8635486308071456
BS36521D,37255.0,M2503,1.0,1,2019-01-04 08:15:58,113.879406268,22.5737256446,26.25727187996081,0.8637852530099189
BS38816D,37255.0,M2503,1.0,1,2019-01-04 08:15:58,113.879314878,22.5738142658,26.27086029414067,0.8642322709573285
BS38816D,37255.0,M2503,1.0,1,2019-01-04 08:16:05,113.879160933,22.5739635464,26.29374972024083,0.8649852642159414
BS36521D,37255.0,M2503,1.0,1,2019-01-04 08:16:06,113.879251846,22.5738753875,26.28023221625092,0.8645405790004564
BS36521D,37255.0,M2503,1.0,1,2019-01-04 08:16:20,113.879227063,22.5738994203,26.28391715119652,0.8646618022744835
BS38816D,37255.0,M2503,1.0,1,2019-01-04 08:16:29,113.878806811,22.574306938,26.346402502782464,0.8667173823620048
BS36521D,37255.0,M2503,1.0,1,2019-01-04 08:16:30,113.87888009,22.5742358794,26.33550698340945,0.8663589525524908
BS38816D,25171.0,M2503,1.0,1,2019-01-04 08:16:32,113.878755263,22.5743576019,26.354121588968468,0.8669713170755831
BS36521D,37255.0,M2503,1.0,1,2019-01-04 08:16:38,113.8787755,22.5743373,26.351057970826734,0.8668705332552462
BS36521D,37255.0,M2503,1.0,1,2019-01-04 08:16:52,113.8787755,22.5743373,26.351057970826734,0.8668705332552462
BS36521D,37255.0,M2503,1.0,1,2019-01-04 08:17:20,113.8787755,22.5743373,26.351057970826734,0.8668705332552462
BS36521D,37255.0,M2503,1.0,1,2019-01-04 08:17:48,113.8787755,22.5743373,26.351057970826734,0.8668705332552462
BS38816D,25171.0,M2503,1.0,1,2019-01-04 08:17:56,113.878747657,22.5743652312,26.35527294944708,0.8670091933715999
BS36521D,37255.0,M2503,1.0,1,2019-01-04 08:18:02,113.8787755,22.5743373,26.351057970826734,0.8668705332552462
BS38816D,25171.0,M2503,1.0,1,2019-01-04 08:18:10,113.878632469,22.5744807861,26.37271070384121,0.8675828430317826
BS36521D,38148.0,M2503,1.0,1,2019-01-04 08:18:30,113.877457267,22.5737082818,26.53652727059259,0.8729719152554871
BS38816D,38148.0,M2503,1.0,1,2019-01-04 08:18:38,113.877042116,22.5733453993,26.595158996603956,0.8749007226547731
BS36521D,38148.0,M2503,1.0,1,2019-01-04 08:18:44,113.87666927,22.5730194949,26.647816106358768,0.8766329831531323
BS38816D,38148.0,M2503,1.0,1,2019-01-04 08:18:51,113.876533482,22.5729008027,26.666993487936477,0.8772638613141955
BS36521D,4810.0,M2503,1.0,1,2019-01-04 08:18:58,113.875932874,22.5723758378,26.751815661108285,0.8800542556342537
BS36521D,55624.0,M2503,1.0,1,2019-01-04 08:19:05,113.875738181,22.5722068441,26.779223457352856,0.8809558896776452
BS38816D,4810.0,M2503,1.0,1,2019-01-04 08:19:05,113.875812057,22.5722702399,26.76887810541054,0.8806155587214887
BS38816D,4810.0,M2503,1.0,1,2019-01-04 08:19:07,113.87578734,22.5722486364,26.772368781807987,0.880730391473685
BS36521D,41935.0,M2503,1.0,1,2019-01-04 08:31:09,113.8642699,22.5598624,29.96928599832363,0.9858993503565472
BS36521D,41935.0,M2503,1.0,1,2019-01-04 08:31:21,113.8642699,22.5598624,29.96928599832363,0.9858993503565472
BS38816D,41935.0,M2503,1.0,1,2019-01-04 08:31:23,113.8642699,22.5598624,29.96928599832363,0.9858993503565472
BS38816D,41935.0,M2503,1.0,1,2019-01-04 08:31:33,113.8642699,22.5598624,29.96928599832363,0.9858993503565472
BS36521D,41935.0,M2503,1.0,1,2019-01-04 08:31:34,113.8642699,22.5598624,29.96928599832363,0.9858993503565472
BS36521D,41935.0,M2503,1.0,1,2019-01-04 08:31:47,113.8642699,22.5598624,29.96928599832363,0.9858993503565472
BS38816D,41935.0,M2503,1.0,1,2019-01-04 08:31:47,113.8642699,22.5598624,29.96928599832363,0.9858993503565472
BS04146D,41935.0,M2503,1.0,1,2019-01-04 09:04:01,113.8642699,22.5598624,29.96928599832363,0.9858993503565472
BS07043D,42134.0,M2503,1.0,2,2019-01-04 09:04:04,113.874141102,22.5613048975,28.56309699644603,0.939639962545066
BS04146D,41935.0,M2503,1.0,1,2019-01-04 09:04:10,113.8642699,22.5598624,29.96928599832363,0.9858993503565472
BS04146D,41935.0,M2503,1.0,1,2019-01-04 09:04:17,113.8642699,22.5598624,29.96928599832363,0.9858993503565472
BS07043D,42126.0,M2503,1.0,2,2019-01-04 09:04:19,113.873327891,22.5605966377,28.677761207895216,0.9434120701482708
BS07043D,35312.0,M2503,1.0,2,2019-01-04 09:04:32,113.872887872,22.5602215104,28.73919423625535,0.9454330319674508
BS04146D,41935.0,M2503,1.0,1,2019-01-04 09:04:44,113.8642699,22.5598624,29.96928599832363,0.9858993503565472
BS07043D,42117.0,M2503,1.0,2,2019-01-04 09:04:46,113.871960506,22.5594188046,28.869574600984627,0.9497221537334156
BS07043D,42117.0,M2503,1.0,2,2019-01-04 09:05:00,113.870967672,22.5585600077,29.009116166747614,0.9543126514530196
BS07043D,39809.0,M2503,1.0,2,2019-01-04 09:05:14,113.870380226,22.5580519012,29.091678795643897,0.9570287135639798
BS07043D,42078.0,M2503,1.0,2,2019-01-04 09:05:28,113.869342438,22.5571542455,29.23753738064447,0.9618270222125086
BS07043D,41946.0,M2503,1.0,2,2019-01-04 09:05:42,113.868317748,22.5562939869,29.37978414407552,0.9665065127971304
BS07043D,41946.0,M2503,1.0,2,2019-01-04 09:05:51,113.867856475,22.5563173692,29.43032417755372,0.968169127854958
BS07043D,41954.0,M2503,1.0,2,2019-01-04 09:06:02,113.867344076,22.5567971449,29.505395355002744,0.9706387437504328
BS07043D,41954.0,M2503,1.0,2,2019-01-04 09:06:15,113.867153034,22.5569875899,29.534220118553357,0.9715869917554176
BS07043D,41954.0,M2503,1.0,2,2019-01-04 09:06:19,113.866937148,22.5572027574,29.566789814327304,0.9726584367643728
BS07043D,41954.0,M2503,1.0,2,2019-01-04 09:06:33,113.86605162,22.5580853397,29.700385098601792,0.977053319711677
BS07043D,41954.0,M2503,1.0,2,2019-01-04 09:06:36,113.865843389,22.5582928779,29.731799826341444,0.9780867697468856
BS07043D,55250.0,M2503,1.0,2,2019-01-04 09:07:09,113.864943869,22.559190178,29.963679696914504,0.9857149199060696
BS07043D,55250.0,M2503,1.0,2,2019-01-04 09:07:15,113.864708988,22.5594245081,29.92822586910181,0.9845485956296038
BS07043D,55250.0,M2503,1.0,2,2019-01-04 09:07:19,113.864601219,22.5595320128,29.919288055512272,0.984254568450844
BS07043D,41935.0,M2503,1.0,2,2019-01-04 09:07:29,113.8642699,22.5598624,29.96928599832363,0.9858993503565472
BS04146D,41935.0,M2503,1.0,1,2019-01-04 09:07:30,113.8642699,22.5598624,29.96928599832363,0.9858993503565472
BS07043D,41935.0,M2503,1.0,2,2019-01-04 09:07:44,113.8642699,22.5598624,29.96928599832363,0.9858993503565472
BS07043D,41935.0,M2503,1.0,2,2019-01-04 09:07:57,113.8642699,22.5598624,29.96928599832363,0.9858993503565472
BS07860D,41935.0,M2503,1.0,1,2019-01-04 09:22:27,113.8642699,22.5598624,29.96928599832363,0.9858993503565472
BS07860D,41935.0,M2503,1.0,1,2019-01-04 09:22:56,113.8642699,22.5598624,29.96928599832363,0.9858993503565472
BS04146D,41935.0,M2503,1.0,1,2019-01-04 09:23:23,113.8642699,22.5598624,29.96928599832363,0.9858993503565472
BS04146D,41935.0,M2503,1.0,1,2019-01-04 09:25:29,113.8642699,22.5598624,29.96928599832363,0.9858993503565472
BS04146D,41935.0,M2503,1.0,1,2019-01-04 09:25:57,113.8642699,22.5598624,29.96928599832363,0.9858993503565472
BS39961D,41935.0,M2503,1.0,1,2019-01-04 09:26:21,113.8642699,22.5598624,29.96928599832363,0.9858993503565472
BS39961D,41935.0,M2503,1.0,1,2019-01-04 09:26:35,113.8642699,22.5598624,29.96928599832363,0.9858993503565472
BS39961D,41935.0,M2503,1.0,1,2019-01-04 09:26:49,113.8642699,22.5598624,29.96928599832363,0.9858993503565472
BS39961D,41935.0,M2503,1.0,1,2019-01-04 09:27:03,113.8642699,22.5598624,29.96928599832363,0.9858993503565472
BS39961D,41935.0,M2503,1.0,1,2019-01-04 09:27:20,113.8642699,22.5598624,29.96928599832363,0.9858993503565472
BS39961D,41935.0,M2503,1.0,1,2019-01-04 09:27:35,113.8642699,22.5598624,29.96928599832363,0.9858993503565472
BS39961D,41935.0,M2503,1.0,1,2019-01-04 09:27:49,113.8642699,22.5598624,29.96928599832363,0.9858993503565472
BS07137D,41935.0,M2503,1.0,2,2019-01-04 09:29:08,113.8642699,22.5598624,29.96928599832363,0.9858993503565472
BS07137D,41935.0,M2503,1.0,2,2019-01-04 09:29:21,113.8642699,22.5598624,29.96928599832363,0.9858993503565472
BS07137D,41935.0,M2503,1.0,2,2019-01-04 09:29:23,113.8642699,22.5598624,29.96928599832363,0.9858993503565472
BS07860D,41935.0,M2503,1.0,1,2019-01-04 09:29:34,113.8642699,22.5598624,29.96928599832363,0.9858993503565472
BS07137D,41935.0,M2503,1.0,2,2019-01-04 09:29:37,113.8642699,22.5598624,29.96928599832363,0.9858993503565472
BS07137D,41935.0,M2503,1.0,2,2019-01-04 09:30:06,113.8642699,22.5598624,29.96928599832363,0.9858993503565472
BS07860D,41935.0,M2503,1.0,1,2019-01-04 09:31:12,113.8642699,22.5598624,29.96928599832363,0.9858993503565472
BS07137D,41935.0,M2503,1.0,2,2019-01-04 09:31:29,113.8642699,22.5598624,29.96928599832363,0.9858993503565472
BS07860D,41935.0,M2503,1.0,1,2019-01-04 09:31:39,113.8642699,22.5598624,29.96928599832363,0.9858993503565472
BS04146D,41935.0,M2503,1.0,1,2019-01-04 09:36:14,113.8642699,22.5598624,29.96928599832363,0.9858993503565472
BS04146D,41935.0,M2503,1.0,1,2019-01-04 09:36:27,113.8642699,22.5598624,29.96928599832363,0.9858993503565472
BS04146D,41935.0,M2503,1.0,1,2019-01-04 09:36:32,113.8642699,22.5598624,29.96928599832363,0.9858993503565472
BS07043D,41935.0,M2503,1.0,2,2019-01-04 09:36:40,113.8642699,22.5598624,29.96928599832363,0.9858993503565472
BS04146D,41944.0,M2503,1.0,1,2019-01-04 09:36:54,113.86485113,22.5591145803,30.27866464072212,0.9960769769630642
BS07043D,41935.0,M2503,1.0,2,2019-01-04 09:36:54,113.8642699,22.5598624,29.96928599832363,0.9858993503565472
BS04146D,41944.0,M2503,1.0,1,2019-01-04 09:37:05,113.865343361,22.5586246527,30.39063168278789,0.9997603558076642
BS07043D,41935.0,M2503,1.0,2,2019-01-04 09:37:36,113.8642699,22.5598624,29.96928599832363,0.9858993503565472
BS07137D,41935.0,M2503,1.0,2,2019-01-04 09:37:42,113.8642699,22.5598624,29.96928599832363,0.9858993503565472
BS07137D,41935.0,M2503,1.0,2,2019-01-04 09:38:24,113.8642699,22.5598624,29.96928599832363,0.9858993503565472
BS07043D,41935.0,M2503,1.0,2,2019-01-04 09:38:32,113.8642699,22.5598624,29.96928599832363,0.9858993503565472
BS07137D,41935.0,M2503,1.0,2,2019-01-04 09:38:38,113.8642699,22.5598624,29.96928599832363,0.9858993503565472
BS06458D,41935.0,M2503,1.0,2,2019-01-04 10:40:26,113.8642699,22.5598624,29.96928599832363,0.9858993503565472
BS08628D,41946.0,M2503,1.0,1,2019-01-04 10:40:30,113.8684153,22.5563523,29.367844703570565,0.9661137411228864
BS06458D,41935.0,M2503,1.0,2,2019-01-04 10:40:32,113.8642699,22.5598624,29.96928599832363,0.9858993503565472
BS08628D,41946.0,M2503,1.0,1,2019-01-04 10:40:40,113.867853154,22.5563194309,29.430735032161824,0.968182643735558
BS06458D,41944.0,M2503,1.0,2,2019-01-04 10:40:46,113.864533172,22.5594311059,30.232242695900556,0.994549834633266
BS07069D,41935.0,M2503,1.0,2,2019-01-04 10:40:48,113.8642699,22.5598624,29.96928599832363,0.9858993503565472
BS06458D,41944.0,M2503,1.0,2,2019-01-04 10:40:49,113.864542668,22.5594216513,30.23215828783808,0.9945470578619422
BS08628D,41954.0,M2503,1.0,1,2019-01-04 10:40:51,113.867351706,22.5567895383,29.5042440904514,0.9706008706101346
BS07069D,41935.0,M2503,1.0,2,2019-01-04 10:41:02,113.8642699,22.5598624,29.96928599832363,0.9858993503565472
BS06458D,41944.0,M2503,1.0,2,2019-01-04 10:41:04,113.864592258,22.5593722737,30.23963580345293,0.9947930456304654
BS06458D,41944.0,M2503,1.0,2,2019-01-04 10:41:11,113.864833964,22.5591316659,30.276076789560744,0.9959918444450936
BS06458D,41944.0,M2503,1.0,2,2019-01-04 10:41:17,113.865167493,22.5587996985,30.41714472730973,1.0006325552111306
BS08628D,41954.0,M2503,1.0,1,2019-01-04 10:41:20,113.866929493,22.5572103868,29.567944677441623,0.9726964282865672
BS07069D,41935.0,M2503,1.0,2,2019-01-04 10:41:30,113.8642699,22.5598624,29.96928599832363,0.9858993503565472
BS08628D,41954.0,M2503,1.0,1,2019-01-04 10:41:34,113.86574497,22.5583909694,29.74664777717252,0.978575222660956
BS08628D,55250.0,M2503,1.0,1,2019-01-04 10:41:58,113.864990671,22.5591434862,29.9707441365898,0.9859473187188706
BS08628D,55250.0,M2503,1.0,1,2019-01-04 10:42:08,113.86461547,22.5595178016,29.917137473781207,0.9841838207816582
BS08628D,55250.0,M2503,1.0,1,2019-01-04 10:42:21,113.864566116,22.559567017,29.9245852964902,0.9844288317429062
BS08628D,55250.0,M2503,1.0,1,2019-01-04 10:42:35,113.864559634,22.5595734808,29.925563470408505,0.9844610107221
BS07069D,41935.0,M2503,1.0,2,2019-01-04 10:42:40,113.8642699,22.5598624,29.96928599832363,0.9858993503565472
BS07069D,41935.0,M2503,1.0,2,2019-01-04 10:42:55,113.8642699,22.5598624,29.96928599832363,0.9858993503565472
BS08628D,41935.0,M2503,1.0,1,2019-01-04 10:42:59,113.8642699,22.5598624,29.96928599832363,0.9858993503565472
BS08628D,41935.0,M2503,1.0,1,2019-01-04 10:43:13,113.8642699,22.5598624,29.96928599832363,0.9858993503565472
BS08628D,41935.0,M2503,1.0,1,2019-01-04 10:43:17,113.8642699,22.5598624,29.96928599832363,0.9858993503565472
BS07069D,41935.0,M2503,1.0,2,2019-01-04 10:43:22,113.8642699,22.5598624,29.96928599832363,0.9858993503565472
BS08628D,41935.0,M2503,1.0,1,2019-01-04 10:43:31,113.8642699,22.5598624,29.96928599832363,0.9858993503565472
BS08628D,41935.0,M2503,1.0,1,2019-01-04 10:43:45,113.8642699,22.5598624,29.96928599832363,0.9858993503565472
BS08628D,41935.0,M2503,1.0,1,2019-01-04 10:43:59,113.8642699,22.5598624,29.96928599832363,0.9858993503565472
BS06418D,45649.0,M2503,1.0,4,2019-01-04 15:05:35,113.9043564,22.7164888,0.0,0.0
BS06418D,45649.0,M2503,1.0,4,2019-01-04 15:05:42,113.9043564,22.7164888,0.0,0.0
BS06418D,45649.0,M2503,1.0,4,2019-01-04 15:05:46,113.9043564,22.7164888,0.0,0.0
BS33373D,45649.0,M2503,1.0,5,2019-01-04 15:06:14,113.9043564,22.7164888,0.0,0.0
BS06418D,45649.0,M2503,1.0,4,2019-01-04 15:06:55,113.9043564,22.7164888,0.0,0.0
BS33373D,45649.0,M2503,1.0,5,2019-01-04 15:06:56,113.9043564,22.7164888,0.0,0.0
BS06418D,45649.0,M2503,1.0,4,2019-01-04 15:07:09,113.9043564,22.7164888,0.0,0.0
BS33373D,45649.0,M2503,1.0,5,2019-01-04 15:07:10,113.9043564,22.7164888,0.0,0.0
BS06418D,45649.0,M2503,1.0,4,2019-01-04 15:07:23,113.9043564,22.7164888,0.0,0.0
BS06418D,45649.0,M2503,1.0,4,2019-01-04 15:07:35,113.9043564,22.7164888,0.0,0.0
BS06418D,45649.0,M2503,1.0,4,2019-01-04 15:07:48,113.904737109,22.7165862432,0.0406307362681565,0.0013366289905446
BS06418D,45649.0,M2503,1.0,4,2019-01-04 15:08:02,113.905727611,22.7168631252,0.146910092190369,0.0048329000717403
BS06418D,83981.0,M2503,1.0,4,2019-01-04 15:08:15,113.906828714,22.7171709061,0.2650551024175596,0.0087195154831775
BS06418D,83927.0,M2503,1.0,4,2019-01-04 15:08:29,113.9078546,22.717457671,0.3751296170670934,0.012340635869224
BS06418D,83927.0,M2503,1.0,4,2019-01-04 15:08:43,113.908257198,22.7175701829,0.4183262988687924,0.0137616767484841
BS06418D,59175.0,M2503,1.0,4,2019-01-04 15:08:57,113.908163553,22.7180781549,0.4845470220073937,0.0159401393226722
BS09575D,63491.0,M2503,1.0,5,2019-01-04 15:52:10,113.85938824,22.6321883945,14.85088843875474,0.4885495525253702
BS06418D,76371.0,M2503,1.0,4,2019-01-04 15:52:12,113.859240793,22.6309808228,14.987538429948494,0.4930449261406004
BS09575D,67820.0,M2503,1.0,5,2019-01-04 15:52:23,113.859250418,22.6315330524,14.926344317315614,0.4910318239300981
BS06418D,76371.0,M2503,1.0,4,2019-01-04 15:52:26,113.858917106,22.6294451785,15.161288848529823,0.4987607922047133
BS09575D,76371.0,M2503,1.0,5,2019-01-04 15:52:28,113.859251672,22.6314167301,14.939226364859488,0.4914556045402026
BS06418D,76371.0,M2503,1.0,4,2019-01-04 15:52:40,113.858566226,22.6283074853,15.306871688586266,0.5035500296741257
BS09575D,76371.0,M2503,1.0,5,2019-01-04 15:52:42,113.859246033,22.6310662957,14.978057940829656,0.4927330465695007
BS09575D,76371.0,M2503,1.0,5,2019-01-04 15:52:43,113.859240907,22.6309826866,14.987331702381075,0.4930381254255473
BS06418D,76371.0,M2503,1.0,4,2019-01-04 15:52:49,113.858493117,22.6280553054,15.321282344100306,0.5040240968878157
BS09575D,76371.0,M2503,1.0,5,2019-01-04 15:52:57,113.859016215,22.6297665271,15.124286305466065,0.4975435198556109
BS06418D,76371.0,M2503,1.0,4,2019-01-04 15:53:03,113.858488609,22.6280394183,15.32310167621159,0.5040839474410354
BS09575D,76371.0,M2503,1.0,5,2019-01-04 15:53:11,113.858652693,22.6285878475,15.339166082004624,0.5046124180637956
BS09575D,76371.0,M2503,1.0,5,2019-01-04 15:53:24,113.858535568,22.6282049168,15.304149439788054,0.5034604758782222
BS09575D,76371.0,M2503,1.0,5,2019-01-04 15:53:52,113.858534432,22.6282009098,15.304608280568964,0.5034755703595469
BS06418D,76371.0,M2503,1.0,4,2019-01-04 15:53:59,113.858443641,22.6278728255,15.342122820144889,0.5047096858536197
BS09575D,76371.0,M2503,1.0,5,2019-01-04 15:54:07,113.858472216,22.6279816423,15.34095023711797,0.5046711113996089
BS06418D,76395.0,M2503,1.0,4,2019-01-04 15:54:14,113.858099673,22.6263638433,15.514102409234544,0.5103672969547838
BS09575D,76395.0,M2503,1.0,5,2019-01-04 15:54:21,113.858298861,22.6269280177,15.453500515860648,0.5083736769762817
BS06418D,36362.0,M2503,1.0,4,2019-01-04 15:54:28,113.857535748,22.6251673584,15.659793430769966,0.5151600932694036
BS06418D,36362.0,M2503,1.0,4,2019-01-04 15:54:33,113.857273337,22.6246371443,15.72460967225284,0.5172923526223322
BS09575D,76395.0,M2503,1.0,5,2019-01-04 15:54:35,113.857831385,22.6256263287,15.600313829752292,0.5132033933331398
BS06418D,36362.0,M2503,1.0,4,2019-01-04 15:54:43,113.8570315,22.6240869276,15.790417165744952,0.5194572211843025
BS09575D,36362.0,M2503,1.0,5,2019-01-04 15:54:49,113.85734026,22.6247885942,15.70648199433053,0.5166960065536245
BS09575D,36362.0,M2503,1.0,5,2019-01-04 15:54:51,113.857279683,22.6246515062,15.722890646097971,0.5172358018333203
BS06418D,36362.0,M2503,1.0,4,2019-01-04 15:54:57,113.857025193,22.6240725231,15.792139044516285,0.5195138658158144
BS09575D,36362.0,M2503,1.0,5,2019-01-04 15:55:05,113.857052176,22.6241341467,15.78477266538768,0.5192715341033479
BS06418D,36362.0,M2503,1.0,4,2019-01-04 15:55:06,113.85683824,22.6236455619,15.84756717259502,0.5213372844807557
BS09575D,36362.0,M2503,1.0,5,2019-01-04 15:55:08,113.8570315,22.6240869276,15.790417165744952,0.5194572211843025
BS06418D,36362.0,M2503,1.0,4,2019-01-04 15:55:20,113.856188517,22.6224374418,16.000208254834757,0.5263587168841267
BS09575D,36362.0,M2503,1.0,5,2019-01-04 15:55:22,113.856959483,22.623922456,15.810077825679976,0.5201039977494367
BS09575D,36362.0,M2503,1.0,5,2019-01-04 15:55:29,113.856828849,22.6236243501,15.845717029419564,0.5212764203362161
BS06418D,20026.0,M2503,1.0,4,2019-01-04 15:55:34,113.855335073,22.6213616817,16.141200792739326,0.5309969472221138
BS09575D,36362.0,M2503,1.0,5,2019-01-04 15:55:43,113.856324815,22.6226506617,15.965452705248248,0.5252153638606165
BS06418D,20026.0,M2503,1.0,4,2019-01-04 15:55:44,113.855138387,22.6211767907,16.169977179364285,0.5319436037717807
BS39961D,67820.0,M2503,1.0,5,2019-01-04 18:16:05,113.859250587,22.6315173851,14.928079383730694,0.4910889023954158
BS06880D,63564.0,M2503,1.0,4,2019-01-04 18:16:07,113.8584087,22.6276228,15.370093795228303,0.5056298467865535
BS39961D,76371.0,M2503,1.0,5,2019-01-04 18:16:10,113.859252036,22.631383886,14.94286367651058,0.4915752611511094
BS06880D,63564.0,M2503,1.0,4,2019-01-04 18:16:21,113.8584087,22.6276228,15.370093795228303,0.5056298467865535
BS39961D,76371.0,M2503,1.0,5,2019-01-04 18:16:39,113.85924303,22.6310173198,14.983490255980982,0.4929117533955132
BS39961D,76371.0,M2503,1.0,5,2019-01-04 18:16:53,113.858983448,22.6296602846,15.13651830947292,0.4979459159889253
BS39961D,76371.0,M2503,1.0,5,2019-01-04 18:17:07,113.858656007,22.6285985907,15.34040358986688,0.5046531283495704
BS39961D,76371.0,M2503,1.0,5,2019-01-04 18:17:10,113.858639515,22.6285451194,15.334244308664331,0.5044505065274625
BS06880D,63564.0,M2503,1.0,4,2019-01-04 18:17:18,113.8584087,22.6276228,15.370093795228303,0.5056298467865535
BS39961D,76371.0,M2503,1.0,5,2019-01-04 18:17:24,113.858641699,22.6285522,15.335059916946497,0.5044773375862864
BS06880D,63564.0,M2503,1.0,4,2019-01-04 18:17:32,113.8584087,22.6276228,15.370093795228303,0.5056298467865535
BS39961D,76371.0,M2503,1.0,5,2019-01-04 18:17:38,113.85861826,22.6284762007,15.326305703274064,0.504189350292461
BS06880D,63564.0,M2503,1.0,4,2019-01-04 18:17:47,113.858399306,22.6274997305,15.383756541020984,0.5060793100204071
BS39961D,76371.0,M2503,1.0,5,2019-01-04 18:17:53,113.858528218,22.6281790123,15.307115915425538,0.5035580640024107
BS06880D,76395.0,M2503,1.0,4,2019-01-04 18:18:01,113.857943637,22.6259349049,15.564246533418908,0.5120168877878897
BS39961D,63564.0,M2503,1.0,5,2019-01-04 18:18:08,113.858389181,22.6272965419,15.406284681375991,0.5068204180648893
BS06880D,36362.0,M2503,1.0,4,2019-01-04 18:18:15,113.857533152,22.6251636781,15.66028058819533,0.5151761192831437
BS39961D,76395.0,M2503,1.0,5,2019-01-04 18:18:22,113.857965083,22.6259938605,15.55735564673912,0.5117901983465275
BS06880D,36362.0,M2503,1.0,4,2019-01-04 18:18:27,113.857311727,22.6247240221,15.714210891318142,0.516950264013061
BS39961D,36362.0,M2503,1.0,5,2019-01-04 18:18:37,113.857581927,22.6252328133,15.651128750969557,0.514875051370616
BS06880D,36362.0,M2503,1.0,4,2019-01-04 18:18:40,113.857027647,22.6240781296,15.79146888823604,0.5194918196902789
BS39961D,36362.0,M2503,1.0,5,2019-01-04 18:18:45,113.857279683,22.6246515062,15.722890646097971,0.5172358018333203
BS06880D,36362.0,M2503,1.0,4,2019-01-04 18:18:55,113.857022041,22.6240653256,15.792999438552451,0.5195421701912125
BS39961D,36362.0,M2503,1.0,5,2019-01-04 18:18:57,113.857085466,22.6242101747,15.775684418359008,0.5189725581170015
BS06880D,36362.0,M2503,1.0,4,2019-01-04 18:19:09,113.856939865,22.6238776517,15.815433641398162,0.5202801879742384
BS39961D,36362.0,M2503,1.0,5,2019-01-04 18:19:11,113.857076007,22.6241885728,15.77826668061516,0.5190575067768038
BS06880D,36362.0,M2503,1.0,4,2019-01-04 18:19:14,113.856848756,22.6236695786,15.85043808321936,0.5214317288035075
BS39961D,36362.0,M2503,1.0,5,2019-01-04 18:19:26,113.856888354,22.623760011,15.861248241870191,0.5217873505020593
BS06880D,36362.0,M2503,1.0,4,2019-01-04 18:19:28,113.856497126,22.6229471231,15.928111940791894,0.5239869650451962
BS39961D,36362.0,M2503,1.0,5,2019-01-04 18:19:28,113.856834388,22.6236367639,15.846515488390542,0.5213026872342936
BS06880D,36362.0,M2503,1.0,4,2019-01-04 18:19:42,113.856161842,22.6223977432,15.998093512443685,0.5262891482214083
BS39961D,36362.0,M2503,1.0,5,2019-01-04 18:19:42,113.856448499,22.6228528629,15.939685544014615,0.524367701773432
BS06880D,20026.0,M2503,1.0,4,2019-01-04 18:19:50,113.8554953,22.6215123,16.11775860638093,0.5302257698139176
BS06880D,52568.0,M2503,1.0,4,2019-01-04 18:38:08,113.871651075,22.5994304342,19.292347247233437,0.6346601857302936
BS39961D,52568.0,M2503,1.0,5,2019-01-04 18:38:16,113.871582437,22.5994991391,19.30272484824938,0.6350015775839551
BS06880D,52568.0,M2503,1.0,4,2019-01-04 18:38:19,113.872007603,22.5990523641,19.28207130738484,0.6343221382232025
BS39961D,52568.0,M2503,1.0,5,2019-01-04 18:38:30,113.87189994,22.5991766224,19.264410847310632,0.6337411622161288
BS39961D,52568.0,M2503,1.0,5,2019-01-04 18:38:32,113.871914034,22.5991603551,19.266722822999967,0.6338172192610074
BS06880D,52568.0,M2503,1.0,4,2019-01-04 18:38:33,113.872022642,22.5990350073,19.28453819624396,0.6344032914453295
BS39961D,52568.0,M2503,1.0,5,2019-01-04 18:38:43,113.872006595,22.599053528,19.281905915093205,0.6343166973143706
BS06880D,52568.0,M2503,1.0,4,2019-01-04 18:38:47,113.872320308,22.5986172496,19.34003445177304,0.6362289512984338
BS06880D,52568.0,M2503,1.0,4,2019-01-04 18:38:50,113.872373658,22.5985504481,19.34923162154308,0.6365315105152903
BS39961D,52568.0,M2503,1.0,5,2019-01-04 18:38:57,113.872039,22.5990161281,19.29260182381772,0.6346685605340535
BS06880D,52568.0,M2503,1.0,4,2019-01-04 18:39:03,113.872570318,22.5983042039,19.39146311630575,0.6379207996446153
BS39961D,52568.0,M2503,1.0,5,2019-01-04 18:39:11,113.872341106,22.5985912078,19.34361898471121,0.6363468716484638
BS39961D,52568.0,M2503,1.0,5,2019-01-04 18:39:13,113.872391485,22.5985281265,19.352346977120973,0.6366339963416309
BS04146D,34073.0,M2503,1.0,5,2019-01-04 18:56:25,113.879104865,22.5919899078,20.35378471933203,0.6695782853555111
BS04146D,1797.0,M2503,1.0,5,2019-01-04 18:56:27,113.879240701,22.5918548938,20.37424535370577,0.6702513786730525
BS07043D,34073.0,M2503,1.0,6,2019-01-04 18:56:31,113.879036948,22.5920574171,20.34355428964332,0.6692417349957684
BS07043D,34073.0,M2503,1.0,6,2019-01-04 18:56:35,113.879176,22.5919192,20.36449986838357,0.6699307815240713
BS04146D,1797.0,M2503,1.0,5,2019-01-04 18:56:41,113.879817397,22.5912817199,20.461109108841708,0.6731089348978767
BS04146D,1797.0,M2503,1.0,5,2019-01-04 18:56:43,113.879833656,22.5912655602,20.46355809263951,0.6731894990973515
BS07043D,34073.0,M2503,1.0,6,2019-01-04 18:56:50,113.879176,22.5919192,20.36449986838357,0.6699307815240713
BS04146D,1797.0,M2503,1.0,5,2019-01-04 18:56:57,113.879881479,22.5912180288,20.470761388506965,0.6734264658611425
BS07043D,1797.0,M2503,1.0,6,2019-01-04 18:57:05,113.879859615,22.591239759,20.467468182470657,0.6733181292897619
BS04146D,1797.0,M2503,1.0,5,2019-01-04 18:57:07,113.880115039,22.5909858957,20.505940942982438,0.6745837673699319
BS04146D,1797.0,M2503,1.0,5,2019-01-04 18:57:11,113.880159024,22.5909421789,20.512566149486982,0.6748017167327955
BS07043D,1797.0,M2503,1.0,6,2019-01-04 18:57:18,113.880075798,22.5910248966,20.50003036549777,0.6743893271519472
BS07043D,1797.0,M2503,1.0,6,2019-01-04 18:57:32,113.880099733,22.5910011076,20.503635551228964,0.6745079269167362
BS07043D,1797.0,M2503,1.0,6,2019-01-04 18:57:33,113.880115039,22.5909858957,20.505940942982438,0.6745837673699319
BS04146D,1797.0,M2503,1.0,5,2019-01-04 18:57:39,113.880426868,22.5906759704,20.55290977773489,0.6761289007332038
BS07043D,1797.0,M2503,1.0,6,2019-01-04 18:57:47,113.880527307,22.5905761451,20.568038238310045,0.6766265815739745
BS04146D,67247.0,M2503,1.0,5,2019-01-04 18:57:53,113.881305981,22.5898021931,20.685327808572065,0.6804850555840457
BS07043D,67247.0,M2503,1.0,6,2019-01-04 18:58:01,113.881353804,22.5897546614,20.69253116348477,0.6807220242902478
BS04146D,67247.0,M2503,1.0,5,2019-01-04 18:58:06,113.8823563,22.5887582748,20.84353246764355,0.6856895129278302
BS04146D,67247.0,M2503,1.0,5,2019-01-04 18:58:13,113.882749375,22.5883675947,20.902739706290863,0.6876372529614787
BS07043D,67247.0,M2503,1.0,6,2019-01-04 18:58:15,113.88231706,22.5887972759,20.837621900746484,0.6854950730581456
BS04146D,67247.0,M2503,1.0,5,2019-01-04 18:58:20,113.882949251,22.5881689373,20.932846153630685,0.688627664507337
BS07043D,67247.0,M2503,1.0,6,2019-01-04 18:58:24,113.882734023,22.5883828532,20.900427294606477,0.6875611815736743
BS07043D,67247.0,M2503,1.0,6,2019-01-04 18:58:29,113.882781847,22.5883353215,20.907630753444572,0.6877981536987093
BS07043D,67247.0,M2503,1.0,6,2019-01-04 18:58:43,113.882790429,22.5883267909,20.908923496938133,0.6878406810705843
BS04146D,67247.0,M2503,1.0,5,2019-01-04 18:58:48,113.883032523,22.5880861726,20.945389088106687,0.6890402893176895
BS07043D,67247.0,M2503,1.0,6,2019-01-04 18:58:56,113.883018078,22.5881005297,20.943213286111614,0.68896871197769
BS07043D,67247.0,M2503,1.0,6,2019-01-04 18:59:00,113.883049642,22.5880691578,20.947967663614392,0.689125116694559
BS04146D,67247.0,M2503,1.0,5,2019-01-04 18:59:02,113.883569115,22.5875528509,21.026213808639,0.691699179471763
BS04146D,67247.0,M2503,1.0,5,2019-01-04 18:59:04,113.88365234,22.5874701327,21.03874970645029,0.6921115727970152
BS04146D,67247.0,M2503,1.0,5,2019-01-04 18:59:13,113.883870546,22.5872532569,21.07161723222298,0.6931928155169431
BS07043D,67247.0,M2503,1.0,6,2019-01-04 18:59:13,113.883109933,22.5880092344,20.957049038466884,0.6894238666069833
BS07043D,67247.0,M2503,1.0,6,2019-01-04 18:59:25,113.883644664,22.5874777619,21.03759350121793,0.692073537123175
BS07043D,67247.0,M2503,1.0,6,2019-01-04 18:59:31,113.883736519,22.5873864666,21.051429281991087,0.6925286926873313
BS07043D,67247.0,M2503,1.0,6,2019-01-04 18:59:44,113.883744195,22.5873788374,21.052585487572635,0.692566728372659
BS04146D,67247.0,M2503,1.0,5,2019-01-04 18:59:55,113.883879129,22.5872447263,21.072910050532567,0.6932353453500404
BS07043D,67247.0,M2503,1.0,6,2019-01-04 19:00:12,113.883787274,22.5873360216,21.059074263290924,0.6927801895730903
BS04146D,67247.0,M2503,1.0,5,2019-01-04 19:00:23,113.883987243,22.5871372712,21.08919486717848,0.6937710668267809
BS07043D,67247.0,M2503,1.0,6,2019-01-04 19:00:27,113.883987196,22.5871373177,21.089187805019964,0.6937708345030114
BS04146D,27596.0,M2503,1.0,5,2019-01-04 19:00:37,113.884671137,22.5864575321,21.19220851335559,0.6971599058818573
BS07043D,27596.0,M2503,1.0,6,2019-01-04 19:00:41,113.884562117,22.5865658906,21.17578695604171,0.6966196860485083
BS04146D,27596.0,M2503,1.0,5,2019-01-04 19:00:51,113.885265195,22.585867074,21.28169126756987,0.7001036192974156
BS07043D,27596.0,M2503,1.0,6,2019-01-04 19:00:54,113.884914994,22.586215153,21.22894057584825,0.6983682802338788
BS04146D,27596.0,M2503,1.0,5,2019-01-04 19:01:04,113.885824759,22.5853109014,21.365978318921545,0.7028764097194409
BS07043D,27596.0,M2503,1.0,6,2019-01-04 19:01:08,113.885351187,22.5857816033,21.294644211355948,0.700529732180606
BS04146D,27596.0,M2503,1.0,5,2019-01-04 19:01:18,113.886160516,22.5849771793,21.41655342992505,0.7045401787223244
BS07043D,27596.0,M2503,1.0,6,2019-01-04 19:01:21,113.885650588,22.5854840161,21.339743003163644,0.7020133467567944
BS04146D,27596.0,M2503,1.0,5,2019-01-04 19:01:32,113.886736594,22.5844045923,21.503328279390026,0.7073948102180361
BS07043D,27596.0,M2503,1.0,6,2019-01-04 19:01:35,113.885833342,22.5853023705,21.36727116978737,0.7029189406235404
BS04146D,27596.0,M2503,1.0,5,2019-01-04 19:01:46,113.887415784,22.5837295189,21.605635078853247,0.7107603961426888
BS07043D,27596.0,M2503,1.0,6,2019-01-04 19:01:49,113.886277164,22.5848612378,21.434124180319195,0.705118203550805
BS04146D,58788.0,M2503,1.0,5,2019-01-04 19:01:59,113.8881909,22.5829591,21.722391621596604,0.7146013351509453
BS07043D,27596.0,M2503,1.0,6,2019-01-04 19:02:02,113.886813096,22.584328554,21.514851808961268,0.7077738996737789
BS07043D,27596.0,M2503,1.0,6,2019-01-04 19:02:16,113.887488401,22.5836573415,21.616573478124906,0.7111202365718692
BS04146D,58788.0,M2503,1.0,5,2019-01-04 19:02:27,113.8881909,22.5829591,21.722391621596604,0.7146013351509453
BS07043D,58788.0,M2503,1.0,6,2019-01-04 19:02:30,113.8881909,22.5829591,21.722391621596604,0.7146013351509453
BS07043D,58788.0,M2503,1.0,6,2019-01-04 19:02:32,113.8881909,22.5829591,21.722391621596604,0.7146013351509453
BS07043D,58788.0,M2503,1.0,6,2019-01-04 19:02:46,113.8881909,22.5829591,21.722391621596604,0.7146013351509453
BS04146D,58788.0,M2503,1.0,5,2019-01-04 19:02:55,113.8881909,22.5829591,21.722391621596604,0.7146013351509453
BS07043D,58788.0,M2503,1.0,6,2019-01-04 19:03:28,113.8881909,22.5829591,21.722391621596604,0.7146013351509453
BS04146D,58788.0,M2503,1.0,5,2019-01-04 19:03:36,113.8881909,22.5829591,21.722391621596604,0.7146013351509453
BS07043D,58788.0,M2503,1.0,6,2019-01-04 19:03:40,113.8881909,22.5829591,21.722391621596604,0.7146013351509453
BS04146D,58788.0,M2503,1.0,5,2019-01-04 19:03:41,113.8881909,22.5829591,21.722391621596604,0.7146013351509453
BS04146D,58788.0,M2503,1.0,5,2019-01-04 19:03:44,113.8881909,22.5829591,21.722391621596604,0.7146013351509453
BS04146D,58788.0,M2503,1.0,5,2019-01-04 19:03:53,113.888202018,22.582947995,21.72407074463746,0.7146565732475498
BS07043D,68842.0,M2503,1.0,6,2019-01-04 19:03:54,113.888293626,22.5828564914,21.73790628856821,0.7151117210203036
BS04146D,58788.0,M2503,1.0,5,2019-01-04 19:03:58,113.888225877,22.582924163,21.72767418126209,0.7147751154719951
BS04146D,58788.0,M2503,1.0,5,2019-01-04 19:04:04,113.888257366,22.5828927105,21.732429910813902,0.71493156466721
BS07043D,68842.0,M2503,1.0,6,2019-01-04 19:04:06,113.888581769,22.5825686635,21.78142559117268,0.7165433751534089
BS04146D,68842.0,M2503,1.0,5,2019-01-04 19:04:14,113.888293626,22.5828564914,21.73790628856821,0.7151117210203036
BS07043D,68842.0,M2503,1.0,6,2019-01-04 19:04:20,113.889466318,22.5816850827,21.9150224807546,0.7209383109104983
BS04146D,68842.0,M2503,1.0,5,2019-01-04 19:04:28,113.888566502,22.5825839139,21.77911975095965,0.716467519947243
BS07043D,68842.0,M2503,1.0,6,2019-01-04 19:04:29,113.88968483,22.5814668093,21.94802530776641,0.7220240046341557
BS04146D,68842.0,M2503,1.0,5,2019-01-04 19:04:42,113.889283112,22.5818680878,21.88735216125974,0.7200280406419419
BS07043D,68842.0,M2503,1.0,6,2019-01-04 19:04:43,113.889732539,22.5814191527,21.95523098596173,0.7222610497693666
BS04146D,68842.0,M2503,1.0,5,2019-01-04 19:04:47,113.889473947,22.5816774616,21.916174756633904,0.7209762173204443
BS07043D,68842.0,M2503,1.0,6,2019-01-04 19:04:50,113.889852769,22.5812990545,21.973389821851917,0.7228584208414823
BS04146D,68842.0,M2503,1.0,5,2019-01-04 19:04:58,113.889609444,22.581542113,21.93663942511896,0.7216494433481115
BS04146D,68842.0,M2503,1.0,5,2019-01-04 19:05:12,113.889701996,22.5814496619,21.95061797682292,0.7221092956463823
BS04146D,68842.0,M2503,1.0,5,2019-01-04 19:05:18,113.889765926,22.5813858023,21.960273562413303,0.7224269353646393
BS07043D,68842.0,M2503,1.0,6,2019-01-04 19:05:18,113.890367079,22.5807853071,22.05106837399524,0.7254138115204269
BS04146D,68842.0,M2503,1.0,5,2019-01-04 19:05:31,113.889833674,22.581318128,21.97050587029662,0.7227635475113342
BS07043D,68842.0,M2503,1.0,6,2019-01-04 19:05:32,113.891184854,22.5799684271,22.17458084337,0.7294770001904647
BS04146D,68842.0,M2503,1.0,5,2019-01-04 19:05:45,113.890618033,22.5805346276,22.088971134010773,0.7266606982990484
BS07043D,68842.0,M2503,1.0,6,2019-01-04 19:05:46,113.891849936,22.5793040723,22.275031658382268,0.7327815298101867
BS07043D,68842.0,M2503,1.0,6,2019-01-04 19:05:49,113.891901464,22.579252601,22.282814181871466,0.7330375514201964
BS04146D,68842.0,M2503,1.0,5,2019-01-04 19:05:59,113.891512147,22.5796414913,22.22401364430713,0.7311031906286671
BS04146D,60670.0,M2503,1.0,5,2019-01-04 19:06:07,113.892208,22.5789464,22.32911201308834,0.7345606107857813
BS04146D,60670.0,M2503,1.0,5,2019-01-04 19:06:21,113.892208,22.5789464,22.32911201308834,0.7345606107857813
BS07043D,68842.0,M2503,1.0,6,2019-01-04 19:06:30,113.891902409,22.5792516568,22.28295692926456,0.733042247379991
BS04146D,60670.0,M2503,1.0,5,2019-01-04 19:06:35,113.892208,22.5789464,22.32911201308834,0.7345606107857813
BS07043D,68842.0,M2503,1.0,6,2019-01-04 19:07:27,113.89206271,22.5790915314,22.30716803855239,0.7338387200393536
BS04146D,60670.0,M2503,1.0,5,2019-01-04 19:07:31,113.892208,22.5789464,22.32911201308834,0.7345606107857813
BS07043D,60670.0,M2503,1.0,6,2019-01-04 19:07:41,113.892627546,22.5785272928,22.392480044443733,0.7366452283822815
BS04146D,60670.0,M2503,1.0,5,2019-01-04 19:07:44,113.892309833,22.5788446735,22.344492814231007,0.7350665928720868
BS07043D,60670.0,M2503,1.0,6,2019-01-04 19:07:54,113.893512066,22.5776436995,22.526077687550107,0.7410401889280586
BS04146D,60670.0,M2503,1.0,5,2019-01-04 19:07:58,113.892953879,22.5782013021,22.441769207774964,0.7382666935753661
BS07043D,60670.0,M2503,1.0,6,2019-01-04 19:08:00,113.893786872,22.5773691812,22.56758440160841,0.7424056349526255
BS04146D,60670.0,M2503,1.0,5,2019-01-04 19:08:11,113.893754431,22.5774015882,22.56268451214588,0.7422444433300355
BS07043D,60670.0,M2503,1.0,6,2019-01-04 19:08:14,113.8940227,22.5771336,22.603203913638243,0.7435774097413939
BS07043D,60670.0,M2503,1.0,6,2019-01-04 19:08:16,113.8940227,22.5771336,22.603203913638243,0.7435774097413939
BS04146D,29601.0,M2503,1.0,5,2019-01-04 19:08:24,113.894270618,22.5768859563,22.640648327351084,0.7448092183055364
BS07043D,60670.0,M2503,1.0,6,2019-01-04 19:08:30,113.8940227,22.5771336,22.603203913638243,0.7435774097413939
BS07043D,29601.0,M2503,1.0,6,2019-01-04 19:08:36,113.894652316,22.5765046812,22.698298279430784,0.7467057282960193
BS04146D,29601.0,M2503,1.0,5,2019-01-04 19:08:38,113.894278256,22.5768783269,22.641801924716244,0.7448471681883914
BS04146D,29601.0,M2503,1.0,5,2019-01-04 19:08:49,113.894687623,22.5764694132,22.70363090340628,0.746881155582256
BS07043D,29601.0,M2503,1.0,6,2019-01-04 19:08:50,113.895453838,22.5757040474,22.819356785120128,0.7506881889432612
BS07043D,29601.0,M2503,1.0,6,2019-01-04 19:08:55,113.895545446,22.5756125412,22.833192868543343,0.751143354463694
BS04146D,29601.0,M2503,1.0,5,2019-01-04 19:09:03,113.895396601,22.5757612214,22.810711904664917,0.7504037983833665
BS04146D,29601.0,M2503,1.0,5,2019-01-04 19:09:14,113.895604611,22.5755534409,22.84212898613528,0.7514373258492348
BS07043D,29601.0,M2503,1.0,6,2019-01-04 19:09:24,113.895553075,22.5756049203,22.834345151143232,0.7511812610947268
BS04146D,29601.0,M2503,1.0,5,2019-01-04 19:09:28,113.895613194,22.5755448674,22.843425329558112,0.751479971647953
BS07043D,29601.0,M2503,1.0,6,2019-01-04 19:10:32,113.895569296,22.5755887173,22.836795104698773,0.7512618571963139
BS04146D,29601.0,M2503,1.0,5,2019-01-04 19:10:38,113.895811669,22.5753466131,22.873402160248265,0.7524661191959734
BS07043D,22649.0,M2503,1.0,6,2019-01-04 19:10:46,113.896096899,22.575065873,22.916144949710016,0.7538722283827296
BS04146D,22649.0,M2503,1.0,5,2019-01-04 19:10:53,113.896578755,22.574592038,22.98831774912658,0.7562464963603579
BS07043D,36607.0,M2503,1.0,6,2019-01-04 19:11:00,113.896743548,22.574430952,23.012923129491234,0.757055939352031
BS04146D,36607.0,M2503,1.0,5,2019-01-04 19:11:02,113.897223641,22.5739618898,23.08458770951089,0.7594134884404179
BS07043D,36607.0,M2503,1.0,6,2019-01-04 19:11:09,113.897166078,22.574018131,23.07599507953971,0.7591308167642586
BS04146D,36681.0,M2503,1.0,5,2019-01-04 19:11:15,113.897628342,22.5735636721,23.145225845450856,0.7614083006903123
BS07043D,36607.0,M2503,1.0,6,2019-01-04 19:11:20,113.89742056,22.5737694958,23.113982250375795,0.7603804804049364
BS04146D,36681.0,M2503,1.0,5,2019-01-04 19:11:25,113.897794928,22.5733964773,23.17045092638992,0.7622381299665888
BS07043D,36607.0,M2503,1.0,6,2019-01-04 19:11:33,113.8975226,22.5736698,23.129214043802136,0.7608815605856466
BS04146D,36681.0,M2503,1.0,5,2019-01-04 19:11:39,113.897803511,22.5733878629,23.171750599691908,0.7622808853083136
BS04146D,36681.0,M2503,1.0,5,2019-01-04 19:11:46,113.898037683,22.5731528357,23.207209783539305,0.763447385782208
BS09588D,27606.0,M2503,2.0,2,2019-01-04 08:56:08,113.891055486,22.5802873588,7.845171593321828,0.2616455956433333
BS09588D,27606.0,M2503,2.0,2,2019-01-04 08:56:12,113.890714034,22.5806287404,7.8967673118244015,0.2633663728551081
BS31808D,27606.0,M2503,2.0,2,2019-01-04 08:56:19,113.891886234,22.5794567799,7.719639504816693,0.2574589545127255
BS09588D,27606.0,M2503,2.0,2,2019-01-04 08:56:27,113.890047352,22.5812952874,7.9975075272582385,0.2667261761887741
BS31808D,27606.0,M2503,2.0,2,2019-01-04 08:56:33,113.890929594,22.5804132252,7.864194765993438,0.2622800405736298
BS31808D,27606.0,M2503,2.0,2,2019-01-04 08:56:36,113.890714995,22.5806277799,7.89662212276317,0.2633615306310784
BS31808D,27606.0,M2503,2.0,2,2019-01-04 08:56:50,113.890160854,22.5811818085,7.980356622809538,0.2661541735809379
BS31808D,27606.0,M2503,2.0,2,2019-01-04 08:56:53,113.890113165,22.5812294872,7.987562699330805,0.2663945046127363
BS09588D,27606.0,M2503,2.0,2,2019-01-04 08:56:55,113.889856596,22.5814860036,8.026331929466748,0.2676875035217961
BS31808D,27606.0,M2503,2.0,2,2019-01-04 08:57:07,113.890077874,22.5812647714,7.992895434206646,0.2665723575221851
BS09588D,27606.0,M2503,2.0,2,2019-01-04 08:57:09,113.88918037,22.5821620924,8.12851399840938,0.2710953943466854
BS31808D,27606.0,M2503,2.0,2,2019-01-04 08:57:11,113.890030185,22.58131245,8.000101500656012,0.2668126882180739
BS09588D,27606.0,M2503,2.0,2,2019-01-04 08:57:21,113.888622413,22.5827199356,8.212824647106888,0.2739072525240532
BS31808D,27606.0,M2503,2.0,2,2019-01-04 08:57:25,113.889930992,22.5814116236,8.01509027822806,0.267312581380276
BS31808D,27606.0,M2503,2.0,2,2019-01-04 08:57:27,113.889848013,22.5814945849,8.027628880380407,0.2677307583429671
BS31808D,27617.0,M2503,2.0,2,2019-01-04 08:58:02,113.8883847,22.5829576,8.24874445068676,0.2751052197439221
BS09588D,27606.0,M2503,2.0,2,2019-01-04 08:58:30,113.88857854,22.5827637996,8.219454109775752,0.2741283528133402
BS31808D,27617.0,M2503,2.0,2,2019-01-04 08:58:30,113.8883847,22.5829576,8.24874445068676,0.2751052197439221
BS31808D,27617.0,M2503,2.0,2,2019-01-04 08:58:43,113.8883847,22.5829576,8.24874445068676,0.2751052197439221
BS09588D,58790.0,M2503,2.0,2,2019-01-04 08:58:44,113.887693717,22.5836471194,8.3530485675759,0.2785838833355181
BS31808D,58790.0,M2503,2.0,2,2019-01-04 08:58:57,113.887502744,22.5838376334,8.381871545314565,0.2795451631608143
BS09588D,58790.0,M2503,2.0,2,2019-01-04 08:58:58,113.886754126,22.5845844488,8.494857755343713,0.2833133846548762
BS31808D,58790.0,M2503,2.0,2,2019-01-04 08:59:11,113.8865612,22.5847769114,8.52397542757011,0.2842844928840331
BS09588D,58790.0,M2503,2.0,2,2019-01-04 08:59:12,113.88571141,22.5856246554,8.652230762337084,0.2885619574442865
BS09588D,58790.0,M2503,2.0,2,2019-01-04 08:59:25,113.884707969,22.5866256811,8.803675607070039,0.2936128191285607
BS31808D,58790.0,M2503,2.0,2,2019-01-04 08:59:25,113.885551963,22.5857837189,8.676295439057535,0.2893645423972844
BS09588D,27625.0,M2503,2.0,2,2019-01-04 08:59:39,113.88434327,22.5869895003,8.889888368630409,0.2964881149818371
BS31808D,58790.0,M2503,2.0,2,2019-01-04 08:59:39,113.884606797,22.5867266097,8.818945025090942,0.2941220719760838
BS31808D,27625.0,M2503,2.0,2,2019-01-04 08:59:45,113.884240124,22.587092394,8.905455358155141,0.2970072921850533
BS09588D,27625.0,M2503,2.0,2,2019-01-04 08:59:52,113.883379779,22.5879506308,9.035299744405297,0.3013377534601494
BS31808D,27625.0,M2503,2.0,2,2019-01-04 08:59:56,113.883430427,22.5879001072,9.02765591614796,0.3010828228988997
BS09588D,27625.0,M2503,2.0,2,2019-01-04 09:00:06,113.882306568,22.5890212114,9.197269583209716,0.3067396359360296
BS31808D,27625.0,M2503,2.0,2,2019-01-04 09:00:10,113.882420233,22.588907825,9.180115200896854,0.3061675173373792
BS09588D,27625.0,M2503,2.0,2,2019-01-04 09:00:15,113.882039212,22.5892879123,9.237619084590571,0.3080853387287757
BS31808D,27625.0,M2503,2.0,2,2019-01-04 09:00:23,113.882112786,22.5892145193,9.226515321744154,0.3077150153254855
BS09588D,27625.0,M2503,2.0,2,2019-01-04 09:00:29,113.881887391,22.5894393614,9.260531978747716,0.3088495103939004
BS31808D,27625.0,M2503,2.0,2,2019-01-04 09:00:33,113.882044991,22.5892821482,9.236746975352858,0.308056252871538
BS09588D,27625.0,M2503,2.0,2,2019-01-04 09:00:42,113.881321171,22.5900041946,9.345986074348351,0.3116995038551809
BS31808D,27625.0,M2503,2.0,2,2019-01-04 09:00:46,113.881905577,22.5894212207,9.257787400909544,0.3087579755313782
BS09588D,27625.0,M2503,2.0,2,2019-01-04 09:00:49,113.881176998,22.5901480143,9.36774466704842,0.3124251782243963
BS31808D,27625.0,M2503,2.0,2,2019-01-04 09:01:01,113.881287792,22.5900374913,9.351023593925872,0.3118675109911303
BS31808D,27625.0,M2503,2.0,2,2019-01-04 09:01:04,113.881263913,22.590061312,9.354627431029703,0.311987703149379
BS31808D,27625.0,M2503,2.0,2,2019-01-04 09:01:18,113.881256284,22.5900689227,9.355778831961189,0.3120261037093871
BS09588D,27625.0,M2503,2.0,2,2019-01-04 09:01:30,113.880894364,22.5904299552,9.410399727119277,0.3138477740805457
BS31808D,27625.0,M2503,2.0,2,2019-01-04 09:01:32,113.881020436,22.5903041921,9.391372952488007,0.313213209020706
BS31808D,27625.0,M2503,2.0,2,2019-01-04 09:01:34,113.880904901,22.5904194438,9.408809466711867,0.3137947370466741
BS09588D,27567.0,M2503,2.0,2,2019-01-04 09:01:44,113.880218374,22.5911042612,9.512417696558312,0.3172501919961618
BS31808D,27567.0,M2503,2.0,2,2019-01-04 09:01:48,113.880304357,22.5910184927,9.49944148979158,0.3168174204106986
BS09588D,27565.0,M2503,2.0,2,2019-01-04 09:02:00,113.879920441,22.591401461,9.557381326603076,0.3187497813455347
BS31808D,27567.0,M2503,2.0,2,2019-01-04 09:02:03,113.880137255,22.5911851782,9.524659874411045,0.3176584828637542
BS09588D,84915.0,M2503,2.0,2,2019-01-04 09:02:29,113.879135554,22.5921844518,9.67583802759112,0.3227004500746093
BS31808D,84915.0,M2503,2.0,2,2019-01-04 09:02:31,113.879328493,22.5919919968,9.646720769072648,0.3217293556430928
BS31808D,84915.0,M2503,2.0,2,2019-01-04 09:02:36,113.879209131,22.5921110597,9.664734233168552,0.322330125618218
BS09588D,84915.0,M2503,2.0,2,2019-01-04 09:02:56,113.878975179,22.5923445027,9.700047238146931,0.3235078553990923
BS31808D,27577.0,M2503,2.0,2,2019-01-04 09:03:04,113.878756959,22.5925581105,9.732653470907534,0.324595311178848
BS09588D,84882.0,M2503,2.0,2,2019-01-04 09:03:10,113.878200604,22.5931206772,9.817234929663805,0.3274162011865955
BS31808D,86888.0,M2503,2.0,2,2019-01-04 09:03:18,113.877808195,22.5935102001,9.876300861126015,0.3293861186875478
BS09588D,86888.0,M2503,2.0,2,2019-01-04 09:03:21,113.877348729,22.5939663051,9.945461685327423,0.3316927126005178
BS31808D,86888.0,M2503,2.0,2,2019-01-04 09:03:24,113.87733162,22.5939832894,9.94803704113745,0.3317786037116162
BS09588D,10459.0,M2503,2.0,2,2019-01-04 09:03:36,113.876595843,22.5947141675,10.058828271988624,0.3354736200975917
BS31808D,10459.0,M2503,2.0,2,2019-01-04 09:03:38,113.876682074,22.5946285009,10.04584307679222,0.3350405487375464
BS09588D,10459.0,M2503,2.0,2,2019-01-04 09:03:48,113.876437837,22.5948711399,10.082621826441388,0.3362671628076791
BS31808D,10459.0,M2503,2.0,2,2019-01-04 09:03:53,113.876571048,22.5947388003,10.062562062313775,0.3355981463468918
BS31808D,10459.0,M2503,2.0,2,2019-01-04 09:03:55,113.876479171,22.5948300766,10.076397514738243,0.3360595747742414
BS09588D,10459.0,M2503,2.0,2,2019-01-04 09:04:02,113.875475272,22.5958274089,10.240482570556852,0.3415320021972917
BS09588D,10459.0,M2503,2.0,2,2019-01-04 09:04:07,113.87534124,22.5959560497,10.24739326169068,0.3417624817829207
BS31808D,10459.0,M2503,2.0,2,2019-01-04 09:04:09,113.875593124,22.5957103279,10.258229416054922,0.3421238801321332
BS31808D,10459.0,M2503,2.0,2,2019-01-04 09:04:16,113.875417943,22.5958836462,10.236146456535982,0.3413873877523082
BS09588D,10459.0,M2503,2.0,2,2019-01-04 09:04:21,113.875324602,22.5959717548,10.24983283570851,0.3418438444133512
BS31808D,10459.0,M2503,2.0,2,2019-01-04 09:04:29,113.875409874,22.595891263,10.237329605546558,0.3414268471476732
BS09588D,10459.0,M2503,2.0,2,2019-01-04 09:04:35,113.875107626,22.5961857991,10.282451835516246,0.3429317259889753
BS31808D,10459.0,M2503,2.0,2,2019-01-04 09:04:43,113.874953139,22.5964542533,10.324647656232768,0.3443390056786168
BS09588D,19647.0,M2503,2.0,2,2019-01-04 09:04:49,113.874530061,22.5969826785,10.38945828912166,0.3465005156525567
BS31808D,19647.0,M2503,2.0,2,2019-01-04 09:04:57,113.874250823,22.5972538479,10.470040720501103,0.3491880334468916
BS09588D,19818.0,M2503,2.0,2,2019-01-04 09:05:03,113.873798247,22.5976944611,10.498627090048345,0.3501414221138564
BS31808D,19818.0,M2503,2.0,2,2019-01-04 09:05:11,113.873604237,22.5978853019,10.52768870107593,0.3511106606368405
BS09588D,19818.0,M2503,2.0,2,2019-01-04 09:05:12,113.873308012,22.598176689,10.66197184951062,0.3555891597925461
BS31808D,19818.0,M2503,2.0,2,2019-01-04 09:05:15,113.873391794,22.5980942756,10.559511532129012,0.3521719890586469
BS09588D,19818.0,M2503,2.0,2,2019-01-04 09:05:26,113.872629987,22.5987944431,10.669856179086826,0.3558521113524547
BS31808D,19818.0,M2503,2.0,2,2019-01-04 09:05:29,113.872735015,22.5987116476,10.655645285219116,0.3553781615163788
BS09588D,19818.0,M2503,2.0,2,2019-01-04 09:05:30,113.872435319,22.5989479046,10.704427545647372,0.3570051066296565
BS31808D,19818.0,M2503,2.0,2,2019-01-04 09:05:36,113.872371714,22.598994976,10.704480811439836,0.3570068831057769
BS31808D,19818.0,M2503,2.0,2,2019-01-04 09:05:41,113.872244909,22.5990830664,10.720764579563738,0.3575499657088042
BS31808D,19818.0,M2503,2.0,2,2019-01-04 09:05:55,113.872227468,22.599095183,10.72641192969756,0.3577383114029669
BS09588D,19818.0,M2503,2.0,2,2019-01-04 09:06:06,113.871568458,22.599735018,10.82106828455609,0.3608952109116365
BS31808D,19818.0,M2503,2.0,2,2019-01-04 09:06:09,113.871741762,22.5995595817,10.794711920921015,0.3600161955350753
BS09588D,19818.0,M2503,2.0,2,2019-01-04 09:06:19,113.870590321,22.6007251911,10.969916698859713,0.3658594786217513
BS31808D,19818.0,M2503,2.0,2,2019-01-04 09:06:23,113.870779744,22.6005334379,10.941102685681717,0.3648984977749781
BS09588D,19818.0,M2503,2.0,2,2019-01-04 09:06:33,113.870020637,22.6013018854,11.056574060124603,0.3687496023921903
BS31808D,19818.0,M2503,2.0,2,2019-01-04 09:06:36,113.870062178,22.6012598329,11.050255039581048,0.3685388557087897
BS31808D,47762.0,M2503,2.0,2,2019-01-04 09:07:04,113.868218449,22.6031008129,11.32864667600098,0.3778235405199187
BS09588D,47762.0,M2503,2.0,2,2019-01-04 09:07:15,113.866929903,22.6043775877,11.666946445112986,0.3891062312223962
BS31808D,47762.0,M2503,2.0,2,2019-01-04 09:07:18,113.866937602,22.6043699587,11.668104185357125,0.3891448432058531
BS09588D,47762.0,M2503,2.0,2,2019-01-04 09:07:29,113.866280673,22.6051164169,11.62865453702126,0.38782915155858
BS09588D,47762.0,M2503,2.0,2,2019-01-04 09:07:30,113.866251696,22.605174403,11.635733354471189,0.388065238352362
BS31808D,47762.0,M2503,2.0,2,2019-01-04 09:07:32,113.866291344,22.6050950618,11.626047580217858,0.3877422065176044
BS31808D,47762.0,M2503,2.0,2,2019-01-04 09:07:34,113.866224417,22.6052533551,11.64492557259069,0.3883718095161091
BS09588D,40781.0,M2503,2.0,2,2019-01-04 09:07:44,113.865703616,22.6059401346,11.73938263690644,0.3915220624534257
BS31808D,40781.0,M2503,2.0,2,2019-01-04 09:07:48,113.865788412,22.6058594053,11.72692649381544,0.3911066355963208
BS09588D,43202.0,M2503,2.0,4,2019-01-04 14:45:07,113.9018788,22.7183652,28.421104386666247,0.9478768816759509
BS09588D,43202.0,M2503,2.0,4,2019-01-04 14:45:11,113.9018788,22.7183652,28.421104386666247,0.9478768816759509
BS31808D,43197.0,M2503,2.0,4,2019-01-04 14:45:19,113.900875303,22.7186222229,28.31415426969116,0.9443099709045036
BS09588D,43202.0,M2503,2.0,4,2019-01-04 14:45:25,113.9018788,22.7183652,28.421104386666247,0.9478768816759509
BS31808D,43197.0,M2503,2.0,4,2019-01-04 14:45:33,113.901202884,22.7185383205,28.34906698539544,0.9454743505725977
BS09588D,43202.0,M2503,2.0,4,2019-01-04 14:45:39,113.9018788,22.7183652,28.421104386666247,0.9478768816759509
BS31808D,43202.0,M2503,2.0,4,2019-01-04 14:45:47,113.9018788,22.7183652,28.421104386666247,0.9478768816759509
BS31808D,43202.0,M2503,2.0,4,2019-01-04 14:46:29,113.9018788,22.7183652,28.421104386666247,0.9478768816759509
BS08735D,61505.0,M2503,2.0,4,2019-01-04 18:48:09,113.873644565,22.6701007735,20.241861595878703,0.6750896231118722
BS08735D,61505.0,M2503,2.0,4,2019-01-04 18:48:14,113.874263641,22.6701925707,20.306291014914727,0.6772384191605122
BS08735D,61505.0,M2503,2.0,4,2019-01-04 18:48:26,113.875019852,22.6703047025,20.497568255634533,0.6836177375713102
BS09269D,61505.0,M2503,2.0,6,2019-01-04 18:48:26,113.875514509,22.6703780508,20.44608762955493,0.6819007988256802
BS08735D,61505.0,M2503,2.0,4,2019-01-04 18:48:40,113.875392851,22.6703600112,20.458748986624904,0.6823230698076236
BS09269D,61505.0,M2503,2.0,6,2019-01-04 18:48:40,113.876681583,22.6705479893,20.557880403475156,0.6856292178376845
BS08735D,61505.0,M2503,2.0,4,2019-01-04 18:48:42,113.87554437,22.6703824786,20.442979895597837,0.6817971522842843
BS09269D,32802.0,M2503,2.0,6,2019-01-04 18:48:54,113.878345909,22.6707901593,20.731012081814303,0.6914033606419463
BS08735D,61505.0,M2503,2.0,4,2019-01-04 18:48:56,113.876880454,22.6705769253,20.578567977669582,0.6863191724942692
BS09269D,32802.0,M2503,2.0,6,2019-01-04 18:49:06,113.879833774,22.6710066839,20.88578766425329,0.6965653063019702
BS08735D,32802.0,M2503,2.0,4,2019-01-04 18:49:10,113.878360852,22.6707923338,20.732566530945206,0.6914552033281022
BS09269D,3033.0,M2503,2.0,6,2019-01-04 18:49:17,113.880609179,22.6711229932,20.96651029158168,0.6992574997942338
BS08735D,32802.0,M2503,2.0,4,2019-01-04 18:49:24,113.879781476,22.6709990731,20.88034735339943,0.6963838656085565
BS08735D,32802.0,M2503,2.0,4,2019-01-04 18:49:25,113.879865833,22.6710113494,20.889122609124577,0.696676530591574
BS09269D,3033.0,M2503,2.0,6,2019-01-04 18:49:31,113.880763122,22.6711465689,20.98254486362706,0.6997922714182567
BS09269D,3033.0,M2503,2.0,6,2019-01-04 18:49:38,113.881214432,22.671216664,21.029570616609384,0.7013606349656023
BS08735D,3033.0,M2503,2.0,4,2019-01-04 18:49:39,113.880594269,22.6711207099,20.96495728034261,0.6992057050634425
BS09269D,3033.0,M2503,2.0,6,2019-01-04 18:49:51,113.88263226,22.6715339502,21.179513612584092,0.7063614082473167
BS08735D,3033.0,M2503,2.0,4,2019-01-04 18:49:54,113.881016828,22.6711854228,21.008970657903955,0.7006736023874623
BS08735D,3033.0,M2503,2.0,4,2019-01-04 18:49:56,113.881199812,22.6712136085,21.028033038452687,0.701309354946055
BS09269D,3033.0,M2503,2.0,6,2019-01-04 18:50:05,113.883313722,22.6717229316,21.252606324072808,0.7087991351736379
BS08735D,3033.0,M2503,2.0,4,2019-01-04 18:50:10,113.882733311,22.671561407,21.19033447757113,0.7067222966780197
BS09269D,3033.0,M2503,2.0,6,2019-01-04 18:50:19,113.883875232,22.6719314573,21.314779547116068,0.7108726844622305
BS08735D,3033.0,M2503,2.0,4,2019-01-04 18:50:24,113.883660111,22.6718515685,21.29096743242081,0.7100785227464728
BS09269D,2995.0,M2503,2.0,6,2019-01-04 18:50:33,113.884489962,22.6721688776,21.383233587665075,0.7131557063184872
BS08735D,3033.0,M2503,2.0,4,2019-01-04 18:50:38,113.884305955,22.6720914131,21.362456966014225,0.7124627818256795
BS09269D,2995.0,M2503,2.0,6,2019-01-04 18:50:42,113.885291977,22.6725308226,21.47488440174407,0.7162123675470712
BS08735D,2995.0,M2503,2.0,4,2019-01-04 18:50:49,113.885262322,22.6725158434,21.47141842515305,0.7160967731972401
BS09269D,2947.0,M2503,2.0,6,2019-01-04 18:50:54,113.8865362,22.673172,21.621146520983142,0.7210903793092281
BS08735D,2995.0,M2503,2.0,4,2019-01-04 18:51:01,113.885927109,22.6728581212,21.549548335833496,0.7187024965742721
BS09269D,2947.0,M2503,2.0,6,2019-01-04 18:51:08,113.8865362,22.673172,21.621146520983142,0.7210903793092281
BS08735D,2995.0,M2503,2.0,4,2019-01-04 18:51:15,113.885945379,22.6728675363,21.551695969960026,0.718774122669836
BS09269D,2947.0,M2503,2.0,6,2019-01-04 18:51:19,113.8865362,22.673172,21.621146520983142,0.7210903793092281
BS08735D,2995.0,M2503,2.0,4,2019-01-04 18:51:23,113.886416781,22.6731104607,21.6071089230318,0.7206222090934858
BS09269D,2968.0,M2503,2.0,6,2019-01-04 18:51:33,113.887828886,22.673928877,21.786402491653924,0.7266018581042337
BS08735D,2855.0,M2503,2.0,4,2019-01-04 18:51:37,113.8877483,22.6737966,21.763626330347925,0.7258422466386988
BS09269D,12752.0,M2503,2.0,6,2019-01-04 18:51:47,113.888261139,22.6751084974,21.930954400930823,0.7314228323753805
BS08735D,12752.0,M2503,2.0,4,2019-01-04 18:51:51,113.888219159,22.674997331,21.917909847067257,0.7309877813347583
BS09269D,12752.0,M2503,2.0,6,2019-01-04 18:52:01,113.888512404,22.6766469536,22.105111180384306,0.7372311634938763
BS08735D,12752.0,M2503,2.0,4,2019-01-04 18:52:05,113.888518472,22.676584165,22.09813009524148,0.7369983361861872
BS09269D,12752.0,M2503,2.0,6,2019-01-04 18:52:15,113.888157346,22.6784386611,22.307111082629277,0.7439680951357247
BS08735D,12752.0,M2503,2.0,4,2019-01-04 18:52:19,113.888192254,22.6782856674,22.289793021322406,0.743390517652285
BS09269D,12752.0,M2503,2.0,6,2019-01-04 18:52:29,113.887733901,22.6802045125,22.50745361321276,0.7506497515053355
BS08735D,12752.0,M2503,2.0,4,2019-01-04 18:52:33,113.887755499,22.6801183533,22.49765763784428,0.7503230443352368
BS09269D,12752.0,M2503,2.0,6,2019-01-04 18:52:40,113.887366551,22.6817304644,22.680611341076848,0.7564247630915464
BS08735D,12752.0,M2503,2.0,4,2019-01-04 18:52:46,113.887369508,22.6817174316,22.679136452743457,0.7563755738505072
BS09269D,12752.0,M2503,2.0,6,2019-01-04 18:52:48,113.887193616,22.6824926018,22.766860760682416,0.759301281533259
BS08735D,12752.0,M2503,2.0,4,2019-01-04 18:52:55,113.887222428,22.682365625,22.75249107614705,0.7588220358437623
BS09269D,12752.0,M2503,2.0,6,2019-01-04 18:53:02,113.88711269,22.6828492513,22.807221986370926,0.7606473753452994
BS08735D,12752.0,M2503,2.0,4,2019-01-04 18:53:09,113.887116395,22.6828329257,22.805374441702565,0.7605857575821338
BS09269D,12752.0,M2503,2.0,6,2019-01-04 18:53:16,113.88676551,22.6843664518,22.9789822469926,0.7663757797738866
BS08735D,12752.0,M2503,2.0,4,2019-01-04 18:53:23,113.886776319,22.6843193409,22.97364827545365,0.7661978856202851
BS09269D,12752.0,M2503,2.0,6,2019-01-04 18:53:28,113.886440907,22.6857843252,23.13950151250873,0.7717292839437571
BS09269D,12752.0,M2503,2.0,6,2019-01-04 18:53:35,113.886373283,22.6861043889,23.175620014447382,0.7729338779849544
BS08735D,12752.0,M2503,2.0,4,2019-01-04 18:53:36,113.886437435,22.6858007578,23.141355897630955,0.7717911298440139
BS08735D,12752.0,M2503,2.0,4,2019-01-04 18:53:42,113.886398119,22.6859868402,23.162354896712987,0.7724914708827502
BS09269D,12752.0,M2503,2.0,6,2019-01-04 18:53:49,113.886369811,22.6861208214,23.17747438861496,0.7729957235198607
BS08735D,12752.0,M2503,2.0,4,2019-01-04 18:53:56,113.886394647,22.6860032728,23.164209281780604,0.7725533167811856
BS09269D,12752.0,M2503,2.0,6,2019-01-04 18:54:03,113.886232395,22.686771209,23.28280315427917,0.7765085603396503
BS09269D,12752.0,M2503,2.0,6,2019-01-04 18:54:05,113.886198156,22.6869537251,23.27140117542282,0.7761282910856392
BS08735D,12752.0,M2503,2.0,4,2019-01-04 18:54:07,113.886316993,22.6863708083,23.20568487338392,0.7739365759923604
BS09269D,12752.0,M2503,2.0,6,2019-01-04 18:54:19,113.886162181,22.6884642141,23.439105694969303,0.781721431833022
BS08735D,12752.0,M2503,2.0,4,2019-01-04 18:54:21,113.886292157,22.686488357,23.218949990363036,0.7743789830693749
BS08735D,12752.0,M2503,2.0,4,2019-01-04 18:54:28,113.886194929,22.6869841926,23.274791391773825,0.7762413587433655
BS09269D,12752.0,M2503,2.0,6,2019-01-04 18:54:33,113.886634174,22.6903669583,23.656116083407166,0.7889589806448223
BS08735D,12752.0,M2503,2.0,4,2019-01-04 18:54:42,113.886159208,22.6884315411,23.43547462349753,0.781600331376932
BS09269D,12752.0,M2503,2.0,6,2019-01-04 18:54:47,113.887483572,22.6922415175,23.88131910773492,0.7964697633906163
BS08735D,12752.0,M2503,2.0,4,2019-01-04 18:54:56,113.886589853,22.6902474915,23.642127320892826,0.7884924391476937
BS09269D,12752.0,M2503,2.0,6,2019-01-04 18:55:01,113.888236714,22.6940710337,24.098646654235125,0.803717889792613
BS08735D,12752.0,M2503,2.0,4,2019-01-04 18:55:10,113.887437176,22.6921393026,23.86903688157126,0.796060136865283
BS09269D,48486.0,M2503,2.0,6,2019-01-04 18:55:14,113.888224716,22.6957917722,24.29061035297101,0.8101201023765168
BS08735D,12752.0,M2503,2.0,4,2019-01-04 18:55:24,113.888247529,22.6941273399,24.104980239978904,0.8039291222423787
BS09269D,48486.0,M2503,2.0,6,2019-01-04 18:55:29,113.887718361,22.6976392179,24.50181601388512,0.8171640567751886
BS08735D,48486.0,M2503,2.0,4,2019-01-04 18:55:38,113.888161689,22.6961095103,24.32638760153459,0.8113133152208177
BS09269D,48486.0,M2503,2.0,6,2019-01-04 18:55:43,113.887033165,22.6997221171,24.74302107007144,0.8252085258919349
BS08735D,48486.0,M2503,2.0,4,2019-01-04 18:55:53,113.887472758,22.6983858152,24.58829962474557,0.8200483857675883
BS09588D,27625.0,M2503,2.0,6,2019-01-04 19:16:27,113.881627683,22.5896984329,9.299727175455205,0.31015671578347
BS31808D,27625.0,M2503,2.0,6,2019-01-04 19:16:31,113.881678331,22.5896479094,9.292083399192409,0.3099017869562986
BS09588D,27625.0,M2503,2.0,6,2019-01-04 19:16:42,113.880945928,22.5903785177,9.402617706787826,0.3135882346529233
BS09588D,27625.0,M2503,2.0,6,2019-01-04 19:16:43,113.880885781,22.5904385173,9.411695082936912,0.3138909757034094
BS31808D,27625.0,M2503,2.0,6,2019-01-04 19:16:45,113.881095879,22.5902289339,9.379987094104,0.3128334774031935
BS31808D,27625.0,M2503,2.0,6,2019-01-04 19:16:48,113.88088867,22.5904356352,9.41125906094705,0.3138764338630055
BS09588D,27567.0,M2503,2.0,6,2019-01-04 19:16:57,113.880209791,22.5911128229,9.513713017083916,0.3172933924419951
BS09588D,27567.0,M2503,2.0,6,2019-01-04 19:17:00,113.880169699,22.5911528152,9.51976356389497,0.3174951852142136
BS31808D,27567.0,M2503,2.0,6,2019-01-04 19:17:02,113.880243189,22.5910795086,9.508672757534695,0.3171252939248034
BS31808D,27567.0,M2503,2.0,6,2019-01-04 19:17:06,113.880209791,22.5911128229,9.513713017083916,0.3172933924419951
BS09588D,27567.0,M2503,2.0,6,2019-01-04 19:17:14,113.880162051,22.5911604446,9.520917807626937,0.3175336805849235
BS09588D,27565.0,M2503,2.0,6,2019-01-04 19:17:19,113.880003529,22.5913185711,9.544841289927598,0.3183315565398291
BS31808D,27567.0,M2503,2.0,6,2019-01-04 19:17:20,113.880178282,22.5911442536,9.518468251645752,0.3174519850444073
BS31808D,27567.0,M2503,2.0,6,2019-01-04 19:17:25,113.880110486,22.591211881,9.528699788870314,0.3177932187089133
BS09588D,84915.0,M2503,2.0,6,2019-01-04 19:17:33,113.879211,22.5921091955,9.664452183356662,0.3223207189290009
BS09588D,84915.0,M2503,2.0,6,2019-01-04 19:17:37,113.879158481,22.5921615828,9.672378055280046,0.3225850559744967
BS31808D,27567.0,M2503,2.0,6,2019-01-04 19:17:40,113.880078976,22.5912433117,9.533455091950032,0.3179518135964766
BS31808D,27565.0,M2503,2.0,6,2019-01-04 19:17:42,113.880003529,22.5913185711,9.544841289927598,0.3183315565398291
BS31808D,27565.0,M2503,2.0,6,2019-01-04 19:17:56,113.8793325,22.591988,9.646116067196862,0.3217091881323387
BS31808D,27565.0,M2503,2.0,6,2019-01-04 19:18:00,113.8793325,22.591988,9.646116067196862,0.3217091881323387
BS31808D,27565.0,M2503,2.0,6,2019-01-04 19:18:14,113.8793325,22.591988,9.646116067196862,0.3217091881323387
BS09588D,84915.0,M2503,2.0,6,2019-01-04 19:19:43,113.879011457,22.5923082977,9.69457091302351,0.3233252135879082
BS31808D,27612.0,M2503,2.0,6,2019-01-04 19:19:50,113.8787899,22.5925246,9.727629110403544,0.3244277429133033
BS09588D,84882.0,M2503,2.0,6,2019-01-04 19:19:57,113.878067622,22.593252678,9.837251314038364,0.3280837708821731
BS31808D,86888.0,M2503,2.0,6,2019-01-04 19:20:04,113.877833046,22.5934855308,9.872560170453502,0.3292613623036389
BS09588D,86888.0,M2503,2.0,6,2019-01-04 19:20:05,113.877391896,22.5939234537,9.938963991324307,0.3314760069494648
BS31808D,86888.0,M2503,2.0,6,2019-01-04 19:20:10,113.877392794,22.5939225629,9.938828871574438,0.3314715005486784
BS09588D,10459.0,M2503,2.0,6,2019-01-04 19:20:19,113.876747976,22.5945630294,10.035919077020017,0.3347095718047063
BS09588D,10459.0,M2503,2.0,6,2019-01-04 19:20:24,113.87659494,22.5947150651,10.058964292558043,0.3354781565417576
BS31808D,10459.0,M2503,2.0,6,2019-01-04 19:20:24,113.876823541,22.594487959,10.024540029240274,0.3343300673287661
BS31808D,10459.0,M2503,2.0,6,2019-01-04 19:20:29,113.876662875,22.594647574,10.04873416150707,0.335136969774776
BS09588D,10459.0,M2503,2.0,6,2019-01-04 19:20:38,113.876503966,22.5948054438,10.072663725537746,0.3359350485624499
BS09588D,10459.0,M2503,2.0,6,2019-01-04 19:20:39,113.876464715,22.5948444376,10.078574356139908,0.3361321749663957
BS31808D,10459.0,M2503,2.0,6,2019-01-04 19:20:51,113.876453196,22.5948558814,10.080308972814816,0.3361900264496579
BS09588D,10459.0,M2503,2.0,6,2019-01-04 19:20:53,113.875577714,22.5957256362,10.255908959161353,0.3420464901963159
BS09588D,19647.0,M2503,2.0,6,2019-01-04 19:21:03,113.8749242,22.5965071,10.32277085479881,0.3442764121682963
BS31808D,10459.0,M2503,2.0,6,2019-01-04 19:21:05,113.875442797,22.595859671,10.235592331776552,0.3413689070471997
BS31808D,19647.0,M2503,2.0,6,2019-01-04 19:21:16,113.8749242,22.5965071,10.32277085479881,0.3442764121682963
BS09588D,19647.0,M2503,2.0,6,2019-01-04 19:21:17,113.8749242,22.5965071,10.32277085479881,0.3442764121682963
BS31808D,19647.0,M2503,2.0,6,2019-01-04 19:21:30,113.8749242,22.5965071,10.32277085479881,0.3442764121682963
BS09588D,19647.0,M2503,2.0,6,2019-01-04 19:21:31,113.8749242,22.5965071,10.32277085479881,0.3442764121682963
BS31808D,19647.0,M2503,2.0,6,2019-01-04 19:21:44,113.8749242,22.5965071,10.32277085479881,0.3442764121682963
BS09588D,19647.0,M2503,2.0,6,2019-01-04 19:21:58,113.8749242,22.5965071,10.32277085479881,0.3442764121682963
BS31808D,19647.0,M2503,2.0,6,2019-01-04 19:22:12,113.8749242,22.5965071,10.32277085479881,0.3442764121682963
BS31808D,19647.0,M2503,2.0,6,2019-01-04 19:22:25,113.8749242,22.5965071,10.32277085479881,0.3442764121682963
BS31808D,19647.0,M2503,2.0,6,2019-01-04 19:22:39,113.8749242,22.5965071,10.32277085479881,0.3442764121682963
BS09588D,19647.0,M2503,2.0,6,2019-01-04 19:22:40,113.874732469,22.5967861179,10.359481356058232,0.3455007500752662
BS31808D,19647.0,M2503,2.0,6,2019-01-04 19:22:53,113.874158062,22.5973439291,10.456239112891524,0.3487277337834759
BS09588D,19818.0,M2503,2.0,6,2019-01-04 19:22:54,113.873829967,22.5976632589,10.493875581510512,0.3499829537786777
BS09588D,19818.0,M2503,2.0,6,2019-01-04 19:23:00,113.87329943,22.5981851307,10.660686324607417,0.3555462860421109
BS31808D,19818.0,M2503,2.0,6,2019-01-04 19:23:04,113.873399422,22.5980867718,10.558368868980818,0.3521338799138727
BS09588D,19818.0,M2503,2.0,6,2019-01-04 19:23:11,113.872461559,22.5989272193,10.70796685544215,0.3571231467271107
BS31808D,19818.0,M2503,2.0,6,2019-01-04 19:23:17,113.87244473,22.5989404861,10.70569690067942,0.357047441096085
BS09588D,19818.0,M2503,2.0,6,2019-01-04 19:23:18,113.872076239,22.5992219262,10.743959376394889,0.3583235391559266
BS31808D,19818.0,M2503,2.0,6,2019-01-04 19:23:24,113.87214145,22.5991663741,10.734859738331188,0.3580200556447
BS31808D,19818.0,M2503,2.0,6,2019-01-04 19:23:38,113.872128187,22.5991776727,10.736710483172152,0.3580817801373435
BS09588D,19818.0,M2503,2.0,6,2019-01-04 19:23:46,113.871492495,22.5998119164,10.832621819509413,0.3612805347377236
BS31808D,19818.0,M2503,2.0,6,2019-01-04 19:23:52,113.871710571,22.5995911562,10.799455177024226,0.3601743886419629
BS09588D,19818.0,M2503,2.0,6,2019-01-04 19:24:00,113.870450837,22.6008663916,10.991134298407566,0.3665671102402293
BS31808D,19818.0,M2503,2.0,6,2019-01-04 19:24:06,113.870697383,22.600616812,10.953630996820474,0.3653163315203988
BS09588D,47762.0,M2503,2.0,6,2019-01-04 19:24:14,113.8694048,22.6019253,11.150251741253816,0.3718738619939055
BS31808D,19818.0,M2503,2.0,6,2019-01-04 19:24:20,113.869697081,22.6016294225,11.10579160411825,0.370391064718557
BS31808D,47762.0,M2503,2.0,6,2019-01-04 19:24:29,113.8694048,22.6019253,11.150251741253816,0.3718738619939055
BS31808D,47762.0,M2503,2.0,6,2019-01-04 19:24:43,113.8694048,22.6019253,11.150251741253816,0.3718738619939055
BS09588D,47762.0,M2503,2.0,6,2019-01-04 19:24:57,113.8694048,22.6019253,11.150251741253816,0.3718738619939055
BS31808D,47762.0,M2503,2.0,6,2019-01-04 19:24:57,113.8694048,22.6019253,11.150251741253816,0.3718738619939055
BS09588D,47762.0,M2503,2.0,6,2019-01-04 19:25:25,113.8689551,22.6023708921,11.21787450895329,0.3741291599339583
BS31808D,47762.0,M2503,2.0,6,2019-01-04 19:25:25,113.869079987,22.6022471461,11.199094893053172,0.3735028379052188
BS09588D,47762.0,M2503,2.0,6,2019-01-04 19:25:38,113.867866777,22.6034492721,11.381528446209966,0.3795872090516283
BS31808D,47762.0,M2503,2.0,6,2019-01-04 19:25:38,113.868093136,22.6032249811,11.347490304895574,0.3784519974564636
BS09588D,47762.0,M2503,2.0,6,2019-01-04 19:25:52,113.866383421,22.6049421228,11.606574564616924,0.3870927588025008
BS31808D,47762.0,M2503,2.0,6,2019-01-04 19:25:52,113.866853366,22.6044534254,11.655437440567024,0.3887223925371782
BS09588D,47762.0,M2503,2.0,6,2019-01-04 19:25:55,113.866230904,22.6052333452,11.642611500218818,0.3882946325115149
BS31808D,47762.0,M2503,2.0,6,2019-01-04 19:25:59,113.866239567,22.6052066214,11.639497468101402,0.3881907759191483
BS09588D,40781.0,M2503,2.0,6,2019-01-04 19:26:06,113.865898542,22.6057545568,11.710775284709904,0.3905679739907065
BS31808D,40781.0,M2503,2.0,6,2019-01-04 19:26:10,113.865976471,22.6056803649,11.699386667876103,0.3901881503756857
BS09588D,40781.0,M2503,2.0,6,2019-01-04 19:26:20,113.865881965,22.6057703385,11.713203389502308,0.3906489541091317
BS31808D,40781.0,M2503,2.0,6,2019-01-04 19:26:23,113.865922739,22.6057315203,11.70723383271579,0.3904498624484133
BS09588D,40781.0,M2503,2.0,6,2019-01-04 19:26:28,113.865677897,22.6059646193,11.743162581111353,0.3916481279882873
BS31808D,40781.0,M2503,2.0,6,2019-01-04 19:26:31,113.865751825,22.6058942376,11.732299496952203,0.3912858314990986
BS09588D,40781.0,M2503,2.0,6,2019-01-04 19:26:42,113.86553118,22.6061043001,11.76473712721311,0.3923676641894246
BS09588D,40781.0,M2503,2.0,6,2019-01-04 19:26:44,113.865368839,22.6062588558,11.789220320876993,0.3931842071691716
BS31808D,40781.0,M2503,2.0,6,2019-01-04 19:26:45,113.86566646,22.6059755082,11.744843784542187,0.3917041980777463
BS31808D,40781.0,M2503,2.0,6,2019-01-04 19:26:50,113.865402177,22.6062271164,11.78431084301453,0.3930204703733168
BS09588D,40781.0,M2503,2.0,6,2019-01-04 19:26:58,113.864315675,22.6072247625,11.941595187549517,0.398266086166636
BS31808D,40781.0,M2503,2.0,6,2019-01-04 19:27:04,113.864286759,22.607245597,11.94535844587172,0.3983915952079055
BS09588D,40781.0,M2503,2.0,6,2019-01-04 19:27:12,113.862853816,22.6084356319,12.143471804546447,0.4049989061020962
BS31808D,40781.0,M2503,2.0,6,2019-01-04 19:27:18,113.862895002,22.6083954474,12.137329101234116,0.4047940398033929
BS09588D,40781.0,M2503,2.0,6,2019-01-04 19:27:26,113.86141846,22.6098360968,12.370516986104002,0.4125711269337149
BS31808D,40781.0,M2503,2.0,6,2019-01-04 19:27:31,113.861479951,22.6097760998,12.379688276721405,0.4128770001409307
BS09588D,40781.0,M2503,2.0,6,2019-01-04 19:27:40,113.860342831,22.6109913475,12.545264574216995,0.418399162208046
BS09588D,40781.0,M2503,2.0,6,2019-01-04 19:27:41,113.860301807,22.6110297001,12.53927891268729,0.4181995334354144
BS09588D,40781.0,M2503,2.0,6,2019-01-04 19:27:43,113.8602802,22.6110499,12.536126322338108,0.4180943908811797
BS31808D,40781.0,M2503,2.0,6,2019-01-04 19:27:45,113.860388348,22.610948795,12.55190575261646,0.4186206532305726
BS31808D,40781.0,M2503,2.0,6,2019-01-04 19:27:47,113.860350865,22.6109838373,12.54643673535902,0.4184382551452172
BS31808D,40781.0,M2503,2.0,6,2019-01-04 19:27:49,113.860326968,22.6110061779,12.542950033113584,0.4183219695707099
BS09588D,40781.0,M2503,2.0,6,2019-01-04 19:27:57,113.860216596,22.6110968482,12.54448053141428,0.4183730134688264
BS31808D,40781.0,M2503,2.0,6,2019-01-04 19:28:03,113.860208394,22.6111029024,12.54555784363494,0.4184089430841721
BS09588D,47685.0,M2503,2.0,6,2019-01-04 19:28:10,113.859355042,22.6119207027,12.671916126509569,0.4226231387577688
BS31808D,47685.0,M2503,2.0,6,2019-01-04 19:28:16,113.85930676,22.6119700935,12.679302376079333,0.4228694787702545
BS09588D,48095.0,M2503,2.0,6,2019-01-04 19:28:24,113.858349875,22.612908696,12.822684435139989,0.4276514371762921
BS31808D,48095.0,M2503,2.0,6,2019-01-04 19:28:29,113.858368123,22.6128957403,12.820322615316458,0.4275726677386605
BS09588D,48095.0,M2503,2.0,6,2019-01-04 19:28:38,113.857850165,22.6133899513,12.89749714518162,0.4301465280545078
BS31808D,48095.0,M2503,2.0,6,2019-01-04 19:28:43,113.857904755,22.6133087313,12.886895453640529,0.4297929493131
BS09588D,48095.0,M2503,2.0,6,2019-01-04 19:28:53,113.857656373,22.6137239782,12.939548694155151,0.4315489961137496
BS31808D,48095.0,M2503,2.0,6,2019-01-04 19:28:57,113.857674226,22.6136910528,12.935466633979315,0.4314128546599326
BS09588D,2936.0,M2503,2.0,6,2019-01-04 19:29:07,113.857173027,22.6146830524,13.05706553730078,0.4354683194908362
BS31808D,2936.0,M2503,2.0,6,2019-01-04 19:29:11,113.85718227,22.6146608101,13.054425496514291,0.4353802710605519
BS09588D,12628.0,M2503,2.0,6,2019-01-04 19:29:21,113.856902859,22.6154174259,13.143111022962485,0.43833803649837
BS09588D,12628.0,M2503,2.0,6,2019-01-04 19:29:22,113.85688215,22.6154999886,13.152505492405986,0.4386513529789669
BS31808D,12628.0,M2503,2.0,6,2019-01-04 19:29:25,113.856927471,22.6153238424,13.132448118617932,0.4379824162387835
BS31808D,12628.0,M2503,2.0,6,2019-01-04 19:29:27,113.856884848,22.6154892337,13.151282634017813,0.4386105692296817
BS09588D,12628.0,M2503,2.0,6,2019-01-04 19:29:33,113.856714383,22.6160657768,13.217536964937404,0.4408202282117954
BS31808D,12628.0,M2503,2.0,6,2019-01-04 19:29:37,113.85674448,22.6159767717,13.20716074124866,0.4404741690854557
BS09588D,12628.0,M2503,2.0,6,2019-01-04 19:29:47,113.85669256,22.6161303144,13.225027674632106,0.4410700520909226
BS31808D,12628.0,M2503,2.0,6,2019-01-04 19:29:50,113.856724223,22.616036679,13.214159636410798,0.4407075903779998
BS09588D,12628.0,M2503,2.0,6,2019-01-04 19:29:56,113.856613338,22.6163646005,13.252220631355932,0.4419769688198524
BS31808D,12628.0,M2503,2.0,6,2019-01-04 19:30:00,113.856643705,22.6162747942,13.24179706538514,0.441629330773353
BS31808D,12628.0,M2503,2.0,6,2019-01-04 19:30:14,113.856640641,22.6162838571,13.242848954880786,0.4416644125112557
BS09588D,12628.0,M2503,2.0,6,2019-01-04 19:30:20,113.856601354,22.6164000402,13.25633403221068,0.4421141555217567
BS31808D,12628.0,M2503,2.0,6,2019-01-04 19:30:23,113.856631788,22.6163100363,13.245887525899876,0.4417657523882408
BS09588D,12628.0,M2503,2.0,6,2019-01-04 19:30:27,113.85652884,22.6166144889,13.281224507584437,0.4429442818201484
BS31808D,12628.0,M2503,2.0,6,2019-01-04 19:30:32,113.856516923,22.6166497306,13.285314925092898,0.443080702000727
BS09588D,76009.0,M2503,2.0,6,2019-01-04 19:30:41,113.856329277,22.61720467,13.349725149904652,0.4452288578996672
BS31808D,76009.0,M2503,2.0,6,2019-01-04 19:30:47,113.856325634,22.6172154458,13.350975844195672,0.4452705700086822
BS09588D,76009.0,M2503,2.0,6,2019-01-04 19:30:55,113.855939121,22.6179950352,13.446502423662732,0.4484564925200145
BS31808D,76009.0,M2503,2.0,6,2019-01-04 19:31:00,113.855894145,22.6181262079,13.461746514505146,0.4489649006766825
BS09588D,26096.0,M2503,2.0,6,2019-01-04 19:31:10,113.855580994,22.6194173434,13.609673495112574,0.4538984375015108
BS31808D,26096.0,M2503,2.0,6,2019-01-04 19:31:14,113.855583343,22.6194103971,13.608867253113456,0.4538715483932761
BS09588D,61759.0,M2503,2.0,6,2019-01-04 19:31:23,113.855218421,22.6207329456,13.761153274056634,0.4589504642823497
BS31808D,61759.0,M2503,2.0,6,2019-01-04 19:31:28,113.855208047,22.6206677662,13.75382291510368,0.4587059882869289
BS09588D,20025.0,M2503,2.0,6,2019-01-04 19:31:38,113.855999338,22.6214685116,13.881318558793264,0.4629581162663204
BS31808D,20025.0,M2503,2.0,6,2019-01-04 19:31:42,113.855970097,22.621436324,13.876655724383626,0.4628026053164344
BS09588D,20025.0,M2503,2.0,6,2019-01-04 19:31:51,113.857052145,22.6230313309,14.086065068821284,0.4697866504717133
BS31808D,20025.0,M2503,2.0,6,2019-01-04 19:31:56,113.857018029,22.6229673794,14.07816224718984,0.4695230821802584
BS09588D,20025.0,M2503,2.0,6,2019-01-04 19:31:58,113.857348196,22.6236689303,14.163004113174548,0.4723526570718971
BS31808D,20025.0,M2503,2.0,6,2019-01-04 19:32:04,113.857366503,22.6237112895,14.16805839328062,0.4725212231909643
BS09588D,20025.0,M2503,2.0,6,2019-01-04 19:32:05,113.857487555,22.6239880327,14.20113500534246,0.4736243666674116
BS31808D,20025.0,M2503,2.0,6,2019-01-04 19:32:09,113.857440744,22.6238811686,14.188359931166447,0.4731983030877424
BS09588D,20025.0,M2503,2.0,6,2019-01-04 19:32:19,113.857493863,22.6240024353,14.20285672804854,0.4736817881218192
BS31808D,20025.0,M2503,2.0,6,2019-01-04 19:32:23,113.857449509,22.6239011791,14.1907520702066,0.4732780837065061
BS31808D,20025.0,M2503,2.0,6,2019-01-04 19:32:31,113.857527859,22.6240800422,14.212134282431032,0.473991205349173
BS09588D,20025.0,M2503,2.0,6,2019-01-04 19:32:32,113.857821075,22.6247495167,14.292164976654403,0.4766603220677478
BS31808D,20025.0,M2503,2.0,6,2019-01-04 19:32:45,113.857573076,22.6241832675,14.22447435184626,0.4744027610142111
BS09588D,63457.0,M2503,2.0,6,2019-01-04 19:32:46,113.858313633,22.6259845347,14.43801502554283,0.4815245908045216
BS31808D,20025.0,M2503,2.0,6,2019-01-04 19:32:52,113.857867509,22.6248555543,14.304840657547317,0.4770830707658431
BS09588D,67861.0,M2503,2.0,6,2019-01-04 19:33:00,113.858643864,22.6269809167,14.55348435684274,0.4853756272805395
BS31808D,63457.0,M2503,2.0,6,2019-01-04 19:33:07,113.858336192,22.6260425149,14.444841680222096,0.4817522676766665
BS09588D,67861.0,M2503,2.0,6,2019-01-04 19:33:15,113.858645168,22.6269851834,14.553975494952596,0.4853920073076388
BS31808D,67861.0,M2503,2.0,6,2019-01-04 19:33:20,113.858579299,22.6267792038,14.530181618039652,0.4845984538431294
BS09588D,63480.0,M2503,2.0,6,2019-01-04 19:33:29,113.858839195,22.6276197497,14.627022658816708,0.487828215167713
BS31808D,67861.0,M2503,2.0,6,2019-01-04 19:33:33,113.858759542,22.6273592501,14.59703558285276,0.4868281113128951
BS09588D,63480.0,M2503,2.0,6,2019-01-04 19:33:43,113.859235646,22.6289312801,14.777870719787158,0.4928591734195188
BS31808D,63480.0,M2503,2.0,6,2019-01-04 19:33:48,113.859121223,22.6285478978,14.733816018570314,0.4913898979035337
BS09588D,63480.0,M2503,2.0,6,2019-01-04 19:33:57,113.859637612,22.630416461,14.947651866053802,0.4985215720828901
BS09588D,63480.0,M2503,2.0,6,2019-01-04 19:33:58,113.859652434,22.6305328649,14.96063204378253,0.4989544761045537
BS31808D,63480.0,M2503,2.0,6,2019-01-04 19:34:02,113.85955835,22.6300144575,14.902343382672314,0.4970104814737138
BS09588D,63480.0,M2503,2.0,6,2019-01-04 19:34:07,113.859685194,22.6312151238,15.036321082602582,0.5014787935665964
BS31808D,63480.0,M2503,2.0,6,2019-01-04 19:34:07,113.859654585,22.6305497572,14.9625157018255,0.4990172982907581
BS31808D,63480.0,M2503,2.0,6,2019-01-04 19:34:17,113.85968675,22.6311337212,15.027305230258351,0.5011781044065471
BS09588D,63480.0,M2503,2.0,6,2019-01-04 19:34:21,113.859685188,22.6312154155,15.03635339099486,0.5014798710890497
BS31808D,63480.0,M2503,2.0,6,2019-01-04 19:34:31,113.859685182,22.6312157072,15.036385699386786,0.5014809486114913
BS09588D,2865.0,M2503,2.0,6,2019-01-04 19:34:35,113.8595721,22.6322215,15.14867159699149,0.5052258138718175
BS31808D,63480.0,M2503,2.0,6,2019-01-04 19:34:36,113.859682302,22.6313663327,15.053068427057251,0.5020373369793392
BS09588D,2865.0,M2503,2.0,6,2019-01-04 19:34:38,113.8595721,22.6322215,15.14867159699149,0.5052258138718175
BS31808D,63480.0,M2503,2.0,6,2019-01-04 19:34:50,113.859680069,22.631483076,15.065998488321735,0.5024685695586406
BS09588D,2865.0,M2503,2.0,6,2019-01-04 19:34:52,113.8595721,22.6322215,15.14867159699149,0.5052258138718175
BS31808D,63480.0,M2503,2.0,6,2019-01-04 19:34:55,113.859670291,22.6316536707,15.084940072233456,0.5031002934089167
BS31808D,63480.0,M2503,2.0,6,2019-01-04 19:34:57,113.859666051,22.6316855313,15.08849510078842,0.5032188577453022
BS31808D,63480.0,M2503,2.0,6,2019-01-04 19:35:10,113.859665785,22.6316875267,15.088717754655717,0.5032262835106966
BS09588D,2865.0,M2503,2.0,6,2019-01-04 19:35:21,113.8595721,22.6322215,15.14867159699149,0.5052258138718175
BS31808D,63480.0,M2503,2.0,6,2019-01-04 19:35:24,113.85966552,22.6316895222,15.088940406907492,0.5032337092222116
BS09588D,2865.0,M2503,2.0,6,2019-01-04 19:35:34,113.8595721,22.6322215,15.14867159699149,0.5052258138718175
BS09588D,2865.0,M2503,2.0,6,2019-01-04 19:36:02,113.8595721,22.6322215,15.14867159699149,0.5052258138718175
BS31808D,63480.0,M2503,2.0,6,2019-01-04 19:36:05,113.85966354,22.6317043941,15.090599834889892,0.503289053075143
BS09588D,2865.0,M2503,2.0,6,2019-01-04 19:36:16,113.8595721,22.6322215,15.14867159699149,0.5052258138718175
BS31808D,63480.0,M2503,2.0,6,2019-01-04 19:36:20,113.85960526,22.6320686812,15.131408709156196,0.504650076487815
BS09588D,67951.0,M2503,2.0,6,2019-01-04 19:36:30,113.859916616,22.6333121929,15.27456021688658,0.5094243457388843
BS31808D,67951.0,M2503,2.0,6,2019-01-04 19:36:34,113.859811609,22.6329820188,15.236449625616276,0.5081533132019125
BS09588D,67951.0,M2503,2.0,6,2019-01-04 19:36:40,113.860214721,22.6344890118,15.41924951679712,0.5142499021474318
BS31808D,67951.0,M2503,2.0,6,2019-01-04 19:36:47,113.860198776,22.6344260661,15.426410175982769,0.5144887184582723
BS09588D,67951.0,M2503,2.0,6,2019-01-04 19:36:51,113.860316697,22.6349680398,15.462671473945615,0.5156980749129312
BS31808D,67951.0,M2503,2.0,6,2019-01-04 19:36:56,113.860310837,22.6348807837,15.453602820253336,0.5153956247665227
BS09588D,67951.0,M2503,2.0,6,2019-01-04 19:37:05,113.860330888,22.6351995647,15.488351762760148,0.5165545424080323
BS09588D,67951.0,M2503,2.0,6,2019-01-04 19:37:06,113.860330491,22.6352148131,15.49003555794541,0.5166106989355154
BS31808D,67951.0,M2503,2.0,6,2019-01-04 19:37:09,113.860326918,22.6351343202,15.48111514051386,0.5163131926407835
BS09588D,67951.0,M2503,2.0,6,2019-01-04 19:37:20,113.860324375,22.6354496551,15.516003780381457,0.5174767693517267
BS09588D,67951.0,M2503,2.0,6,2019-01-04 19:37:22,113.860320889,22.6355834761,15.53081501743938,0.5179707413313241
BS31808D,67951.0,M2503,2.0,6,2019-01-04 19:37:23,113.860326102,22.6353833403,15.508666530078784,0.5172320635217789
BS31808D,67951.0,M2503,2.0,6,2019-01-04 19:37:26,113.860318293,22.6356831867,15.541853609075794,0.5183388911989741
BS09588D,63404.0,M2503,2.0,6,2019-01-04 19:37:36,113.860283133,22.6370334686,15.691495854324836,0.5233296340942502
BS31808D,63404.0,M2503,2.0,6,2019-01-04 19:37:40,113.860282687,22.6370506232,15.69339609016232,0.5233930091691796
BS09588D,63404.0,M2503,2.0,6,2019-01-04 19:37:51,113.860127437,22.6388488053,15.89331623208775,0.5300605783858563
BS31808D,63404.0,M2503,2.0,6,2019-01-04 19:37:54,113.860156173,22.6386666221,15.872926351171882,0.5293805521462938
BS09588D,63404.0,M2503,2.0,6,2019-01-04 19:38:05,113.859808848,22.6409668157,16.130244987476285,0.5379624278981647
BS31808D,63404.0,M2503,2.0,6,2019-01-04 19:38:09,113.859813918,22.6408831997,16.120970779049163,0.5376531222623135
BS09588D,63404.0,M2503,2.0,6,2019-01-04 19:38:10,113.859838532,22.6418663725,16.229975685580193,0.5412885626549284
BS31808D,63404.0,M2503,2.0,6,2019-01-04 19:38:15,113.859833147,22.6417666571,16.218919524650936,0.5409198268309311
BS09588D,13750.0,M2503,2.0,6,2019-01-04 19:38:23,113.859900034,22.6429363414,16.348634942592206,0.5452459868629511
BS31808D,13750.0,M2503,2.0,6,2019-01-04 19:38:29,113.859898623,22.6429170467,16.34649334898623,0.5451745622257719
BS31808D,13750.0,M2503,2.0,6,2019-01-04 19:38:30,113.859899953,22.6429352315,16.34851175163963,0.5452418783014262
BS09588D,13750.0,M2503,2.0,6,2019-01-04 19:38:31,113.859911116,22.6430878853,16.365455386444587,0.5458069682256134
BS31808D,13750.0,M2503,2.0,6,2019-01-04 19:38:35,113.85990356,22.6429845587,16.353986767254153,0.5454244764389656
BS09588D,13750.0,M2503,2.0,6,2019-01-04 19:38:44,113.859914723,22.6431372125,16.370930402133812,0.5459895663656443
BS31808D,13750.0,M2503,2.0,6,2019-01-04 19:38:48,113.859908497,22.6430520707,16.361480185567146,0.5456743906536626
BS09588D,13750.0,M2503,2.0,6,2019-01-04 19:38:58,113.859993852,22.6442192634,16.4910314362579,0.5499950755169708
BS31808D,13750.0,M2503,2.0,6,2019-01-04 19:39:02,113.859987666,22.6441346766,16.48164281628781,0.5496819541231145
BS09588D,13750.0,M2503,2.0,6,2019-01-04 19:39:09,113.860043602,22.644899572,16.56654153673829,0.5525134251773016
BS31808D,2892.0,M2503,2.0,6,2019-01-04 19:39:13,113.8600582,22.6450992,16.588699023088374,0.5532524031136112
BS31808D,2892.0,M2503,2.0,6,2019-01-04 19:39:27,113.8600582,22.6450992,16.588699023088374,0.5532524031136112
BS09588D,13750.0,M2503,2.0,6,2019-01-04 19:39:37,113.860043723,22.6449012368,16.56672631419665,0.5525195877204123
BS09588D,13750.0,M2503,2.0,6,2019-01-04 19:39:51,113.860044972,22.6449183117,16.568621526238328,0.5525827952459096
BS31808D,2892.0,M2503,2.0,6,2019-01-04 19:39:54,113.8600582,22.6450992,16.588699023088374,0.5532524031136112
BS09588D,2892.0,M2503,2.0,6,2019-01-04 19:40:05,113.860029358,22.6461653871,16.706804822278162,0.5571913688596567
BS09588D,2892.0,M2503,2.0,6,2019-01-04 19:40:08,113.860017591,22.6466003571,16.754988190076773,0.5587983402072944
BS31808D,2892.0,M2503,2.0,6,2019-01-04 19:40:08,113.860031564,22.6460838436,16.6977719225704,0.5568901111502096
BS31808D,2892.0,M2503,2.0,6,2019-01-04 19:40:13,113.860017167,22.6466160172,16.75672292299679,0.558856195567466
BS09588D,2892.0,M2503,2.0,6,2019-01-04 19:40:21,113.859986478,22.6477504722,16.8823910538977,0.5630473738701742
BS31808D,2892.0,M2503,2.0,6,2019-01-04 19:40:26,113.859986044,22.6477665448,16.884171478349565,0.5631067530960668
BS09588D,2892.0,M2503,2.0,6,2019-01-04 19:40:31,113.859974373,22.6481979589,16.931960954555187,0.564700587701029
BS31808D,2892.0,M2503,2.0,6,2019-01-04 19:40:35,113.859976104,22.6481339814,16.92487390865197,0.5644642264787612
BS09588D,2892.0,M2503,2.0,6,2019-01-04 19:40:45,113.859974362,22.6481983714,16.932006648430878,0.5647021116449199
BS09588D,29700.0,M2503,2.0,6,2019-01-04 19:40:59,113.859949543,22.6491165793,17.033720186735277,0.5680943764281784
BS31808D,29700.0,M2503,2.0,6,2019-01-04 19:41:03,113.859949531,22.6491169912,17.033765816769943,0.5680958982428969
BS09588D,29700.0,M2503,2.0,6,2019-01-04 19:41:12,113.859919742,22.6506824867,17.249533014995333,0.575291985215428
BS09588D,29700.0,M2503,2.0,6,2019-01-04 19:41:14,113.859917073,22.6509000817,17.231256381236946,0.5746824382260239
BS31808D,29700.0,M2503,2.0,6,2019-01-04 19:41:17,113.859920136,22.6506502534,17.25310273314724,0.5754110394669539
BS31808D,29700.0,M2503,2.0,6,2019-01-04 19:41:19,113.859917475,22.6508676586,17.22902591097548,0.5746080494490311
BS09588D,29700.0,M2503,2.0,6,2019-01-04 19:41:24,113.859908661,22.6515826195,17.306844991878346,0.5772034062915226
BS31808D,29700.0,M2503,2.0,6,2019-01-04 19:41:28,113.859909476,22.6515160593,17.299473694706787,0.5769575649589048
BS09588D,29700.0,M2503,2.0,6,2019-01-04 19:41:38,113.859906812,22.6517334644,17.32355051188911,0.5777605548104241
BS09588D,29700.0,M2503,2.0,6,2019-01-04 19:41:42,113.859888619,22.6520042743,17.353657561192975,0.5787646599156431
BS31808D,29700.0,M2503,2.0,6,2019-01-04 19:41:43,113.859905987,22.6518008659,17.33101497978833,0.5780095034951558
BS31808D,29700.0,M2503,2.0,6,2019-01-04 19:41:46,113.859885383,22.6520255827,17.356040561806214,0.5788441357572423
BS09588D,24190.0,M2503,2.0,6,2019-01-04 19:41:56,113.859548336,22.6532380893,17.495390518302028,0.5834916188538843
BS31808D,24190.0,M2503,2.0,6,2019-01-04 19:42:00,113.859530342,22.6532808934,17.500478641897057,0.583661313692664
BS09588D,24190.0,M2503,2.0,6,2019-01-04 19:42:10,113.858840712,22.6550180995,17.705697376244434,0.5905055971282486
BS31808D,24190.0,M2503,2.0,6,2019-01-04 19:42:14,113.858884811,22.654866617,17.688320770411742,0.5899260671167923
BS09588D,24190.0,M2503,2.0,6,2019-01-04 19:42:20,113.858713578,22.6555428338,17.765304807725617,0.592493574284534
BS31808D,24190.0,M2503,2.0,6,2019-01-04 19:42:24,113.858723124,22.6554951536,17.759934354431515,0.5923144634219741
BS09588D,33976.0,M2503,2.0,6,2019-01-04 19:42:34,113.858706749,22.6555769488,17.769147325269167,0.5926217267130045
BS31808D,33976.0,M2503,2.0,6,2019-01-04 19:42:38,113.858706749,22.6555769488,17.769147325269167,0.5926217267130045
BS09588D,33976.0,M2503,2.0,6,2019-01-04 19:42:42,113.858647413,22.6561659175,17.834773637379588,0.5948104405375209
BS31808D,33976.0,M2503,2.0,6,2019-01-04 19:42:46,113.858653094,22.6560661898,17.823714443751705,0.5944416035694977
BS09588D,2978.0,M2503,2.0,6,2019-01-04 19:42:56,113.858778501,22.6577171529,18.00778878738749,0.6005806969864267
BS31808D,2978.0,M2503,2.0,6,2019-01-04 19:42:59,113.85874093,22.6575856538,17.99272338199838,0.6000782481974165
BS09588D,2978.0,M2503,2.0,6,2019-01-04 19:43:10,113.859395416,22.6592748893,18.191967340752967,0.6067232659190245
BS31808D,2978.0,M2503,2.0,6,2019-01-04 19:43:14,113.859380366,22.6592502013,18.188840940800382,0.6066189968449727
BS09588D,2878.0,M2503,2.0,6,2019-01-04 19:43:24,113.860024237,22.6603039284,18.323042602791137,0.6110947783330138
BS31808D,2978.0,M2503,2.0,6,2019-01-04 19:43:27,113.859947862,22.6601811144,18.30733727565784,0.6105709874096816
BS09588D,2878.0,M2503,2.0,6,2019-01-04 19:43:33,113.860420036,22.660893325,18.39995083113405,0.613659757183417
BS31808D,2878.0,M2503,2.0,6,2019-01-04 19:43:37,113.860403437,22.6608686077,18.39672553317983,0.6135521897460041
BS09588D,2878.0,M2503,2.0,6,2019-01-04 19:43:47,113.860906082,22.6616171124,18.49439506497999,0.6168095822096453
BS31808D,2878.0,M2503,2.0,6,2019-01-04 19:43:51,113.860849102,22.6615322618,18.48332323504757,0.6164403238061714
BS09588D,2878.0,M2503,2.0,6,2019-01-04 19:43:53,113.861013759,22.6617774582,18.51531794031845,0.6175073844330108
BS31808D,2878.0,M2503,2.0,6,2019-01-04 19:43:57,113.86095678,22.6616926076,18.504246168184974,0.6171381279571986
BS31808D,2878.0,M2503,2.0,6,2019-01-04 19:44:11,113.860968584,22.6617101861,18.506539889027977,0.6172146262146386
BS09588D,2878.0,M2503,2.0,6,2019-01-04 19:44:13,113.86109364,22.6618964103,18.53083957505776,0.6180250490013908
BS31808D,2878.0,M2503,2.0,6,2019-01-04 19:44:19,113.861081835,22.6618788318,18.52854580067988,0.6179485489585003
BS09588D,2878.0,M2503,2.0,6,2019-01-04 19:44:27,113.861738009,22.6628559621,18.88665166376533,0.6298917959271354
BS31808D,2878.0,M2503,2.0,6,2019-01-04 19:44:34,113.861440403,22.6624127872,18.94447970375893,0.631820428308088
BS09588D,2878.0,M2503,2.0,6,2019-01-04 19:44:41,113.862174189,22.6635054919,18.801897317621023,0.6270651399239492
BS31808D,2878.0,M2503,2.0,6,2019-01-04 19:44:48,113.862177391,22.6635102608,18.801275070267305,0.6270443872511027
BS09588D,34031.0,M2503,2.0,6,2019-01-04 19:44:55,113.862631966,22.6641883405,18.829861508090964,0.6279977781951656
BS09588D,34031.0,M2503,2.0,6,2019-01-04 19:44:56,113.862666673,22.6642402325,18.836625051521324,0.6282233502337686
BS31808D,34031.0,M2503,2.0,6,2019-01-04 19:45:00,113.86266515,22.6642379563,18.83632834141068,0.6282134546065399
BS09588D,34016.0,M2503,2.0,6,2019-01-04 19:45:10,113.8630137,22.6647596718,18.904307001003048,0.6304806219550808
BS09588D,34016.0,M2503,2.0,6,2019-01-04 19:45:14,113.86310116,22.6648908281,18.921387585880797,0.6310502793234524
BS31808D,34016.0,M2503,2.0,6,2019-01-04 19:45:14,113.862984642,22.664716095,18.898631996130742,0.6302913539432304
BS31808D,34016.0,M2503,2.0,6,2019-01-04 19:45:19,113.863056254,22.6648234865,18.91261763504819,0.6307577912647702
BS09588D,34016.0,M2503,2.0,6,2019-01-04 19:45:42,113.863105857,22.6648978713,18.922304844739333,0.6310808709730481
BS31808D,34016.0,M2503,2.0,6,2019-01-04 19:45:47,113.863072101,22.6648472513,18.915712528350305,0.6308610095553903
BS09588D,29691.0,M2503,2.0,6,2019-01-04 19:45:52,113.863348549,22.6652618619,18.96970593177572,0.6326617523475657
BS31808D,29691.0,M2503,2.0,6,2019-01-04 19:45:57,113.863365274,22.665286949,18.972972823133084,0.6327707069733418
BS09588D,30521.0,M2503,2.0,6,2019-01-04 19:46:06,113.864029068,22.6662825644,19.10262583928637,0.6370947858331668
BS31808D,30521.0,M2503,2.0,6,2019-01-04 19:46:11,113.864130019,22.6664339662,19.12234244107445,0.6377523574308736
BS09588D,30521.0,M2503,2.0,6,2019-01-04 19:46:20,113.865006254,22.6677248496,19.2913624267803,0.6433893705044026
BS31808D,30521.0,M2503,2.0,6,2019-01-04 19:46:24,113.865121756,22.6678621295,19.310650107261345,0.644032637077735
BS09588D,30521.0,M2503,2.0,6,2019-01-04 19:46:31,113.8662764,22.6687725149,19.46766760186244,0.6492693531154441
BS31808D,30521.0,M2503,2.0,6,2019-01-04 19:46:36,113.866327513,22.668797717,19.47361589826281,0.6494677357175611
BS09588D,30521.0,M2503,2.0,6,2019-01-04 19:46:40,113.866940067,22.6690393312,19.54233556355773,0.6517596164679843
BS31808D,30521.0,M2503,2.0,6,2019-01-04 19:46:46,113.866798732,22.6689994513,19.52715391939872,0.6512532909808257
BS09588D,2886.0,M2503,2.0,6,2019-01-04 19:46:55,113.86733774,22.6691521027,19.58507014757855,0.6531848645403417
BS09588D,2886.0,M2503,2.0,6,2019-01-04 19:46:58,113.867625065,22.6692177984,19.61545761815976,0.6541983220212568
BS31808D,2886.0,M2503,2.0,6,2019-01-04 19:47:00,113.867404704,22.6691711226,19.592267184929927,0.6534248941053129
BS31808D,2886.0,M2503,2.0,6,2019-01-04 19:47:02,113.867614725,22.6692162991,19.61438932736397,0.6541626932809216
BS09588D,61493.0,M2503,2.0,6,2019-01-04 19:47:11,113.869451021,22.6694826346,19.805487286326706,0.6605360324366377
BS31808D,61493.0,M2503,2.0,6,2019-01-04 19:47:16,113.869669725,22.6695143515,19.82823636617007,0.6612947407039014
BS09588D,61505.0,M2503,2.0,6,2019-01-04 19:47:25,113.871679786,22.6698094342,20.03737985196202,0.6682699191641838
BS31808D,61505.0,M2503,2.0,6,2019-01-04 19:47:30,113.871739237,22.6698182498,20.043567143970627,0.6684762725477591
BS09588D,61505.0,M2503,2.0,6,2019-01-04 19:47:40,113.873594798,22.6700933942,20.23668217063954,0.6749168832570873
BS09588D,61505.0,M2503,2.0,6,2019-01-04 19:47:44,113.874151662,22.6701759664,20.294636970200383,0.6768497432170143
BS31808D,61505.0,M2503,2.0,6,2019-01-04 19:47:44,113.873619408,22.6700970433,20.239243419259584,0.6750023038769948
BS31808D,61505.0,M2503,2.0,6,2019-01-04 19:47:48,113.874099405,22.6701682177,20.289198401535653,0.6766683606276337
BS09588D,61505.0,M2503,2.0,6,2019-01-04 19:47:57,113.875144277,22.6703231524,20.484618922427504,0.6831858622503139
BS31808D,61505.0,M2503,2.0,6,2019-01-04 19:48:02,113.875009903,22.6703032272,20.4986036828598,0.6836522702733521
BS09588D,61505.0,M2503,2.0,6,2019-01-04 19:48:11,113.875546861,22.6703828479,20.442720650076364,0.6817885061446713
BS31808D,61505.0,M2503,2.0,6,2019-01-04 19:48:18,113.87509202,22.6703154037,20.49005748543684,0.6833672446510802
BS31808D,61505.0,M2503,2.0,6,2019-01-04 19:48:24,113.875661415,22.6703995541,20.45175727697829,0.6820898881603784
BS09588D,61505.0,M2503,2.0,6,2019-01-04 19:48:25,113.877265973,22.6706330187,20.618671612941952,0.687656675366384
BS09588D,32802.0,M2503,2.0,6,2019-01-04 19:48:39,113.879164351,22.6709092648,20.816150775322708,0.6942428350766754
BS31808D,61505.0,M2503,2.0,6,2019-01-04 19:48:39,113.877551921,22.6706746242,20.64841735539476,0.688648730467963
BS09588D,32802.0,M2503,2.0,6,2019-01-04 19:48:49,113.879913107,22.6710182289,20.89404029395868,0.6968405410994767
BS31808D,32802.0,M2503,2.0,6,2019-01-04 19:48:52,113.8795894,22.6709711209,20.860366605689023,0.6957174844371696
BS31808D,32802.0,M2503,2.0,6,2019-01-04 19:48:56,113.879818428,22.6710044506,20.884191292700685,0.6965120654542998
BS09588D,3033.0,M2503,2.0,6,2019-01-04 19:49:01,113.880464973,22.6711009088,20.951489916940535,0.6987565528330337
BS31808D,3033.0,M2503,2.0,6,2019-01-04 19:49:06,113.880348269,22.6710830361,20.939334123983613,0.6983511430021718
BS09588D,3033.0,M2503,2.0,6,2019-01-04 19:49:13,113.88064902,22.6711290947,20.970660096975937,0.6993959006298648
BS31808D,3033.0,M2503,2.0,6,2019-01-04 19:49:17,113.880514838,22.6711085454,20.956683813924943,0.6989297753373511
BS09588D,3033.0,M2503,2.0,6,2019-01-04 19:49:27,113.88075335,22.6711450724,20.981527021199643,0.6997583251896721
BS31808D,3033.0,M2503,2.0,6,2019-01-04 19:49:31,113.880805498,22.6711530586,20.98695871130668,0.6999394783711546
BS09588D,3033.0,M2503,2.0,6,2019-01-04 19:49:33,113.881203249,22.6712143269,21.028394501172706,0.7013214101481059
BS31808D,3033.0,M2503,2.0,6,2019-01-04 19:49:37,113.881260478,22.6712262872,21.034424284091852,0.7015225104203835
BS09588D,3033.0,M2503,2.0,6,2019-01-04 19:49:47,113.882582526,22.6715204368,21.17418793384164,0.7061837906681216
BS09588D,3033.0,M2503,2.0,6,2019-01-04 19:49:51,113.882711996,22.6715556155,21.188052000698377,0.7066461734200629
BS31808D,3033.0,M2503,2.0,6,2019-01-04 19:49:51,113.882585208,22.6715211656,21.17447513315341,0.7061933690991482
BS31808D,3033.0,M2503,2.0,6,2019-01-04 19:49:59,113.882810902,22.6715824896,21.198643174527437,0.7069994013835436
BS31808D,3033.0,M2503,2.0,6,2019-01-04 19:50:14,113.882846426,22.6715921421,21.20244720328844,0.7071262701663582
BS09588D,3033.0,M2503,2.0,6,2019-01-04 19:50:19,113.882977558,22.6716277722,21.2164892299259,0.7075945880839327
BS31808D,3033.0,M2503,2.0,6,2019-01-04 19:50:28,113.88336793,22.6717430625,21.258625407804647,0.7089998786155768
BS09588D,3033.0,M2503,2.0,6,2019-01-04 19:50:33,113.883927767,22.6719509671,21.3205947369498,0.7110666278055631
BS31808D,2995.0,M2503,2.0,6,2019-01-04 19:50:42,113.884647722,22.6722397475,21.4012459642758,0.7137564400247172
BS09588D,2995.0,M2503,2.0,6,2019-01-04 19:50:47,113.885027739,22.672410462,21.44463473110696,0.7152035058545367
BS09588D,2995.0,M2503,2.0,6,2019-01-04 19:50:50,113.885267863,22.6725183962,21.472054142926584,0.716117975124252
BS31808D,2995.0,M2503,2.0,6,2019-01-04 19:50:50,113.885281843,22.6725256003,21.473694943205125,0.7161726977215979
BS09588D,2995.0,M2503,2.0,6,2019-01-04 19:51:00,113.885656679,22.6727187624,21.517759459387733,0.717642300578105
BS31808D,2995.0,M2503,2.0,6,2019-01-04 19:51:01,113.885775436,22.6727799603,21.531719256186506,0.7181078760349353
BS09588D,2995.0,M2503,2.0,6,2019-01-04 19:51:14,113.885687006,22.6727343907,21.521324385719076,0.7177611950168425
BS31808D,2995.0,M2503,2.0,6,2019-01-04 19:51:14,113.885830838,22.6728085105,21.538231741021526,0.7183250749774325
BS09588D,2995.0,M2503,2.0,6,2019-01-04 19:51:20,113.885822702,22.6728043178,21.537275357708936,0.718293178481797
BS31808D,2995.0,M2503,2.0,6,2019-01-04 19:51:22,113.885954292,22.6728721292,21.552743677683758,0.7188090649407826
BS09588D,2995.0,M2503,2.0,6,2019-01-04 19:51:35,113.885829692,22.6728079199,21.538097027314336,0.7183205821186416
BS31808D,2995.0,M2503,2.0,6,2019-01-04 19:51:36,113.885960505,22.672875331,21.55347401686168,0.7188334226016644
BS09588D,2995.0,M2503,2.0,6,2019-01-04 19:51:49,113.885940312,22.6728649251,21.55110034441641,0.7187542578653148
BS31808D,2995.0,M2503,2.0,6,2019-01-04 19:51:49,113.886047788,22.67292031,21.563734075786613,0.7191756074980451
BS09588D,2995.0,M2503,2.0,6,2019-01-04 19:51:52,113.885989501,22.6728902734,21.55688248171877,0.7189470988682894
BS38816D,34031.0,M2503,2.0,6,2019-01-04 20:52:15,113.862764578,22.6643866151,18.855704371841103,0.6288596677534246
BS38888D,2878.0,M2503,2.0,6,2019-01-04 20:52:16,113.862302447,22.663696485,18.776975468977504,0.6262339672905275
BS38888D,34031.0,M2503,2.0,6,2019-01-04 20:52:23,113.862661957,22.6642331812,18.835706000350992,0.6281926988084903
BS38816D,34016.0,M2503,2.0,6,2019-01-04 20:52:25,113.863073571,22.6648494553,18.91599957257464,0.6308705828140703
BS38888D,34016.0,M2503,2.0,6,2019-01-04 20:52:34,113.86302544,22.6647772772,18.90659976866236,0.6305570884227363
BS38816D,34016.0,M2503,2.0,6,2019-01-04 20:52:39,113.863078268,22.6648564985,18.91691683150573,0.6309011744660858
BS38888D,34016.0,M2503,2.0,6,2019-01-04 20:52:47,113.863073571,22.6648494553,18.91599957257464,0.6308705828140703
BS38816D,774.0,M2503,2.0,6,2019-01-04 21:08:06,113.888202802,22.7176783827,26.8926403010312,0.8969008269971911
BS38888D,774.0,M2503,2.0,6,2019-01-04 21:08:19,113.887809077,22.7173758675,26.840063961634986,0.8951473449382672
BS38816D,774.0,M2503,2.0,6,2019-01-04 21:08:20,113.888996928,22.7182205216,26.999622385504,0.9004688039218613
BS38816D,774.0,M2503,2.0,6,2019-01-04 21:08:30,113.88916553,22.718320883,27.014546345859365,0.9009665353545124
BS38888D,774.0,M2503,2.0,6,2019-01-04 21:08:33,113.888116264,22.7176152059,26.88132717536625,0.8965235211004389
BS38888D,774.0,M2503,2.0,6,2019-01-04 21:08:34,113.888174719,22.717657881,26.88896902080872,0.8967783855325069
BS38888D,774.0,M2503,2.0,6,2019-01-04 21:08:48,113.888875738,22.7181408243,26.978701457996383,0.8997710666609198
BS38816D,47150.0,M2503,2.0,6,2019-01-04 21:08:59,113.889834397,22.7187127038,27.095814475147527,0.9036769219714884
BS38888D,47150.0,M2503,2.0,6,2019-01-04 21:09:02,113.889581237,22.718564395,27.065054769028045,0.902651050002506
BS38816D,47150.0,M2503,2.0,6,2019-01-04 21:09:13,113.890837192,22.7192883916,27.216968263945397,0.9077175417154146
BS38888D,47150.0,M2503,2.0,6,2019-01-04 21:09:16,113.890340886,22.7190068017,27.15720127171796,0.9057242430226916
BS38816D,47150.0,M2503,2.0,6,2019-01-04 21:09:26,113.891080781,22.719426597,27.24630211022913,0.9086958596007688
BS38888D,47150.0,M2503,2.0,6,2019-01-04 21:09:30,113.890915414,22.7193327725,27.2263880344326,0.9080317020152412
BS38816D,47150.0,M2503,2.0,6,2019-01-04 21:09:36,113.891284953,22.7195424378,27.270889175544465,0.909515866820882
BS38888D,47150.0,M2503,2.0,6,2019-01-04 21:09:44,113.891255318,22.7195256237,27.26732042463217,0.9093968448279224
BS38888D,47116.0,M2503,2.0,6,2019-01-04 21:09:45,113.89137472,22.7195933648,27.281698978633408,0.90987638632442
BS38816D,47116.0,M2503,2.0,6,2019-01-04 21:09:50,113.892185496,22.7200533168,27.5612373992851,0.9191993177232524
BS38888D,47116.0,M2503,2.0,6,2019-01-04 21:09:59,113.892077635,22.7199921273,27.366343325374547,0.912699373719594
BS38816D,47116.0,M2503,2.0,6,2019-01-04 21:10:05,113.892202811,22.7200631399,27.559152327544417,0.9191297781560088
BS38888D,47116.0,M2503,2.0,6,2019-01-04 21:10:13,113.892124586,22.720018763,27.3719971407444,0.9128879350368968
BS38816D,47116.0,M2503,2.0,6,2019-01-04 21:10:17,113.892458728,22.7202083211,27.52833510952262,0.9181019880982048
BS38888D,47116.0,M2503,2.0,6,2019-01-04 21:10:21,113.892483411,22.7202223237,27.525362814469,0.9180028586017392
BS38816D,47116.0,M2503,2.0,6,2019-01-04 21:10:31,113.892935362,22.720478715,27.470939455410964,0.9161877762892284
BS38888D,47116.0,M2503,2.0,6,2019-01-04 21:10:35,113.892853779,22.7204324332,27.48076356169423,0.9165154216580482
BS38816D,47116.0,M2503,2.0,6,2019-01-04 21:10:45,113.893316523,22.7205195875,27.509646049270533,0.9174786862056326
BS38888D,47116.0,M2503,2.0,6,2019-01-04 21:10:49,113.89323379,22.7205295101,27.501075954714512,0.9171928635861836
BS38816D,47116.0,M2503,2.0,6,2019-01-04 21:11:00,113.893875998,22.7203903598,27.568906940321483,0.9194551058355844
BS38888D,47116.0,M2503,2.0,6,2019-01-04 21:11:03,113.893750032,22.7204222644,27.555492500208373,0.919007718658406
BS38816D,47116.0,M2503,2.0,6,2019-01-04 21:11:14,113.89412848,22.7203264117,27.59579438837536,0.9203518334951007
BS38816D,47116.0,M2503,2.0,6,2019-01-04 21:11:16,113.894146905,22.7203217452,27.597756509561066,0.9204172725183588
BS38888D,47116.0,M2503,2.0,6,2019-01-04 21:11:17,113.894016852,22.7203546846,27.58390683833917,0.9199553698775804
BS38816D,75201.0,M2503,2.0,6,2019-01-04 21:11:26,113.894598225,22.7202099311,27.64574672283157,0.9220178019378684
BS38888D,75201.0,M2503,2.0,6,2019-01-04 21:11:31,113.894547906,22.7202223935,27.64039626829161,0.9218393580570154
BS38816D,47158.0,M2503,2.0,6,2019-01-04 21:11:40,113.895247845,22.7200485388,27.71483572392589,0.9243220004666952
BS38888D,47158.0,M2503,2.0,6,2019-01-04 21:11:45,113.895251884,22.720047529,27.715265465795454,0.9243363328577844
BS38816D,47158.0,M2503,2.0,6,2019-01-04 21:11:47,113.895450248,22.719997938,27.73637094863412,0.9250402252536322
BS38888D,47158.0,M2503,2.0,6,2019-01-04 21:11:50,113.89533491,22.7200267726,27.724099241460085,0.9246309495488352
BS38816D,47158.0,M2503,2.0,6,2019-01-04 21:12:01,113.8956347,22.719951825,27.755996232359667,0.9256947512877616
BS38888D,47158.0,M2503,2.0,6,2019-01-04 21:12:04,113.895504552,22.7199843621,27.742148770282476,0.9252329223245276
BS38816D,47158.0,M2503,2.0,6,2019-01-04 21:12:09,113.895901729,22.7198850678,27.78440753515432,0.9266423012749456
BS38888D,47158.0,M2503,2.0,6,2019-01-04 21:12:17,113.895854606,22.7198968485,27.77939375105633,0.9264750857448404
BS38888D,47164.0,M2503,2.0,6,2019-01-04 21:12:20,113.895933595,22.7198771057,27.78779788228455,0.9267553732943112
BS38816D,47164.0,M2503,2.0,6,2019-01-04 21:12:23,113.896275588,22.7197916592,27.824183722857672,0.9279688833898512
BS38816D,47164.0,M2503,2.0,6,2019-01-04 21:12:34,113.89640933,22.7197582442,27.838413003758003,0.9284434464548468
BS38888D,47164.0,M2503,2.0,6,2019-01-04 21:12:35,113.896275588,22.7197916592,27.824183722857672,0.9279688833898512
BS38888D,47164.0,M2503,2.0,6,2019-01-04 21:12:36,113.896289951,22.7197880708,27.82571184842264,0.928019848154472
BS38888D,47164.0,M2503,2.0,6,2019-01-04 21:12:41,113.896337074,22.719776297,27.83072543744225,0.9281870571784868
BS38816D,47164.0,M2503,2.0,6,2019-01-04 21:12:43,113.896496396,22.7197364909,27.84767626707667,0.9287523870586032
BS38816D,47164.0,M2503,2.0,6,2019-01-04 21:12:49,113.896554289,22.7197220264,27.85383571205794,0.928957811711434
BS38888D,47164.0,M2503,2.0,6,2019-01-04 21:12:50,113.896423692,22.7197546558,27.83994103046984,0.9284944079226006
BS38888D,47164.0,M2503,2.0,6,2019-01-04 21:12:56,113.896492359,22.7197374995,27.847246757262653,0.9287380624068364
BS38816D,47125.0,M2503,2.0,6,2019-01-04 21:13:03,113.896803822,22.7196596716,27.88038470130376,0.9298432513761145
BS38888D,47125.0,M2503,2.0,6,2019-01-04 21:13:10,113.89678946,22.7196632615,27.8788566304022,0.9297922884345816
BS38816D,47125.0,M2503,2.0,6,2019-01-04 21:13:17,113.897394432,22.7195120348,27.94322400848877,0.9319390153454112
BS38888D,47125.0,M2503,2.0,6,2019-01-04 21:13:24,113.897390842,22.7195129322,27.942842042136,0.9319262763233648
BS38816D,12738.0,M2503,2.0,6,2019-01-04 21:13:31,113.897863551,22.7193935943,27.9931712350446,0.9336048134337612
BS38888D,12738.0,M2503,2.0,6,2019-01-04 21:13:38,113.897873745,22.7193909837,27.994257668001254,0.9336410472362586
BS38816D,12738.0,M2503,2.0,6,2019-01-04 21:13:45,113.898382506,22.7192606882,28.048479441513543,0.9354494064363988
BS38888D,12738.0,M2503,2.0,6,2019-01-04 21:13:52,113.898489902,22.7192331835,28.059925302586816,0.935831139213374
BS38816D,47133.0,M2503,2.0,6,2019-01-04 21:13:59,113.898782777,22.7191581721,28.091138960662036,0.9368721510079726
BS38816D,47133.0,M2503,2.0,6,2019-01-04 21:14:07,113.899059606,22.7190872701,28.12064251243302,0.937856128768674
BS38888D,47133.0,M2503,2.0,6,2019-01-04 21:14:07,113.898770857,22.719161225,28.089868567595158,0.9368297819218756
BS38888D,47133.0,M2503,2.0,6,2019-01-04 21:14:14,113.899037493,22.7190929337,28.11828577967953,0.9377775289907436
BS38816D,43197.0,M2503,2.0,6,2019-01-04 21:14:21,113.899564239,22.7189580224,28.17442472655153,0.9396498281518758
BS38888D,43197.0,M2503,2.0,6,2019-01-04 21:14:29,113.899506327,22.7189728551,28.16825263900001,0.9394439818546252
BS38816D,43197.0,M2503,2.0,6,2019-01-04 21:14:32,113.899857572,22.7188828918,28.20568731067481,0.9406924716870726
BS38888D,43197.0,M2503,2.0,6,2019-01-04 21:14:40,113.899737798,22.7189135691,28.19292214451528,0.9402667385512748
BS38816D,43197.0,M2503,2.0,6,2019-01-04 21:14:46,113.89990769,22.7188700552,28.211028744281368,0.9408706147093064
BS38888D,43197.0,M2503,2.0,6,2019-01-04 21:14:54,113.899936329,22.71886272,28.214081006407643,0.9409724112006372
BS38816D,43197.0,M2503,2.0,6,2019-01-04 21:14:59,113.90039691,22.7187447525,28.26316844146075,0.9426095342425356
BS38888D,43197.0,M2503,2.0,6,2019-01-04 21:15:08,113.900374797,22.7187504162,28.26081170031633,0.9425309341847582
BS38888D,43197.0,M2503,2.0,6,2019-01-04 21:15:09,113.900407104,22.7187421417,28.26425488506535,0.9426457684001542
BS38816D,43197.0,M2503,2.0,6,2019-01-04 21:15:13,113.900930181,22.7186081672,28.320003018856283,0.9445050334905636
BS38888D,43197.0,M2503,2.0,6,2019-01-04 21:15:23,113.900921929,22.7186102807,28.319123544530022,0.9444757019990582
BS38816D,43197.0,M2503,2.0,6,2019-01-04 21:15:27,113.901584494,22.7184405798,28.38973799390665,0.9468307760020156
BS38816D,43197.0,M2503,2.0,6,2019-01-04 21:15:34,113.901782566,22.7183898481,28.410848008995284,0.9475348195536708
BS38888D,43197.0,M2503,2.0,6,2019-01-04 21:15:37,113.90153981,22.7184520247,28.384975683862304,0.9466719474240338
BS38816D,64452.0,M2503,2.0,6,2019-01-04 21:15:48,113.902101071,22.7183146396,28.444626838729747,0.948661382806096
BS38888D,64452.0,M2503,2.0,6,2019-01-04 21:15:51,113.902018496,22.7183311152,28.435949594013334,0.9483719866041952
BS38816D,64449.0,M2503,2.0,6,2019-01-04 21:16:03,113.902247234,22.7193895274,28.56606375003258,0.9527114450148008
BS38888D,64449.0,M2503,2.0,6,2019-01-04 21:16:05,113.902238856,22.7193219176,28.558527324156284,0.9524600964478552
BS38816D,64440.0,M2503,2.0,6,2019-01-04 21:16:17,113.90248446,22.7202163642,28.66263713838994,0.9559322798199396
BS38888D,64440.0,M2503,2.0,6,2019-01-04 21:16:19,113.902476722,22.7201487464,28.65510705684861,0.9556811428439428
BS38816D,64442.0,M2503,2.0,6,2019-01-04 21:16:31,113.903170405,22.7205559614,28.758143951251437,0.95911754309199
BS38888D,64442.0,M2503,2.0,6,2019-01-04 21:16:33,113.903169253,22.720556039,28.758025292736853,0.959113585692543
BS38816D,64442.0,M2503,2.0,6,2019-01-04 21:16:39,113.90410146,22.7204931988,29.03771164278254,0.9684414507086896
BS38888D,64442.0,M2503,2.0,6,2019-01-04 21:16:42,113.904238168,22.7204839833,29.0236302710198,0.9679718205854334
BS38816D,64442.0,M2503,2.0,6,2019-01-04 21:16:49,113.904919616,22.7204380468,28.9534388808903,0.9656308561003354
BS38888D,64442.0,M2503,2.0,6,2019-01-04 21:16:53,113.904804669,22.7204457954,28.96527880246292,0.9660257312532096
BS38816D,64442.0,M2503,2.0,6,2019-01-04 21:17:02,113.905110505,22.7204376441,28.9579621464603,0.9657817122671174
BS38888D,64442.0,M2503,2.0,6,2019-01-04 21:17:07,113.905096521,22.7204371033,28.956524288133128,0.9657337580198472
BS38816D,64442.0,M2503,2.0,6,2019-01-04 21:17:09,113.905500149,22.7204568982,28.998049170743663,0.9671186611434324
BS38888D,64442.0,M2503,2.0,6,2019-01-04 21:17:16,113.905463874,22.7204549234,28.994316140438585,0.9669941602416856
BS38816D,81475.0,M2503,2.0,6,2019-01-04 21:17:20,113.906130187,22.7205671183,29.06430044873748,0.9693282183069212
BS38888D,81475.0,M2503,2.0,6,2019-01-04 21:17:27,113.906095664,22.7205559328,29.0605437326619,0.9692029274571844
BS38816D,81475.0,M2503,2.0,6,2019-01-04 21:17:34,113.906689781,22.7207484294,29.12519425345805,0.9713590975066402
BS38888D,81475.0,M2503,2.0,6,2019-01-04 21:17:39,113.906428547,22.7206637883,29.09676734354141,0.9704110270037885
BS38816D,81475.0,M2503,2.0,6,2019-01-04 21:17:48,113.906708624,22.7207545345,29.127244702167108,0.9714274823555163
BS38816D,81475.0,M2503,2.0,6,2019-01-04 21:17:50,113.906727467,22.7207606396,29.12929515079514,0.9714958672016905
BS38888D,81475.0,M2503,2.0,6,2019-01-04 21:17:53,113.906542182,22.7207006067,29.109132860187508,0.970823431363568
BS38888D,81475.0,M2503,2.0,6,2019-01-04 21:17:59,113.906694815,22.7207500603,29.12574203698682,0.971377366724332
BS38816D,59216.0,M2503,2.0,6,2019-01-04 21:18:04,113.907194818,22.7206436134,29.198388696386456,0.9738002172947766
BS38816D,59216.0,M2503,2.0,6,2019-01-04 21:18:07,113.907268943,22.7204473109,29.221422452040503,0.9745684198313708
BS38888D,81475.0,M2503,2.0,6,2019-01-04 21:18:13,113.906731941,22.7207620892,29.12978200154496,0.9715121042403464
BS38816D,59216.0,M2503,2.0,6,2019-01-04 21:18:21,113.907543084,22.71972131,29.306609976429154,0.9774095228327409
BS38888D,59216.0,M2503,2.0,6,2019-01-04 21:18:27,113.907136452,22.7207981827,29.1802518458452,0.9731953322382152
BS38888D,59216.0,M2503,2.0,6,2019-01-04 21:18:34,113.907268943,22.7204473109,29.221422452040503,0.9745684198313708
BS38816D,59216.0,M2503,2.0,6,2019-01-04 21:18:35,113.907900792,22.7187740016,29.417765365204957,0.9811166843089753
BS38816D,59216.0,M2503,2.0,6,2019-01-04 21:18:38,113.907995745,22.7185225417,29.44727122970452,0.9821007392018638
BS38888D,59216.0,M2503,2.0,6,2019-01-04 21:18:48,113.907543084,22.71972131,29.306609976429154,0.9774095228327409
BS38816D,59176.0,M2503,2.0,6,2019-01-04 21:18:52,113.90830596,22.7175838104,29.56040377027005,0.9858738409894792
BS38888D,59216.0,M2503,2.0,6,2019-01-04 21:19:02,113.907774296,22.7191089973,29.378457587690672,0.9798057242185808
BS38816D,83926.0,M2503,2.0,6,2019-01-04 21:19:07,113.907835996,22.717452471,29.61082850850476,0.9875555646476092
BS38888D,59216.0,M2503,2.0,6,2019-01-04 21:19:07,113.907824133,22.7189770161,29.393944025979525,0.980322214944409
BS38816D,83908.0,M2503,2.0,6,2019-01-04 21:19:21,113.906810111,22.7171657062,29.720902925398143,0.9912266744545228
BS38888D,59216.0,M2503,2.0,6,2019-01-04 21:19:21,113.907959159,22.7186194323,29.435902274779487,0.9817215713343652
BS38888D,59216.0,M2503,2.0,6,2019-01-04 21:19:22,113.907983125,22.7185559631,29.443349626006192,0.9819699491581636
BS38816D,83982.0,M2503,2.0,6,2019-01-04 21:19:35,113.905849241,22.7168971253,29.82400128664651,0.9946651246933478
BS38888D,84094.0,M2503,2.0,6,2019-01-04 21:19:36,113.908273663,22.7177865626,29.53363000247196,0.9849809046986896
BS38816D,83982.0,M2503,2.0,6,2019-01-04 21:19:41,113.905401565,22.7167719832,29.872035859590103,0.9962671335595398
BS38888D,59176.0,M2503,2.0,6,2019-01-04 21:19:50,113.9078454,22.7174551,29.609819478351465,0.9875219123186144
BS31509D,33640.0,M3353,1.0,1,2019-01-04 09:04:31,113.829828601,22.6946663045,6.066620699755125,0.1631081492525075
BS30321D,33640.0,M3353,1.0,2,2019-01-04 09:04:44,113.829814314,22.6946773899,6.068534348393309,0.1631595999205386
BS31509D,33640.0,M3353,1.0,1,2019-01-04 09:04:46,113.829622422,22.6948262821,6.09423711276246,0.1638506486170715
BS30321D,33640.0,M3353,1.0,2,2019-01-04 09:04:58,113.829617516,22.6948300885,6.094894223806388,0.1638683158113025
BS31509D,76268.0,M3353,1.0,1,2019-01-04 09:05:01,113.82943313,22.6949731759,6.119592957794038,0.1645323699839605
BS30321D,33640.0,M3353,1.0,2,2019-01-04 09:05:12,113.829483758,22.6949338732,6.112810257566984,0.1643500092042576
BS31509D,76268.0,M3353,1.0,1,2019-01-04 09:05:16,113.829364533,22.6950266688,6.12880011846872,0.1647799152009507
BS30321D,33640.0,M3353,1.0,2,2019-01-04 09:05:18,113.829448081,22.6949615557,6.117588979034207,0.1644784906856107
BS31509D,76268.0,M3353,1.0,1,2019-01-04 09:05:31,113.829124042,22.6952142076,6.161079093758613,0.1656477729721666
BS30321D,76268.0,M3353,1.0,2,2019-01-04 09:05:32,113.829278929,22.6950934245,6.1402900093461446,0.1650888342728494
BS30321D,76268.0,M3353,1.0,2,2019-01-04 09:05:36,113.829229995,22.6951315839,6.1468579773527,0.165265421727203
BS31509D,76268.0,M3353,1.0,1,2019-01-04 09:05:46,113.829093041,22.6952383829,6.165240096681768,0.1657596463724366
BS30321D,76268.0,M3353,1.0,2,2019-01-04 09:05:50,113.829212182,22.6951454747,6.1492488534536,0.1653297032102906
BS31509D,76268.0,M3353,1.0,1,2019-01-04 09:06:01,113.82901415,22.695299903,6.175828902145393,0.1660443387155785
BS30321D,76268.0,M3353,1.0,2,2019-01-04 09:06:04,113.829118133,22.6952188152,6.1618721823021,0.1656690960795313
BS30321D,76268.0,M3353,1.0,2,2019-01-04 09:06:11,113.829043062,22.6952773569,6.171948299736624,0.1659400042090707
BS31509D,76268.0,M3353,1.0,1,2019-01-04 09:06:16,113.828902452,22.695382359,6.190495311634266,0.1664386621826788
BS30321D,76268.0,M3353,1.0,2,2019-01-04 09:06:19,113.829016686,22.6952979259,6.17548855422988,0.1660351880662552
BS30321D,76268.0,M3353,1.0,2,2019-01-04 09:06:21,113.829006912,22.6953052913,6.176782157616754,0.1660699680969745
BS31509D,76268.0,M3353,1.0,1,2019-01-04 09:06:31,113.828774728,22.6954765899,6.207262099124839,0.1668894567537994
BS30321D,76268.0,M3353,1.0,2,2019-01-04 09:06:36,113.828902595,22.6953822538,6.190476560256429,0.1664381580300893
BS30321D,76268.0,M3353,1.0,2,2019-01-04 09:07:04,113.828861491,22.6954125787,6.195872403844651,0.166583231556998
BS30321D,76268.0,M3353,1.0,2,2019-01-04 09:07:10,113.828826239,22.6954385866,6.200500063254656,0.1667076515593508
BS30321D,76268.0,M3353,1.0,2,2019-01-04 09:07:24,113.828816359,22.6954458762,6.201797076200668,0.1667425232600307
BS31509D,76268.0,M3353,1.0,1,2019-01-04 09:07:31,113.828634774,22.6955798437,6.225634352959607,0.1673834161537512
BS30321D,76268.0,M3353,1.0,2,2019-01-04 09:07:38,113.82869722,22.6955337732,6.217436865679034,0.1671630171795893
BS30321D,76268.0,M3353,1.0,2,2019-01-04 09:07:46,113.828634006,22.6955804108,6.225735204973135,0.1673861276773636
BS31509D,76268.0,M3353,1.0,1,2019-01-04 09:07:46,113.828499377,22.6956797362,6.25293280996149,0.1681173669015219
BS30321D,76268.0,M3353,1.0,2,2019-01-04 09:08:00,113.828583933,22.6956173531,6.232308459360498,0.1675628572622101
BS31509D,76268.0,M3353,1.0,1,2019-01-04 09:08:01,113.828364237,22.695777643,6.261025924797507,0.168334959701191
BS30321D,76268.0,M3353,1.0,2,2019-01-04 09:08:08,113.828479615,22.6956943156,6.250338612225504,0.1680476188799373
BS30321D,76268.0,M3353,1.0,2,2019-01-04 09:08:11,113.828451577,22.6957147919,6.249668962524646,0.16802961456934
BS31509D,76268.0,M3353,1.0,1,2019-01-04 09:08:16,113.828331471,22.6958012217,6.2652865282198205,0.1684495109766549
BS30321D,76268.0,M3353,1.0,2,2019-01-04 09:08:20,113.828401019,22.6957511741,6.256243098348395,0.1682063678526283
BS30321D,76268.0,M3353,1.0,2,2019-01-04 09:08:33,113.828382828,22.6957642649,6.258608523836184,0.168269965066399
BS30321D,76268.0,M3353,1.0,2,2019-01-04 09:08:37,113.828364636,22.6957773557,6.260974030380528,0.1683335644594694
BS31509D,76268.0,M3353,1.0,1,2019-01-04 09:08:46,113.8281982,22.6958971251,6.282615944939611,0.1689154324885939
BS30321D,76268.0,M3353,1.0,2,2019-01-04 09:08:50,113.828324131,22.6958065037,6.266240962293762,0.1684751720461512
BS30321D,76268.0,M3353,1.0,2,2019-01-04 09:09:05,113.828277695,22.6958399195,6.272279095064824,0.1686375142643269
BS30321D,66058.0,M3353,1.0,2,2019-01-04 09:09:11,113.8279884,22.6960481,6.309896542405796,0.1696489030619877
BS30321D,66058.0,M3353,1.0,2,2019-01-04 09:09:25,113.8279884,22.6960481,6.309896542405796,0.1696489030619877
BS30321D,66058.0,M3353,1.0,2,2019-01-04 09:10:06,113.8279884,22.6960481,6.309896542405796,0.1696489030619877
BS30321D,66058.0,M3353,1.0,2,2019-01-04 09:10:15,113.8279884,22.6960481,6.309896542405796,0.1696489030619877
BS31509D,66058.0,M3353,1.0,1,2019-01-04 09:10:16,113.827858496,22.6961319938,6.326159159300452,0.1700861424205975
BS30321D,66058.0,M3353,1.0,2,2019-01-04 09:10:29,113.8279884,22.6960481,6.309896542405796,0.1696489030619877
BS31509D,66058.0,M3353,1.0,1,2019-01-04 09:10:31,113.827347394,22.6964620696,6.390143639723339,0.1718064395512689
BS30321D,66058.0,M3353,1.0,2,2019-01-04 09:10:43,113.827958742,22.6960672537,6.313609422901369,0.1697487281699021
BS31509D,66058.0,M3353,1.0,1,2019-01-04 09:10:46,113.827069087,22.6966418032,6.424984618485143,0.1727431797638576
BS30321D,66058.0,M3353,1.0,2,2019-01-04 09:10:56,113.82764673,22.6962687544,6.352669973554231,0.1707989164775425
BS30321D,66058.0,M3353,1.0,2,2019-01-04 09:10:59,113.827594266,22.6963026367,6.359237929728072,0.1709755036137599
BS31509D,66058.0,M3353,1.0,1,2019-01-04 09:11:01,113.827032606,22.6966653632,6.429551648329845,0.1728659696698724
BS30321D,66058.0,M3353,1.0,2,2019-01-04 09:11:13,113.827493851,22.6963674856,6.371808787130512,0.1713134857271813
BS31509D,66050.0,M3353,1.0,1,2019-01-04 09:11:16,113.826733874,22.696928366,6.472037632289097,0.1740082547336222
BS30321D,66058.0,M3353,1.0,2,2019-01-04 09:11:27,113.827118607,22.6966098226,6.418785256901947,0.172576502721658
BS31509D,66050.0,M3353,1.0,1,2019-01-04 09:11:31,113.827347758,22.697317109,6.600898064720063,0.1774728172447647
BS30321D,66050.0,M3353,1.0,2,2019-01-04 09:11:41,113.8266715,22.6972878,6.513922918436551,0.1751343893384605
BS31509D,81076.0,M3353,1.0,1,2019-01-04 09:11:46,113.827618799,22.6957796849,6.774151573205742,0.1821309392074157
BS30321D,67939.0,M3353,1.0,2,2019-01-04 09:28:03,113.845124057,22.6264103819,15.385410034557475,0.413654632525307
BS31509D,77969.0,M3353,1.0,1,2019-01-04 09:28:03,113.845205808,22.6261041008,15.420354564055684,0.4145941568198097
BS30321D,67939.0,M3353,1.0,2,2019-01-04 09:28:16,113.845151958,22.6263054724,15.397376432357298,0.4139763630396982
BS31509D,77969.0,M3353,1.0,1,2019-01-04 09:28:16,113.845748005,22.6250393453,15.551115986812606,0.4181098296655452
BS30321D,77969.0,M3353,1.0,2,2019-01-04 09:28:20,113.845242767,22.6260104731,15.431397032279513,0.4148910464135897
BS31509D,77969.0,M3353,1.0,1,2019-01-04 09:28:31,113.846814408,22.6235770159,15.746825947312963,0.4233717194436194
BS30321D,77969.0,M3353,1.0,2,2019-01-04 09:28:34,113.845782261,22.6249869051,15.557907533006745,0.4182924282793556
BS31509D,2080.0,M3353,1.0,1,2019-01-04 09:28:46,113.847760282,22.6224759821,15.902791027535027,0.4275650219166199
BS30321D,77969.0,M3353,1.0,2,2019-01-04 09:28:48,113.846609821,22.6238316016,15.751775132884728,0.4235047840505677
BS31509D,2080.0,M3353,1.0,1,2019-01-04 09:29:01,113.848462767,22.6216737173,16.017296869929428,0.4306436445890912
BS30321D,2082.0,M3353,1.0,2,2019-01-04 09:29:02,113.847454522,22.6228412151,15.851566862488768,0.4261878006972288
BS31509D,2080.0,M3353,1.0,1,2019-01-04 09:29:06,113.848769892,22.6213305352,16.06670546584602,0.4319720521220438
BS30321D,2080.0,M3353,1.0,2,2019-01-04 09:29:16,113.848295084,22.6218610875,15.990320889011391,0.4299183639856757
BS31509D,2080.0,M3353,1.0,1,2019-01-04 09:29:16,113.849110017,22.6209527162,16.121233135713783,0.4334380919085004
BS30321D,2080.0,M3353,1.0,2,2019-01-04 09:29:30,113.848827764,22.6212658681,16.076015672167305,0.4322223678410214
BS31509D,2080.0,M3353,1.0,1,2019-01-04 09:29:31,113.849540486,22.6204806137,16.189729247619503,0.4352796894958337
BS30321D,2080.0,M3353,1.0,2,2019-01-04 09:29:33,113.848933083,22.6211481842,16.115068457227988,0.4332723473616895
BS31509D,2080.0,M3353,1.0,1,2019-01-04 09:29:46,113.849684162,22.6203230417,16.21259096770358,0.4358943534143795
BS30321D,2080.0,M3353,1.0,2,2019-01-04 09:29:47,113.849472949,22.6205546827,16.17898276769738,0.4349907578915968
BS31509D,2080.0,M3353,1.0,1,2019-01-04 09:29:47,113.849722371,22.6202811369,16.21867081099572,0.436057817068398
BS30321D,2080.0,M3353,1.0,2,2019-01-04 09:29:50,113.849511493,22.6205124105,16.185115911976606,0.4351556546046093
BS31509D,67778.0,M3353,1.0,1,2019-01-04 09:30:01,113.850135057,22.6198283911,16.28434978430556,0.4378236726099856
BS30321D,2080.0,M3353,1.0,2,2019-01-04 09:30:02,113.849727789,22.6202751948,16.219532930376438,0.4360809961500619
BS30321D,67778.0,M3353,1.0,2,2019-01-04 09:30:16,113.850117401,22.6198477505,16.28154071641905,0.4377481475546427
BS31509D,40227.0,M3353,1.0,1,2019-01-04 09:30:16,113.850495283,22.6190839211,16.3778175535518,0.4403366622315602
BS30321D,40227.0,M3353,1.0,2,2019-01-04 09:30:30,113.850459584,22.6189634295,16.391655776067335,0.4407087189292115
BS31509D,40227.0,M3353,1.0,1,2019-01-04 09:30:31,113.84990244,22.6177826745,16.53487784668928,0.4445594107768492
BS30321D,40227.0,M3353,1.0,2,2019-01-04 09:30:44,113.8499002,22.617812,16.531622223618662,0.4444718795663132
BS31509D,40227.0,M3353,1.0,1,2019-01-04 09:30:46,113.850947488,22.6177487986,16.672708223590753,0.4482651406715964
BS30321D,40227.0,M3353,1.0,2,2019-01-04 09:30:57,113.850819393,22.6176754252,16.657216174011893,0.4478486189109665
BS31509D,40227.0,M3353,1.0,1,2019-01-04 09:31:01,113.852272168,22.6185370013,16.873104429117344,0.4536530255944146
BS30321D,40227.0,M3353,1.0,2,2019-01-04 09:31:11,113.852038191,22.618396141,16.80580473316288,0.451843595040625
BS31509D,66639.0,M3353,1.0,1,2019-01-04 09:31:16,113.853686944,22.6195586108,17.041729394575615,0.4581867037976319
BS30321D,66639.0,M3353,1.0,2,2019-01-04 09:31:26,113.853464906,22.6193889856,16.98930547279096,0.4567772257237515
BS31509D,73375.0,M3353,1.0,1,2019-01-04 09:31:31,113.854529962,22.6202866779,17.137384569278513,0.4607585043575127
BS30321D,79118.0,M3353,1.0,2,2019-01-04 09:31:39,113.8545404,22.6202969,17.138944353846366,0.4608004409786872
BS30321D,79118.0,M3353,1.0,2,2019-01-04 09:31:43,113.8545404,22.6202969,17.138944353846366,0.4608004409786872
BS09075D,25747.0,M3353,1.0,2,2019-01-04 09:32:33,113.8344914,22.6913997,5.464804187829739,0.1469276127878309
BS09218D,25734.0,M3353,1.0,2,2019-01-04 09:32:35,113.835442959,22.6908768958,5.351172533146986,0.1438724936681286
BS09053D,11048.0,M3353,1.0,2,2019-01-04 09:32:38,113.832951786,22.6922671108,5.6499635071692,0.1519058363144035
BS09075D,25747.0,M3353,1.0,2,2019-01-04 09:32:39,113.8344914,22.6913997,5.464804187829739,0.1469276127878309
BS09298D,25734.0,M3353,1.0,2,2019-01-04 09:32:45,113.835437678,22.6908797974,5.351803178295461,0.1438894492959968
BS09218D,25734.0,M3353,1.0,2,2019-01-04 09:32:47,113.835296194,22.6909575312,5.368698686000799,0.1443437046597136
BS09053D,11048.0,M3353,1.0,2,2019-01-04 09:32:48,113.832534856,22.6925778379,5.704919795980247,0.15338340001937
BS09298D,25734.0,M3353,1.0,2,2019-01-04 09:32:48,113.835407797,22.6908962146,5.355371462825459,0.1439853867733007
BS09075D,25747.0,M3353,1.0,2,2019-01-04 09:32:53,113.8344914,22.6913997,5.464804187829739,0.1469276127878309
BS09053D,11048.0,M3353,1.0,2,2019-01-04 09:32:57,113.832415035,22.6926700271,5.720913244506682,0.1538134024735233
BS09075D,25747.0,M3353,1.0,2,2019-01-04 09:32:59,113.8344914,22.6913997,5.464804187829739,0.1469276127878309
BS09218D,25734.0,M3353,1.0,2,2019-01-04 09:33:00,113.835210801,22.6910044476,5.37889600492762,0.1446178714322561
BS09298D,25734.0,M3353,1.0,2,2019-01-04 09:33:02,113.835340564,22.6909331534,5.363400173831074,0.1442012480011276
BS09218D,25734.0,M3353,1.0,2,2019-01-04 09:33:03,113.835199081,22.6910108872,5.380295588304122,0.144655500858186
BS09298D,25734.0,M3353,1.0,2,2019-01-04 09:33:04,113.835285858,22.6909632103,5.369932991507585,0.1443768903979999
BS09053D,11048.0,M3353,1.0,2,2019-01-04 09:33:11,113.832217608,22.6928219256,5.747265800644599,0.1545219215770667
BS09218D,25734.0,M3353,1.0,2,2019-01-04 09:33:12,113.835137129,22.6910449244,5.387693649807983,0.1448544063411016
BS09298D,25734.0,M3353,1.0,2,2019-01-04 09:33:12,113.835236206,22.6909904897,5.375862236020288,0.1445363050287797
BS09075D,25747.0,M3353,1.0,2,2019-01-04 09:33:13,113.833290296,22.6920591963,5.64278805462862,0.1517129159322227
BS09053D,11048.0,M3353,1.0,2,2019-01-04 09:33:14,113.832203231,22.6928329873,5.749184865199094,0.1545735178583032
BS09075D,11048.0,M3353,1.0,2,2019-01-04 09:33:18,113.832807679,22.6923679308,5.66850954540342,0.1524044681099387
BS09053D,11048.0,M3353,1.0,2,2019-01-04 09:33:24,113.831937416,22.6930375027,5.902204990767761,0.1586876418022806
BS09218D,25734.0,M3353,1.0,2,2019-01-04 09:33:26,113.834972783,22.6911352192,5.407319249042897,0.1453820633890043
BS09298D,25734.0,M3353,1.0,2,2019-01-04 09:33:26,113.835065421,22.6910843225,5.396256779314193,0.1450846360315162
BS09075D,11048.0,M3353,1.0,2,2019-01-04 09:33:30,113.832302588,22.6927565424,5.735922604337415,0.1542169465592043
BS09218D,25734.0,M3353,1.0,2,2019-01-04 09:33:31,113.83489383,22.6911785975,5.416747526282458,0.1456355535818635
BS09298D,25734.0,M3353,1.0,2,2019-01-04 09:33:32,113.834986467,22.6911277009,5.4056851531753125,0.1453381288221583
BS09053D,33529.0,M3353,1.0,2,2019-01-04 09:33:38,113.830974642,22.6937853478,5.913700493005119,0.1589967117421137
BS09298D,25734.0,M3353,1.0,2,2019-01-04 09:33:41,113.834968307,22.6911376785,5.407853762183488,0.1453964343960984
BS09218D,25734.0,M3353,1.0,2,2019-01-04 09:33:43,113.834858668,22.6911979163,5.420946449197513,0.1457484465051933
BS09075D,11048.0,M3353,1.0,2,2019-01-04 09:33:44,113.831969674,22.6930126833,5.906510895166556,0.1588034110471543
BS09298D,25734.0,M3353,1.0,2,2019-01-04 09:33:44,113.834956586,22.6911441181,5.4092534329814965,0.145434066172457
BS09053D,33529.0,M3353,1.0,2,2019-01-04 09:33:45,113.830741948,22.6939634724,5.944697112575148,0.159830091889212
BS09075D,11048.0,M3353,1.0,2,2019-01-04 09:33:45,113.831919534,22.6930512604,5.899818096491315,0.158623467375172
BS09075D,33554.0,M3353,1.0,2,2019-01-04 09:33:59,113.831229142,22.6935864248,5.879508126986745,0.1580774102370689
BS09053D,33529.0,M3353,1.0,2,2019-01-04 09:34:00,113.8307005,22.6939952,5.950218228971881,0.1599785335211926
BS09053D,33529.0,M3353,1.0,2,2019-01-04 09:34:03,113.8307005,22.6939952,5.950218228971881,0.1599785335211926
BS09075D,33529.0,M3353,1.0,2,2019-01-04 09:34:03,113.831144813,22.6936526177,5.890857755475364,0.1583825581916059
BS09053D,33529.0,M3353,1.0,2,2019-01-04 09:34:16,113.8307005,22.6939952,5.950218228971881,0.1599785335211926
BS09075D,33529.0,M3353,1.0,2,2019-01-04 09:34:17,113.831078215,22.6937048441,5.902135558191104,0.15868577502675
BS09075D,33529.0,M3353,1.0,2,2019-01-04 09:34:18,113.831068749,22.6937122682,5.901091089436023,0.1586576932701964
BS09053D,33529.0,M3353,1.0,2,2019-01-04 09:34:31,113.8307005,22.6939952,5.950218228971881,0.1599785335211926
BS09053D,33529.0,M3353,1.0,2,2019-01-04 09:34:44,113.8307005,22.6939952,5.950218228971881,0.1599785335211926
BS09075D,33529.0,M3353,1.0,2,2019-01-04 09:34:45,113.83098438,22.6937778933,5.912403351344694,0.1589618365807972
BS09053D,33529.0,M3353,1.0,2,2019-01-04 09:34:50,113.8307005,22.6939952,5.950218228971881,0.1599785335211926
BS09075D,33529.0,M3353,1.0,2,2019-01-04 09:34:56,113.830803149,22.6939166234,5.936544717433144,0.1596109052696099
BS09053D,33529.0,M3353,1.0,2,2019-01-04 09:35:04,113.8307005,22.6939952,5.950218228971881,0.1599785335211926
BS09075D,33529.0,M3353,1.0,2,2019-01-04 09:35:10,113.830770811,22.6939413779,5.94085235895509,0.1597267212190587
BS09053D,33529.0,M3353,1.0,2,2019-01-04 09:35:17,113.8307005,22.6939952,5.950218228971881,0.1599785335211926
BS09075D,33640.0,M3353,1.0,2,2019-01-04 09:35:19,113.83061498,22.694060691,5.961611907345176,0.160284865808082
BS09053D,33640.0,M3353,1.0,2,2019-01-04 09:35:54,113.830352132,22.6942619783,5.996630588733119,0.1612263837623331
BS09075D,33640.0,M3353,1.0,2,2019-01-04 09:35:55,113.830188023,22.6943876519,6.018494466552774,0.1618142195317245
BS09075D,33640.0,M3353,1.0,2,2019-01-04 09:36:01,113.830063705,22.6944838843,6.035129992454293,0.1622614849824471
BS09053D,33640.0,M3353,1.0,2,2019-01-04 09:36:02,113.830325941,22.6942820352,6.00011995855092,0.1613201995258704
BS09075D,33640.0,M3353,1.0,2,2019-01-04 09:36:13,113.829933785,22.6945846906,6.052531944630458,0.1627293566944448
BS09053D,33640.0,M3353,1.0,2,2019-01-04 09:36:16,113.830264862,22.6943288093,6.008257392983018,0.1615389839093966
BS09075D,33640.0,M3353,1.0,2,2019-01-04 09:36:20,113.829899032,22.6946116563,6.057186919335724,0.1628545111002615
BS09053D,33640.0,M3353,1.0,2,2019-01-04 09:36:24,113.830162709,22.6944070653,6.02186897462758,0.1619049471037881
BS09075D,33640.0,M3353,1.0,2,2019-01-04 09:36:26,113.829849068,22.6946504242,6.06387929615399,0.1630344434301287
BS09053D,33640.0,M3353,1.0,2,2019-01-04 09:36:32,113.830130584,22.6944319919,6.026171864503524,0.1620206352997109
BS09075D,76268.0,M3353,1.0,2,2019-01-04 09:36:40,113.8294381,22.6949693,6.118925863149551,0.1645144343690237
BS09053D,33640.0,M3353,1.0,2,2019-01-04 09:36:46,113.830028028,22.6945115667,6.039908715891165,0.1623899665167565
BS09053D,33640.0,M3353,1.0,2,2019-01-04 09:36:56,113.829975436,22.6945523737,6.046953099784707,0.1625793629660098
BS09075D,76268.0,M3353,1.0,2,2019-01-04 09:37:08,113.8294381,22.6949693,6.118925863149551,0.1645144343690237
BS09053D,33640.0,M3353,1.0,2,2019-01-04 09:37:09,113.82993592,22.6945830345,6.052246008429798,0.1627216689673225
BS09075D,76268.0,M3353,1.0,2,2019-01-04 09:37:21,113.8294381,22.6949693,6.118925863149551,0.1645144343690237
BS09075D,76268.0,M3353,1.0,2,2019-01-04 09:37:34,113.8294381,22.6949693,6.118925863149551,0.1645144343690237
BS09053D,33640.0,M3353,1.0,2,2019-01-04 09:37:38,113.829833364,22.6946626093,6.065982759570936,0.1630909974891244
BS09053D,33640.0,M3353,1.0,2,2019-01-04 09:37:39,113.829823839,22.6946699996,6.067258554001167,0.1631252987053435
BS09075D,76268.0,M3353,1.0,2,2019-01-04 09:37:48,113.8294381,22.6949693,6.118925863149551,0.1645144343690237
BS09053D,33640.0,M3353,1.0,2,2019-01-04 09:37:53,113.829601812,22.6948422737,6.096997692731507,0.1639248700183918
BS09075D,76268.0,M3353,1.0,2,2019-01-04 09:37:54,113.829433815,22.6949726413,6.119500985917086,0.1645298972131421
BS09053D,33640.0,M3353,1.0,2,2019-01-04 09:37:56,113.829542323,22.6948884318,6.104965849190235,0.1641391031668381
BS09053D,33640.0,M3353,1.0,2,2019-01-04 09:38:03,113.829502807,22.6949190927,6.110258757434608,0.164281409157377
BS09075D,76268.0,M3353,1.0,2,2019-01-04 09:38:08,113.829278929,22.6950934245,6.1402900093461446,0.1650888342728494
BS09053D,76268.0,M3353,1.0,2,2019-01-04 09:38:17,113.829338276,22.6950471443,6.132324354364162,0.1648746683795131
BS09075D,76268.0,M3353,1.0,2,2019-01-04 09:38:22,113.829101245,22.6952319848,6.164138912301449,0.1657300397503732
BS09075D,76268.0,M3353,1.0,2,2019-01-04 09:38:26,113.829060875,22.6952634661,6.169557424960589,0.1658757227616037
BS09053D,76268.0,M3353,1.0,2,2019-01-04 09:38:31,113.829194369,22.6951593655,6.151639729416434,0.1653939846896661
BS09075D,76268.0,M3353,1.0,2,2019-01-04 09:38:34,113.828998711,22.6953113417,6.177858350397748,0.1660989027908402
BS09053D,76268.0,M3353,1.0,2,2019-01-04 09:38:39,113.829127622,22.6952114158,6.160598578167117,0.1656348537519458
BS09053D,76268.0,M3353,1.0,2,2019-01-04 09:38:42,113.829110734,22.6952245854,6.1628653082384925,0.1656957974247243
BS09075D,76268.0,M3353,1.0,2,2019-01-04 09:38:48,113.828816359,22.6954458762,6.201797076200668,0.1667425232600307
BS09053D,76268.0,M3353,1.0,2,2019-01-04 09:38:57,113.828809738,22.6954507604,6.20266619902597,0.166765890637443
BS09075D,76268.0,M3353,1.0,2,2019-01-04 09:39:02,113.82854777,22.6956440332,6.23705571105169,0.1676904926420546
BS09053D,76268.0,M3353,1.0,2,2019-01-04 09:39:11,113.828444636,22.6957197867,6.250571509323254,0.1680538805891261
BS09075D,76268.0,M3353,1.0,2,2019-01-04 09:39:11,113.828428359,22.6957314998,6.25268803026564,0.1681107857148711
BS09053D,76268.0,M3353,1.0,2,2019-01-04 09:39:16,113.828373068,22.6957712881,6.259877616501896,0.168304086097889
BS09075D,76268.0,M3353,1.0,2,2019-01-04 09:39:25,113.828277695,22.6958399195,6.272279095064824,0.1686375142643269
BS09053D,76268.0,M3353,1.0,2,2019-01-04 09:39:29,113.828329451,22.6958026755,6.265549204217403,0.1684565733261802
BS09075D,76268.0,M3353,1.0,2,2019-01-04 09:39:37,113.828140196,22.6959388655,6.290158286867608,0.1691182171184217
BS09053D,66058.0,M3353,1.0,2,2019-01-04 09:39:43,113.8279884,22.6960481,6.309896542405796,0.1696489030619877
BS09075D,76268.0,M3353,1.0,2,2019-01-04 09:39:51,113.828103813,22.6959650471,6.294889214918794,0.1692454136182304
BS09053D,66058.0,M3353,1.0,2,2019-01-04 09:39:57,113.8279884,22.6960481,6.309896542405796,0.1696489030619877
BS09075D,66058.0,M3353,1.0,2,2019-01-04 09:40:05,113.827882302,22.6961166192,6.323178876025944,0.1700060140405304
BS09053D,66058.0,M3353,1.0,2,2019-01-04 09:40:11,113.827949039,22.69607352,6.314824134742909,0.1697813871097229
BS09053D,66058.0,M3353,1.0,2,2019-01-04 09:40:15,113.82787016,22.6961244609,6.324698941169959,0.1700468827588258
BS09075D,66058.0,M3353,1.0,2,2019-01-04 09:40:19,113.827356255,22.6964563471,6.389034341109501,0.1717766147686055
BS09075D,66058.0,M3353,1.0,2,2019-01-04 09:40:20,113.827345487,22.6964633011,6.390382371431647,0.1718128581307446
BS09053D,66058.0,M3353,1.0,2,2019-01-04 09:40:29,113.827792655,22.6961745142,6.334401718927007,0.1703077532171725
BS09075D,66058.0,M3353,1.0,2,2019-01-04 09:40:34,113.827322381,22.6964782231,6.393274983662206,0.1718906293728878
BS09053D,66058.0,M3353,1.0,2,2019-01-04 09:40:37,113.827621185,22.6962852517,6.355867935543695,0.1708848974028874
BS09075D,66058.0,M3353,1.0,2,2019-01-04 09:40:48,113.827274431,22.6965091897,6.39927779751133,0.1720520220007931
BS09075D,66058.0,M3353,1.0,2,2019-01-04 09:40:50,113.827263663,22.6965161437,6.400625827489427,0.1720882653536819
BS09053D,66058.0,M3353,1.0,2,2019-01-04 09:40:51,113.827610418,22.6962922057,6.357215882650144,0.1709211385276757
BS09075D,66058.0,M3353,1.0,2,2019-01-04 09:41:18,113.827247512,22.6965265747,6.402647788038393,0.1721426281133344
BS09075D,66058.0,M3353,1.0,2,2019-01-04 09:41:45,113.827221967,22.696543072,6.405845746029605,0.1722286089311816
BS09053D,66058.0,M3353,1.0,2,2019-01-04 09:41:46,113.827567851,22.6963196953,6.362544770634052,0.1710644118753344
BS09075D,66058.0,M3353,1.0,2,2019-01-04 09:41:47,113.827203375,22.6965550783,6.408173221612763,0.172291185817654
BS09053D,66058.0,M3353,1.0,2,2019-01-04 09:42:00,113.827539362,22.6963380943,6.3661113161096,0.171160302596138
BS09053D,66058.0,M3353,1.0,2,2019-01-04 09:42:55,113.827546316,22.6963336033,6.365240748688504,0.1711368963790886
BS09075D,66058.0,M3353,1.0,2,2019-01-04 09:42:55,113.827192608,22.6965620323,6.4095211669561865,0.1723274268950413
BS09075D,66058.0,M3353,1.0,2,2019-01-04 09:43:09,113.82718184,22.6965689863,6.41086919658953,0.1723636702386611
BS09075D,66058.0,M3353,1.0,2,2019-01-04 09:43:43,113.827129375,22.6966028686,6.417437227536718,0.1725402593852468
BS34147D,78503.0,M3353,1.0,1,2019-01-04 09:44:33,113.855287491,22.6209694456,17.24596671714879,0.4636778616170984
BS30452D,78503.0,M3353,1.0,2,2019-01-04 09:44:35,113.8553281,22.6210030156,17.25155682887048,0.4638281582685895
BS49143D,73375.0,M3353,1.0,2,2019-01-04 09:44:36,113.854388275,22.6201479164,17.116211396317482,0.4601892389911092
BS34147D,20025.0,M3353,1.0,1,2019-01-04 09:44:48,113.856609296,22.6222717959,17.4488429862385,0.4691324259315959
BS30452D,20025.0,M3353,1.0,2,2019-01-04 09:44:49,113.856284122,22.6218062305,17.38737179880691,0.4674797016044058
BS49143D,78503.0,M3353,1.0,2,2019-01-04 09:44:51,113.855157207,22.6208617422,17.22803204243926,0.4631956670405633
BS34147D,20025.0,M3353,1.0,1,2019-01-04 09:44:57,113.857227506,22.6233896685,17.58818748926628,0.472878864867244
BS30452D,20025.0,M3353,1.0,2,2019-01-04 09:45:03,113.857003772,22.6229406528,17.533364201923337,0.4714048770613464
BS34147D,20025.0,M3353,1.0,1,2019-01-04 09:45:03,113.857460905,22.6239271942,17.65236672417669,0.4746043981986919
BS30452D,20025.0,M3353,1.0,2,2019-01-04 09:45:06,113.857182417,22.6232853395,17.575739012814264,0.4725441731079284
BS49143D,20025.0,M3353,1.0,2,2019-01-04 09:45:06,113.856355032,22.6219018399,17.400226458553504,0.4678253140737369
BS49143D,20025.0,M3353,1.0,2,2019-01-04 09:45:09,113.856554535,22.6221880237,17.43799155669201,0.4688406726347162
BS34147D,20025.0,M3353,1.0,1,2019-01-04 09:45:18,113.857585538,22.6242117176,17.68638007261575,0.4755188866080299
BS49143D,20025.0,M3353,1.0,2,2019-01-04 09:45:21,113.857197451,22.6233201243,17.57988954114078,0.4726557648864923
BS34147D,20025.0,M3353,1.0,1,2019-01-04 09:45:22,113.857690004,22.6244502017,17.716252049740852,0.4763220294357305
BS49143D,20025.0,M3353,1.0,2,2019-01-04 09:45:22,113.857238689,22.6234155454,17.591275086750528,0.4729618785145804
BS30452D,20025.0,M3353,1.0,2,2019-01-04 09:45:30,113.857542933,22.6241144552,17.67475283848431,0.4752062749031014
BS34147D,20025.0,M3353,1.0,1,2019-01-04 09:45:33,113.857980988,22.6251350472,17.7964252567713,0.4784775792987543
BS49143D,20025.0,M3353,1.0,2,2019-01-04 09:45:36,113.857487201,22.6239872257,17.659543179585935,0.4747973455441626
BS30452D,20025.0,M3353,1.0,2,2019-01-04 09:45:44,113.857896948,22.6249227835,17.77138183868719,0.4778042578935079
BS49143D,20025.0,M3353,1.0,2,2019-01-04 09:45:46,113.857689998,22.6244501878,17.716253707977835,0.4763220740193593
BS30452D,20025.0,M3353,1.0,2,2019-01-04 09:45:47,113.857919016,22.624978387,17.777944061950187,0.4779806908937534
BS49143D,20025.0,M3353,1.0,2,2019-01-04 09:45:51,113.857854019,22.6248247482,17.759662779742158,0.4774891773717304
BS30452D,20025.0,M3353,1.0,2,2019-01-04 09:46:01,113.857922824,22.6249880111,17.77907944760132,0.4780112170567376
BS34147D,20025.0,M3353,1.0,1,2019-01-04 09:46:03,113.858029961,22.6252588477,17.81102998303821,0.4788702443407325
BS49143D,20025.0,M3353,1.0,2,2019-01-04 09:46:06,113.857895373,22.6249191851,17.77095171662557,0.4777926935619145
BS30452D,63457.0,M3353,1.0,2,2019-01-04 09:46:15,113.858146182,22.6255541534,17.845846177237227,0.4798063181915415
BS34147D,63457.0,M3353,1.0,1,2019-01-04 09:46:18,113.858360902,22.6261060244,17.91082401500543,0.4815533228891039
BS49143D,63457.0,M3353,1.0,2,2019-01-04 09:46:21,113.858250319,22.625821806,17.877359851388064,0.4806535999520606
BS30452D,67861.0,M3353,1.0,2,2019-01-04 09:46:29,113.858489688,22.6264993388,17.95635419260311,0.4827774546373432
BS34147D,67861.0,M3353,1.0,1,2019-01-04 09:46:33,113.858663182,22.6270440999,18.019262234339763,0.4844688104627006
BS49143D,67861.0,M3353,1.0,2,2019-01-04 09:46:36,113.858552817,22.6266964972,17.97913140551105,0.4833898464822288
BS30452D,67861.0,M3353,1.0,2,2019-01-04 09:46:43,113.858616655,22.6268958714,18.02146425939635,0.4845280144659444
BS34147D,67861.0,M3353,1.0,1,2019-01-04 09:46:48,113.858694177,22.627145469,18.03093119160397,0.4847825439425517
BS49143D,67861.0,M3353,1.0,2,2019-01-04 09:46:51,113.858628511,22.6269328997,18.01718648124981,0.4844130014280561
BS30452D,67861.0,M3353,1.0,2,2019-01-04 09:46:56,113.858730205,22.627263302,18.0444953363824,0.4851472317416575
BS34147D,63480.0,M3353,1.0,1,2019-01-04 09:47:03,113.858906166,22.6278387613,18.1107386674217,0.4869282606968017
BS49143D,63480.0,M3353,1.0,2,2019-01-04 09:47:06,113.858849801,22.6276544327,18.089519841243536,0.4863577678905891
BS30452D,63480.0,M3353,1.0,2,2019-01-04 09:47:10,113.85898481,22.6280959445,18.14034411620608,0.4877242376002539
BS34147D,63480.0,M3353,1.0,1,2019-01-04 09:47:18,113.859285911,22.6290996946,18.25572801589844,0.4908264678638202
BS49143D,63480.0,M3353,1.0,2,2019-01-04 09:47:21,113.859172752,22.6287205479,18.212160029187984,0.4896550918984022
BS30452D,63480.0,M3353,1.0,2,2019-01-04 09:47:24,113.859389172,22.6294430963,18.29521002377264,0.4918879875387512
BS30452D,63480.0,M3353,1.0,2,2019-01-04 09:47:32,113.859575583,22.6300870444,18.369079142982944,0.493874044672963
BS34147D,63480.0,M3353,1.0,1,2019-01-04 09:47:32,113.859667653,22.6307118414,18.439025381064745,0.4957546305881428
BS34147D,63480.0,M3353,1.0,1,2019-01-04 09:47:33,113.859675026,22.6308262988,18.45172290706505,0.4960960183340554
BS49143D,63480.0,M3353,1.0,2,2019-01-04 09:47:36,113.859545213,22.629959121,18.35457310073688,0.4934840328655939
BS30452D,63480.0,M3353,1.0,2,2019-01-04 09:47:45,113.859686736,22.6311344505,18.485890671402508,0.4970146583943121
BS49143D,63480.0,M3353,1.0,2,2019-01-04 09:47:45,113.85966603,22.6306866589,18.43623171266057,0.4956795195657826
BS34147D,63480.0,M3353,1.0,1,2019-01-04 09:47:48,113.859681645,22.6314006524,18.51537421904741,0.4978073578439336
BS30452D,63480.0,M3353,1.0,2,2019-01-04 09:47:50,113.859684512,22.6312507562,18.498772264174708,0.4973609949893431
BS49143D,63480.0,M3353,1.0,2,2019-01-04 09:47:51,113.859687513,22.6310938274,18.481391405505303,0.4968936904007935
BS30452D,63480.0,M3353,1.0,2,2019-01-04 09:48:03,113.859679116,22.6315329406,18.544105189226244,0.4985798233735962
BS34147D,63480.0,M3353,1.0,1,2019-01-04 09:48:03,113.859666281,22.6316838059,18.54680724103068,0.4986524711771788
BS34147D,63480.0,M3353,1.0,1,2019-01-04 09:48:04,113.859663537,22.6317044215,18.54910755050638,0.4987143176712748
BS49143D,63480.0,M3353,1.0,2,2019-01-04 09:48:06,113.859683174,22.6313207189,18.506521076636297,0.4975693308194645
BS30452D,63480.0,M3353,1.0,2,2019-01-04 09:48:07,113.859677557,22.6315990777,18.537353202858373,0.4983982883716987
BS34147D,63480.0,M3353,1.0,1,2019-01-04 09:48:33,113.859645111,22.6318428662,18.564555332160847,0.499129649237301
BS30452D,63480.0,M3353,1.0,2,2019-01-04 09:48:34,113.859648856,22.6318147265,18.56141548206096,0.4990452307176557
BS49143D,63480.0,M3353,1.0,2,2019-01-04 09:48:36,113.859681171,22.6314254389,18.51811948101389,0.4978811674029496
BS49143D,63480.0,M3353,1.0,2,2019-01-04 09:48:43,113.859661827,22.6317172706,18.55054126285381,0.4987528646942589
BS30452D,63480.0,M3353,1.0,2,2019-01-04 09:48:45,113.859588898,22.6321440876,18.598431510266387,0.5000404496627778
BS34147D,2865.0,M3353,1.0,1,2019-01-04 09:48:48,113.859618275,22.6323784488,18.62519312599593,0.5007599668089262
BS49143D,63480.0,M3353,1.0,2,2019-01-04 09:48:51,113.859639877,22.631882196,18.56894377942137,0.4992476377429587
BS30452D,67951.0,M3353,1.0,2,2019-01-04 09:48:58,113.859759954,22.6328409875,18.678458616406225,0.5021920714335323
BS34147D,67951.0,M3353,1.0,1,2019-01-04 09:49:03,113.859941653,22.6334110328,18.744283754288645,0.503961856779553
BS49143D,2865.0,M3353,1.0,2,2019-01-04 09:49:06,113.859652449,22.6324946057,18.63852730520581,0.5011184717164133
BS30452D,67951.0,M3353,1.0,2,2019-01-04 09:49:13,113.860050643,22.6338412888,18.7933106777167,0.5052800026040014
BS34147D,67951.0,M3353,1.0,1,2019-01-04 09:49:16,113.860208365,22.634463919,18.880608714604147,0.507627111799515
BS30452D,67951.0,M3353,1.0,2,2019-01-04 09:49:18,113.860200616,22.6344333305,18.88408845334812,0.5077206686204375
BS34147D,67951.0,M3353,1.0,1,2019-01-04 09:49:18,113.86025986,22.6346720696,18.88779125659345,0.5078202227897655
BS49143D,67951.0,M3353,1.0,2,2019-01-04 09:49:21,113.860010217,22.6336816995,18.775155909495627,0.5047918905575755
BS30452D,67951.0,M3353,1.0,2,2019-01-04 09:49:29,113.860324729,22.6350987155,18.935670564349586,0.5091075136329049
BS49143D,67951.0,M3353,1.0,2,2019-01-04 09:49:29,113.860212439,22.6344800025,18.878779070776886,0.5075779196984714
BS34147D,67951.0,M3353,1.0,1,2019-01-04 09:49:33,113.860328158,22.6353043977,18.95844027221637,0.5097197036960354
BS49143D,67951.0,M3353,1.0,2,2019-01-04 09:49:36,113.860315588,22.6349500039,18.91917561313007,0.5086640276959096
BS30452D,67951.0,M3353,1.0,2,2019-01-04 09:49:42,113.860325639,22.6354010904,18.96913490005065,0.5100072411966186
BS34147D,67951.0,M3353,1.0,1,2019-01-04 09:49:42,113.860322428,22.6355243884,18.98277925561176,0.5103740855558522
BS30452D,67951.0,M3353,1.0,2,2019-01-04 09:49:46,113.860319573,22.6356340264,18.99491570551172,0.5107003881186213
BS34147D,67951.0,M3353,1.0,1,2019-01-04 09:49:48,113.860308464,22.6360605858,19.0422330278202,0.5119725693297579
BS49143D,67951.0,M3353,1.0,2,2019-01-04 09:49:51,113.860328837,22.6352783086,18.955556056411424,0.5096421582015546
BS34147D,67951.0,M3353,1.0,1,2019-01-04 09:49:52,113.860300025,22.6363846153,19.078126201051724,0.5129375990137185
BS49143D,67951.0,M3353,1.0,2,2019-01-04 09:49:57,113.860323346,22.6354891661,18.978880938791647,0.5102692747768045
BS30452D,63404.0,M3353,1.0,2,2019-01-04 09:50:00,113.860287425,22.6368684345,19.13171949042693,0.5143785168945243
BS34147D,63404.0,M3353,1.0,1,2019-01-04 09:50:03,113.86026874,22.6373573756,19.185902157000974,0.5158352808664033
BS49143D,67951.0,M3353,1.0,2,2019-01-04 09:50:06,113.860301374,22.6363328342,19.072390339476097,0.5127833837079872
BS30452D,63404.0,M3353,1.0,2,2019-01-04 09:50:13,113.860212732,22.6382019312,19.279615592708637,0.5183548755163517
BS34147D,63404.0,M3353,1.0,1,2019-01-04 09:50:18,113.860134157,22.6388062008,19.34705261856728,0.5201679983442453
BS49143D,63404.0,M3353,1.0,2,2019-01-04 09:50:21,113.860229287,22.6380074921,19.25801646150451,0.517774157767456
BS30452D,63404.0,M3353,1.0,2,2019-01-04 09:50:27,113.860017538,22.6395395105,19.42913917784585,0.522374990906509
BS34147D,63404.0,M3353,1.0,1,2019-01-04 09:50:33,113.859823,22.6407334,19.562860525647107,0.5259702447776292
BS49143D,63404.0,M3353,1.0,2,2019-01-04 09:50:36,113.860019442,22.6395283927,19.42789254441882,0.5223414737177571
BS30452D,63404.0,M3353,1.0,2,2019-01-04 09:50:41,113.859806634,22.6410033266,19.592799235208968,0.5267751817844609
BS34147D,63404.0,M3353,1.0,1,2019-01-04 09:50:48,113.859853306,22.6421399735,19.718817329564597,0.5301633247325611
BS34147D,63404.0,M3353,1.0,1,2019-01-04 09:50:49,113.85985682,22.6422050456,19.72603239854853,0.530357310248871
BS49143D,63404.0,M3353,1.0,2,2019-01-04 09:50:51,113.859800555,22.641103585,19.60391932300986,0.527074158270794
BS30452D,63404.0,M3353,1.0,2,2019-01-04 09:50:55,113.859861009,22.6422826087,19.73463244798935,0.5305885325746428
BS30452D,63404.0,M3353,1.0,2,2019-01-04 09:50:58,113.859872783,22.6425006466,19.758808068432145,0.5312385222315887
BS34147D,13750.0,M3353,1.0,1,2019-01-04 09:51:03,113.859916608,22.6431629861,19.832295781924863,0.5332143248297436
BS49143D,63404.0,M3353,1.0,2,2019-01-04 09:51:03,113.859855316,22.6421771879,19.7229435923383,0.5302742641035317
BS49143D,63404.0,M3353,1.0,2,2019-01-04 09:51:06,113.859866987,22.642393324,19.74690834304617,0.5309185842825428
BS30452D,13750.0,M3353,1.0,2,2019-01-04 09:51:08,113.859908497,22.6430520707,19.81998485201932,0.5328833311692116
BS34147D,13750.0,M3353,1.0,1,2019-01-04 09:51:16,113.859926776,22.6433020369,19.847729565700387,0.5336292800465237
BS34147D,13750.0,M3353,1.0,1,2019-01-04 09:51:18,113.859930759,22.6433565008,19.853774726277297,0.5337918112154285
BS49143D,13750.0,M3353,1.0,2,2019-01-04 09:51:21,113.859911075,22.6430873303,19.823898448414237,0.5329885527573887
BS30452D,13750.0,M3353,1.0,2,2019-01-04 09:51:22,113.859923065,22.643251277,19.842095534365477,0.5334778025651796
BS30452D,13750.0,M3353,1.0,2,2019-01-04 09:51:25,113.859925562,22.6432854267,19.845885939873117,0.5335797120231571
BS34147D,13750.0,M3353,1.0,1,2019-01-04 09:51:33,113.859937459,22.6434481215,19.863944062813943,0.5340652256488849
BS49143D,13750.0,M3353,1.0,2,2019-01-04 09:51:36,113.859916209,22.6431575268,19.8316898346446,0.5331980332327706
BS34147D,13750.0,M3353,1.0,1,2019-01-04 09:52:18,113.859957935,22.6437281202,19.895022206684647,0.5349007976715694
BS49143D,13750.0,M3353,1.0,2,2019-01-04 09:52:19,113.859924117,22.6432656674,19.84369277827239,0.533520746324227
BS49143D,13750.0,M3353,1.0,2,2019-01-04 09:52:21,113.859930956,22.6433591853,19.854072694129798,0.5337998224274958
BS30452D,13750.0,M3353,1.0,2,2019-01-04 09:52:33,113.859999956,22.6443027403,19.95880152482255,0.5366155787757317
BS34147D,13750.0,M3353,1.0,1,2019-01-04 09:52:33,113.860013854,22.6444927833,19.97989514003098,0.5371827051394799
BS49143D,13750.0,M3353,1.0,2,2019-01-04 09:52:36,113.859988898,22.6441515191,19.94201689963568,0.5361643046174119
BS30452D,13750.0,M3353,1.0,2,2019-01-04 09:52:44,113.860010778,22.6444507222,19.97522661388684,0.537057186387477
BS34147D,13750.0,M3353,1.0,1,2019-01-04 09:52:48,113.860035358,22.6447868497,20.012534710456137,0.5380602579300572
BS49143D,13750.0,M3353,1.0,2,2019-01-04 09:52:51,113.860001107,22.6443184729,19.960547750778453,0.5366625280903403
BS30452D,13750.0,M3353,1.0,2,2019-01-04 09:52:58,113.860028953,22.6446992557,20.002812315510216,0.5377988600407849
BS34147D,2892.0,M3353,1.0,1,2019-01-04 09:53:03,113.860049134,22.6454343258,20.084326910797007,0.539990474686288
BS49143D,13750.0,M3353,1.0,2,2019-01-04 09:53:06,113.860034722,22.644778151,20.011569208712874,0.5380342992934063
BS30452D,2892.0,M3353,1.0,2,2019-01-04 09:53:12,113.860045514,22.645568155,20.099151704293966,0.5403890564915487
BS34147D,2892.0,M3353,1.0,1,2019-01-04 09:53:18,113.860010677,22.6468559611,20.24180713396144,0.5442245135384713
BS49143D,2892.0,M3353,1.0,2,2019-01-04 09:53:21,113.860036394,22.6459053026,20.1364988887134,0.5413931789564148
BS30452D,2892.0,M3353,1.0,2,2019-01-04 09:53:26,113.860003585,22.647118108,20.27084619812181,0.5450052625329508
BS49143D,2892.0,M3353,1.0,2,2019-01-04 09:53:29,113.860011599,22.6468218602,20.2380296418995,0.5441229512734919
BS34147D,2892.0,M3353,1.0,1,2019-01-04 09:53:30,113.859982205,22.6479084601,20.358396672921025,0.5473591588151521
BS34147D,2892.0,M3353,1.0,1,2019-01-04 09:53:33,113.859975668,22.6481501038,20.38516451786867,0.5480788434410699
BS30452D,2892.0,M3353,1.0,2,2019-01-04 09:53:34,113.859986044,22.6477665448,20.342676144801736,0.5469364941433831
BS49143D,2892.0,M3353,1.0,2,2019-01-04 09:53:36,113.859994562,22.6474516499,20.30779397301902,0.545998646408545
BS49143D,2892.0,M3353,1.0,2,2019-01-04 09:53:42,113.859981265,22.6479431798,20.36224271569084,0.5474625641455951
BS34147D,29700.0,M3353,1.0,1,2019-01-04 09:53:48,113.859962545,22.6486352482,20.43890591428247,0.5495237433517655
BS49143D,2892.0,M3353,1.0,2,2019-01-04 09:53:51,113.85997576,22.6481467044,20.38478795254726,0.5480687190446905
BS30452D,29700.0,M3353,1.0,2,2019-01-04 09:53:59,113.859962157,22.6486496196,20.440497890196827,0.5495665454747095
BS30452D,29700.0,M3353,1.0,2,2019-01-04 09:54:01,113.859954485,22.6489336073,20.47195632621044,0.5504123420937013
BS34147D,29700.0,M3353,1.0,1,2019-01-04 09:54:03,113.859922686,22.6504420101,20.639031304600174,0.5549043470929016
BS49143D,2892.0,M3353,1.0,2,2019-01-04 09:54:03,113.859966818,22.6484772593,20.421404849477927,0.549053206881547
BS49143D,29700.0,M3353,1.0,2,2019-01-04 09:54:06,113.859959285,22.6487559414,20.452275573805515,0.5498832021887138
BS34147D,29700.0,M3353,1.0,1,2019-01-04 09:54:08,113.859914655,22.6510945063,20.71129289905636,0.5568471840555388
BS30452D,29700.0,M3353,1.0,2,2019-01-04 09:54:15,113.859919926,22.650667417,20.70970659446731,0.5568045344127679
BS30452D,29700.0,M3353,1.0,2,2019-01-04 09:54:16,113.85991829,22.6508010981,20.694901907166297,0.5564064931859565
BS34147D,29700.0,M3353,1.0,1,2019-01-04 09:54:18,113.859907423,22.6516836004,20.77653292324829,0.5586012379398642
BS49143D,29700.0,M3353,1.0,2,2019-01-04 09:54:21,113.859920021,22.6506596954,20.71056173368285,0.5568275258245775
BS49143D,29700.0,M3353,1.0,2,2019-01-04 09:54:24,113.859915341,22.6510392966,20.705178616603792,0.5566827944646606
BS30452D,29700.0,M3353,1.0,2,2019-01-04 09:54:26,113.859908238,22.6516171336,20.76917196835401,0.5584033301112793
BS34147D,29700.0,M3353,1.0,1,2019-01-04 09:54:29,113.859870047,22.6521265906,20.825841280433263,0.5599269504380013
BS34147D,2897.0,M3353,1.0,1,2019-01-04 09:54:33,113.859806467,22.6525267201,20.870649932104488,0.561131683123018
BS49143D,29700.0,M3353,1.0,2,2019-01-04 09:54:36,113.859909102,22.6515465723,20.76135756404293,0.5581932307680416
BS30452D,29700.0,M3353,1.0,2,2019-01-04 09:54:46,113.859855944,22.6522194771,20.836229090194536,0.5602062387780514
BS34147D,24190.0,M3353,1.0,1,2019-01-04 09:54:48,113.859131362,22.6541939845,21.06811679573676,0.5664408092839888
BS49143D,29700.0,M3353,1.0,2,2019-01-04 09:54:51,113.859906856,22.6517299307,20.781663833208547,0.5587391884182307
BS34147D,24190.0,M3353,1.0,1,2019-01-04 09:54:55,113.858866727,22.654928737,21.153951238371405,0.5687485680467581
BS49143D,29700.0,M3353,1.0,2,2019-01-04 09:55:01,113.859877124,22.6520799813,20.82062880147725,0.5597868068823696
BS34147D,24190.0,M3353,1.0,1,2019-01-04 09:55:03,113.858715562,22.6555329267,21.22269357964073,0.5705967857967447
BS49143D,29700.0,M3353,1.0,2,2019-01-04 09:55:06,113.859871007,22.6521202654,20.82513391717434,0.5599079321545578
BS30452D,29700.0,M3353,1.0,2,2019-01-04 09:55:14,113.859847957,22.6522720797,20.842111820531983,0.5603644028211623
BS34147D,33976.0,M3353,1.0,1,2019-01-04 09:55:18,113.85868341,22.6556935834,21.240788884350184,0.5710832990975414
BS49143D,29700.0,M3353,1.0,2,2019-01-04 09:55:21,113.85984456,22.6522944521,20.84461380397734,0.5604316715543547
BS34147D,33976.0,M3353,1.0,1,2019-01-04 09:55:23,113.858657082,22.6559961831,21.27445579393156,0.5719884730954958
BS30452D,24190.0,M3353,1.0,2,2019-01-04 09:55:28,113.85943107,22.6535040955,20.98572422587795,0.5642255892715738
BS34147D,33976.0,M3353,1.0,1,2019-01-04 09:55:33,113.858645036,22.6562076473,21.297905883373744,0.572618956008145
BS49143D,24190.0,M3353,1.0,2,2019-01-04 09:55:36,113.859309769,22.6537753932,21.018251752974894,0.5651001296470349
BS30452D,24190.0,M3353,1.0,2,2019-01-04 09:55:37,113.858978825,22.6545948019,21.115190512841146,0.5677064408860505
BS49143D,24190.0,M3353,1.0,2,2019-01-04 09:55:45,113.85886144,22.6549468987,21.156034568373247,0.568804580795486
BS30452D,33976.0,M3353,1.0,2,2019-01-04 09:55:49,113.858706749,22.6555769488,21.22765199172133,0.570730098469108
BS49143D,24190.0,M3353,1.0,2,2019-01-04 09:55:51,113.858739279,22.655414457,21.209349791578045,0.5702380225440808
BS30452D,33976.0,M3353,1.0,2,2019-01-04 09:55:55,113.858699556,22.655612895,21.23170071699769,0.5708389531543342
BS49143D,33976.0,M3353,1.0,2,2019-01-04 09:56:06,113.858707704,22.655572179,21.227114745089533,0.5707156539689254
BS30452D,33976.0,M3353,1.0,2,2019-01-04 09:56:09,113.858651154,22.6561002425,21.285995347909815,0.5722987274175879
BS49143D,33976.0,M3353,1.0,2,2019-01-04 09:56:14,113.858658051,22.6559791687,21.272569002012048,0.571937744501564
BS34147D,2978.0,M3353,1.0,1,2019-01-04 09:56:18,113.85868075,22.6571959942,21.407560503054743,0.5755671479189856
BS49143D,2978.0,M3353,1.0,2,2019-01-04 09:56:21,113.858640128,22.6564863771,21.32879907223322,0.573449555300364
BS30452D,2978.0,M3353,1.0,2,2019-01-04 09:56:23,113.858654208,22.656978215,21.38329000076843,0.5749146072533875
BS42639D,14888.0,M3353,1.0,1,2019-01-04 09:56:24,113.925382441,22.6767610184,29.43632918052118,0.7914299263206273
BS36216D,14888.0,M3353,1.0,1,2019-01-04 09:56:25,113.925704907,22.6775408726,29.52883120885166,0.7939169508751204
BS34147D,2978.0,M3353,1.0,1,2019-01-04 09:56:33,113.859203614,22.6588866678,21.603183453581348,0.5808266983327764
BS49143D,2978.0,M3353,1.0,2,2019-01-04 09:56:36,113.858853715,22.657980403,21.499087475071377,0.5780279569510917
BS30452D,2978.0,M3353,1.0,2,2019-01-04 09:56:37,113.859050304,22.6585362708,21.561297392570328,0.5797005428948304
BS42639D,14888.0,M3353,1.0,1,2019-01-04 09:56:39,113.925791051,22.6777533386,29.6471483022349,0.7970980434605618
BS36216D,14888.0,M3353,1.0,1,2019-01-04 09:56:40,113.925918516,22.6780677219,29.60995099057901,0.7960979504991531
BS34147D,2878.0,M3353,1.0,1,2019-01-04 09:56:48,113.860094407,22.6604084205,21.795182079816545,0.5859888045751381
BS30452D,2978.0,M3353,1.0,2,2019-01-04 09:56:50,113.85983198,22.6599910232,21.741655671863537,0.58454968487911
BS49143D,2978.0,M3353,1.0,2,2019-01-04 09:56:51,113.859679112,22.6597402602,21.709749823231384,0.5836918590518037
BS42639D,14888.0,M3353,1.0,1,2019-01-04 09:56:54,113.925990737,22.6782458237,29.61224027011957,0.7961595004406219
BS34147D,2878.0,M3353,1.0,1,2019-01-04 09:56:55,113.860576922,22.6611269496,21.88894027305739,0.5885096025833918
BS36216D,54136.0,M3353,1.0,1,2019-01-04 09:56:55,113.926184053,22.678722067,29.66859673731596,0.7976747095690224
BS34147D,2878.0,M3353,1.0,1,2019-01-04 09:57:03,113.861033232,22.661806455,21.977606323795,0.5908934924214237
BS30452D,2878.0,M3353,1.0,2,2019-01-04 09:57:04,113.86065592,22.6612445872,21.90429038852052,0.5889223082803385
BS30452D,2878.0,M3353,1.0,2,2019-01-04 09:57:05,113.860724047,22.6613460375,21.9175282432926,0.5892782233933493
BS49143D,2878.0,M3353,1.0,2,2019-01-04 09:57:06,113.860472827,22.6609719387,21.868713472250544,0.587965781532401
BS49143D,2878.0,M3353,1.0,2,2019-01-04 09:57:08,113.860594023,22.6611524154,21.89226320344127,0.5885989434292818
BS42639D,54136.0,M3353,1.0,1,2019-01-04 09:57:09,113.926413465,22.6792579856,29.73943642042839,0.7995793167923764
BS36216D,54136.0,M3353,1.0,1,2019-01-04 09:57:10,113.926615463,22.6796209997,29.777757241900176,0.8006096166211346
BS30452D,2878.0,M3353,1.0,2,2019-01-04 09:57:13,113.861001903,22.661759803,21.97151885111864,0.5907298236425422
BS34147D,2878.0,M3353,1.0,1,2019-01-04 09:57:18,113.861135509,22.6619587601,21.997479970207984,0.5914278185060349
BS49143D,2878.0,M3353,1.0,2,2019-01-04 09:57:21,113.860975092,22.6617198773,21.966309124725843,0.590589754092772
BS34147D,2878.0,M3353,1.0,1,2019-01-04 09:57:23,113.861258142,22.6621413765,22.438399648171863,0.6032824565658369
BS42639D,54089.0,M3353,1.0,1,2019-01-04 09:57:24,113.927134561,22.6801956903,29.861072923630584,0.8028496555692275
BS36216D,54089.0,M3353,1.0,1,2019-01-04 09:57:25,113.927403412,22.6804078038,29.89733000849277,0.8038244694403832
BS30452D,2878.0,M3353,1.0,2,2019-01-04 09:57:27,113.861077093,22.6618717698,21.986128994325696,0.5911226343252528
BS34147D,2878.0,M3353,1.0,1,2019-01-04 09:57:28,113.861497608,22.6624979737,22.3918687598152,0.6020314195456327
BS30452D,2878.0,M3353,1.0,2,2019-01-04 09:57:33,113.861380221,22.6623231678,22.414678422458845,0.6026446838393819
BS34147D,2878.0,M3353,1.0,1,2019-01-04 09:57:33,113.861785124,22.6629261224,22.336001403273453,0.6005293607257164
BS49143D,2878.0,M3353,1.0,2,2019-01-04 09:57:36,113.861096011,22.6618999413,21.98980497789237,0.5912214674163454
BS42639D,56248.0,M3353,1.0,1,2019-01-04 09:57:39,113.928005487,22.6808872093,29.97886796909092,0.8060167122894416
BS36216D,56248.0,M3353,1.0,1,2019-01-04 09:57:40,113.92807877,22.6809468958,29.988887901795472,0.8062861098272077
BS30452D,2878.0,M3353,1.0,2,2019-01-04 09:57:47,113.862185336,22.6635220917,22.25823596513812,0.5984385465281885
BS34147D,23159.0,M3353,1.0,1,2019-01-04 09:57:48,113.862454877,22.6639235795,22.253857058574404,0.5983208145352544
BS49143D,2878.0,M3353,1.0,2,2019-01-04 09:57:48,113.861279709,22.6621734918,22.43420902275276,0.6031697867303306
BS36216D,50442.0,M3353,1.0,1,2019-01-04 09:57:49,113.9286151,22.6815814,30.07862981417665,0.8086989254560908
BS42639D,50442.0,M3353,1.0,1,2019-01-04 09:57:51,113.928625098,22.6816018398,30.08111556919378,0.8087657578691269
BS49143D,2878.0,M3353,1.0,2,2019-01-04 09:57:51,113.861434224,22.6624035854,22.404185058813525,0.602362557560465
BS42639D,50442.0,M3353,1.0,1,2019-01-04 09:57:54,113.928689448,22.6817334008,30.097115062560533,0.8091959228458385
BS36216D,50442.0,M3353,1.0,1,2019-01-04 09:57:55,113.928750014,22.6818594654,30.11240356001516,0.8096069718710027
BS34147D,34031.0,M3353,1.0,1,2019-01-04 09:58:00,113.862710171,22.6643052687,22.303606446553378,0.5996583846589351
BS30452D,23159.0,M3353,1.0,2,2019-01-04 09:58:01,113.862601952,22.6641434672,22.28251736789788,0.5990913802656856
BS30452D,34031.0,M3353,1.0,2,2019-01-04 09:58:02,113.862614601,22.6641623775,22.284982179775668,0.5991576495980766
BS34147D,34031.0,M3353,1.0,1,2019-01-04 09:58:03,113.862721057,22.6643215448,22.30572785603475,0.5997154212187331
BS49143D,2878.0,M3353,1.0,2,2019-01-04 09:58:06,113.862343763,22.6637580096,22.232256462673075,0.5977400574062717
BS42639D,50442.0,M3353,1.0,1,2019-01-04 09:58:09,113.92879567,22.6819760015,30.12613508804318,0.8099761599633373
BS36216D,56377.0,M3353,1.0,1,2019-01-04 09:58:10,113.92886394,22.6821502967,30.14667189520666,0.8105283158955725
BS34147D,34031.0,M3353,1.0,1,2019-01-04 09:58:18,113.862779893,22.6644095146,22.31719368259932,0.6000236932936087
BS30452D,34031.0,M3353,1.0,2,2019-01-04 09:58:19,113.862689589,22.6642744963,22.299595583511135,0.5995505479438836
BS49143D,23159.0,M3353,1.0,2,2019-01-04 09:58:21,113.862551638,22.6640682501,22.27271330670193,0.5988277866843541
BS42639D,56377.0,M3353,1.0,1,2019-01-04 09:58:24,113.928873008,22.682173448,30.149399753933945,0.8106016575482734
BS36216D,56377.0,M3353,1.0,1,2019-01-04 09:58:25,113.928933287,22.6823273496,30.167533521958728,0.8110892049800118
BS49143D,34031.0,M3353,1.0,2,2019-01-04 09:58:31,113.862709267,22.6643039166,22.303430233150383,0.599653646956768
BS30452D,34016.0,M3353,1.0,2,2019-01-04 09:58:33,113.863009002,22.664752626,22.361894109439834,0.601225516228253
BS34147D,34016.0,M3353,1.0,1,2019-01-04 09:58:33,113.8631129,22.6649084334,22.38218500999948,0.6017710606756065
BS30452D,34016.0,M3353,1.0,2,2019-01-04 09:58:35,113.863031894,22.6647869555,22.366364855289603,0.6013457174271452
BS36216D,56377.0,M3353,1.0,1,2019-01-04 09:58:36,113.929085251,22.6827153577,30.21325107158794,0.8123183744431169
BS49143D,34031.0,M3353,1.0,2,2019-01-04 09:58:36,113.862847498,22.6645105945,22.33036829156681,0.6003779079696474
BS42639D,56377.0,M3353,1.0,1,2019-01-04 09:58:39,113.928969061,22.6824186863,30.1782954507556,0.8113785519452038
BS36216D,54090.0,M3353,1.0,1,2019-01-04 09:58:40,113.929419,22.6835676,30.31366640164368,0.8150181573127847
BS42639D,56377.0,M3353,1.0,1,2019-01-04 09:58:43,113.929036117,22.682589902,30.198469127601868,0.8119209446967641
BS34147D,29691.0,M3353,1.0,1,2019-01-04 09:58:48,113.863211802,22.6650567519,22.40150050528742,0.6022903802184351
BS30452D,34016.0,M3353,1.0,2,2019-01-04 09:58:49,113.863068874,22.6648424121,22.37358698008363,0.6015398926471109
BS30452D,34016.0,M3353,1.0,2,2019-01-04 09:58:51,113.863164258,22.6649854507,22.39221502610169,0.6020407293172393
BS49143D,34016.0,M3353,1.0,2,2019-01-04 09:58:51,113.863029253,22.6647829947,22.365849048703293,0.6013318493675072
BS34147D,29691.0,M3353,1.0,1,2019-01-04 09:58:54,113.863468276,22.6654414432,22.45159625224902,0.6036372626059655
BS42639D,56377.0,M3353,1.0,1,2019-01-04 09:58:54,113.92924077,22.6831124724,30.26004119680595,0.8135763813476711
BS36216D,54090.0,M3353,1.0,1,2019-01-04 09:58:55,113.929419,22.6835676,30.31366640164368,0.8150181573127847
BS34147D,30521.0,M3353,1.0,1,2019-01-04 09:59:03,113.863905223,22.6660968254,22.536942330650373,0.6059318911286563
BS30452D,29691.0,M3353,1.0,2,2019-01-04 09:59:04,113.863713305,22.6658089684,22.49945652080388,0.6049240415580478
BS49143D,34016.0,M3353,1.0,2,2019-01-04 09:59:06,113.863158095,22.6649762089,22.391011448074345,0.6020083697229548
BS42639D,56377.0,M3353,1.0,1,2019-01-04 09:59:09,113.929284654,22.6832245331,30.273244718651757,0.813931373380051
BS36216D,54090.0,M3353,1.0,1,2019-01-04 09:59:10,113.929419,22.6835676,30.31366640164368,0.8150181573127847
BS49143D,29691.0,M3353,1.0,2,2019-01-04 09:59:14,113.863438637,22.6653969875,22.445807070037148,0.6034816137129497
BS34147D,30521.0,M3353,1.0,1,2019-01-04 09:59:18,113.864799132,22.6674374796,22.76323648272655,0.612016072447805
BS30452D,30521.0,M3353,1.0,2,2019-01-04 09:59:19,113.864521509,22.6670211099,22.657308852602323,0.6091680849833894
BS49143D,29691.0,M3353,1.0,2,2019-01-04 09:59:21,113.863670461,22.6657447062,22.491088079105296,0.6046990462756431
BS42639D,54090.0,M3353,1.0,1,2019-01-04 09:59:24,113.929434342,22.6836037782,30.317971794367608,0.8151339128006849
BS36216D,54109.0,M3353,1.0,1,2019-01-04 09:59:25,113.92950432,22.6840035653,30.368289792368667,0.8164867706657524
BS30452D,30521.0,M3353,1.0,2,2019-01-04 09:59:32,113.865464484,22.6682153927,22.821885309346406,0.6135929143239062
BS34147D,30521.0,M3353,1.0,1,2019-01-04 09:59:33,113.865892763,22.668564065,22.88047734244531,0.6151682292401807
BS49143D,30521.0,M3353,1.0,2,2019-01-04 09:59:36,113.864571105,22.667095492,22.80777231915653,0.6132134701779449
BS34147D,30521.0,M3353,1.0,1,2019-01-04 09:59:38,113.866357188,22.6688123487,22.935574002387707,0.6166495669861785
BS42639D,54090.0,M3353,1.0,1,2019-01-04 09:59:39,113.929464358,22.6836745625,30.32639544160609,0.8153603923481998
BS30452D,30521.0,M3353,1.0,2,2019-01-04 09:59:40,113.866136159,22.6686964792,22.90947970230273,0.6159479913968109
BS34147D,30521.0,M3353,1.0,1,2019-01-04 09:59:48,113.867009475,22.6690589155,23.008295751688596,0.6186047757466917
BS30452D,30521.0,M3353,1.0,2,2019-01-04 09:59:50,113.866808379,22.6690021733,22.98669482667501,0.6180240097691434
BS49143D,30521.0,M3353,1.0,2,2019-01-04 09:59:51,113.865901052,22.6685685745,22.881471964308133,0.6151949708050947
BS49143D,30521.0,M3353,1.0,2,2019-01-04 09:59:56,113.866386277,22.6688266913,22.938959235327903,0.6167405829087145
BS34147D,2886.0,M3353,1.0,1,2019-01-04 10:00:00,113.867557543,22.6692080072,23.06699116955121,0.6201828702825115
BS34147D,2886.0,M3353,1.0,1,2019-01-04 10:00:03,113.867901651,22.6692579059,23.102829339879985,0.6211464211494971
BS30452D,2886.0,M3353,1.0,2,2019-01-04 10:00:04,113.86725557,22.669128764,23.034743498134866,0.6193158541523229
BS30452D,2886.0,M3353,1.0,2,2019-01-04 10:00:06,113.867577793,22.6692109436,23.069080494747507,0.6202390442190109
BS49143D,30521.0,M3353,1.0,2,2019-01-04 10:00:06,113.866968071,22.6690472328,23.00384830246133,0.6184852009045754
BS34147D,61493.0,M3353,1.0,1,2019-01-04 10:00:18,113.86999645,22.6695617336,23.32072619150766,0.6270048312852047
BS30452D,61493.0,M3353,1.0,2,2019-01-04 10:00:20,113.869329297,22.6694649821,23.25133050684991,0.6251390476387847
BS49143D,2886.0,M3353,1.0,2,2019-01-04 10:00:20,113.86751056,22.6692011888,23.06214884341078,0.6200526787155861
BS49143D,2886.0,M3353,1.0,2,2019-01-04 10:00:21,113.867616351,22.6692165348,23.07306196744433,0.620346090740463
BS34147D,61505.0,M3353,1.0,1,2019-01-04 10:00:33,113.872034533,22.6698620366,23.53280437172429,0.6327067996764987
BS30452D,61493.0,M3353,1.0,2,2019-01-04 10:00:34,113.871480984,22.6697799574,23.475194473549728,0.6311578905992825
BS49143D,61493.0,M3353,1.0,2,2019-01-04 10:00:36,113.869607509,22.6695053288,23.28026946982156,0.6259171052964495
BS49143D,61493.0,M3353,1.0,2,2019-01-04 10:00:44,113.870752142,22.6696718907,23.399341212182996,0.6291184874968611
BS30452D,61505.0,M3353,1.0,2,2019-01-04 10:00:47,113.872763928,22.6699701919,23.608715199242223,0.6347477505118091
BS34147D,61505.0,M3353,1.0,1,2019-01-04 10:00:48,113.873005313,22.6700059847,23.63383701413148,0.6354231797062889
BS49143D,61505.0,M3353,1.0,2,2019-01-04 10:00:51,113.871693616,22.6698114849,23.49732385817061,0.6317528648276458
BS30452D,61505.0,M3353,1.0,2,2019-01-04 10:01:01,113.873335998,22.6700550191,23.66825259642678,0.6363484826404019
BS34147D,61505.0,M3353,1.0,1,2019-01-04 10:01:03,113.87362881,22.6700984375,23.698726586379596,0.6371678112827454
BS49143D,61505.0,M3353,1.0,2,2019-01-04 10:01:06,113.872977113,22.6700018031,23.63090213655087,0.6353442721110811
BS30452D,61505.0,M3353,1.0,2,2019-01-04 10:01:15,113.87367913,22.670105899,23.703963567612305,0.6373086136105671
BS34147D,61505.0,M3353,1.0,1,2019-01-04 10:01:18,113.873895076,22.6701379196,23.72643783059122,0.637912860294467
BS49143D,61505.0,M3353,1.0,2,2019-01-04 10:01:21,113.873542272,22.6700856054,23.68972026575333,0.6369256658839101
BS30452D,61505.0,M3353,1.0,2,2019-01-04 10:01:29,113.873701526,22.6701092198,23.70629439706717,0.6373712806697789
BS49143D,61505.0,M3353,1.0,2,2019-01-04 10:01:36,113.873619138,22.6700970033,23.697719986477495,0.6371407476743225
BS30452D,61505.0,M3353,1.0,2,2019-01-04 10:01:56,113.873731387,22.6701136476,23.70940213692493,0.6374548358682401
BS34147D,61505.0,M3353,1.0,1,2019-01-04 10:01:59,113.874381708,22.6702100778,23.77708332516955,0.6392745232856909
BS34147D,61505.0,M3353,1.0,1,2019-01-04 10:02:03,113.87458659,22.6702404581,23.79840610784889,0.639847811083275
BS30452D,61505.0,M3353,1.0,2,2019-01-04 10:02:04,113.874211384,22.6701848221,23.759357115088477,0.6387979335230077
BS49143D,61505.0,M3353,1.0,2,2019-01-04 10:02:06,113.873740796,22.6701150428,23.710381365331223,0.6374811635621823
BS30452D,61505.0,M3353,1.0,2,2019-01-04 10:02:17,113.874992481,22.670300644,23.958921513559005,0.644163454346245
BS34147D,61505.0,M3353,1.0,1,2019-01-04 10:02:18,113.875165019,22.6703262281,23.9409648976504,0.6436806698550687
BS49143D,61505.0,M3353,1.0,2,2019-01-04 10:02:18,113.87439028,22.6702113489,23.77797544360567,0.6392985089268297
BS49143D,61505.0,M3353,1.0,2,2019-01-04 10:02:21,113.874617558,22.67024505,23.801629053309124,0.6399344637182719
BS30452D,61505.0,M3353,1.0,2,2019-01-04 10:02:27,113.875024833,22.6703054411,23.95555453224153,0.6440729291398012
BS34147D,61505.0,M3353,1.0,1,2019-01-04 10:02:33,113.875251288,22.6703390201,23.931986591784568,0.6434392776656315
BS30452D,61505.0,M3353,1.0,2,2019-01-04 10:02:36,113.875079581,22.6703135591,23.94985672320245,0.6439197369207467
BS49143D,61505.0,M3353,1.0,2,2019-01-04 10:02:36,113.874981425,22.6702990046,23.96007214925581,0.6441943905244335
BS30452D,61505.0,M3353,1.0,2,2019-01-04 10:02:49,113.875094511,22.670315773,23.948302906244688,0.643877960745706
BS49143D,61505.0,M3353,1.0,2,2019-01-04 10:02:51,113.875019858,22.6703047035,23.956072295718084,0.644086849812708
BS30452D,61505.0,M3353,1.0,2,2019-01-04 10:03:03,113.87509202,22.6703154037,23.94856215188901,0.6438849308661965
BS34147D,61505.0,M3353,1.0,1,2019-01-04 10:03:15,113.875535528,22.6703811675,23.902404778585463,0.642643936232363
BS30452D,61505.0,M3353,1.0,2,2019-01-04 10:03:17,113.875315708,22.6703485723,23.92528218597268,0.6432590219222883
BS30452D,61505.0,M3353,1.0,2,2019-01-04 10:03:36,113.877186236,22.6706214168,24.068881633382126,0.6471198599835147
BS49143D,61505.0,M3353,1.0,2,2019-01-04 10:03:36,113.876101135,22.6704635337,23.95600389511651,0.644085010783027
BS34147D,32802.0,M3353,1.0,1,2019-01-04 10:03:48,113.878931658,22.6708754016,24.250449483530637,0.6520015226862241
BS30452D,32802.0,M3353,1.0,2,2019-01-04 10:03:50,113.878940216,22.6708766471,24.251339733436943,0.652025458089767
BS49143D,32802.0,M3353,1.0,2,2019-01-04 10:03:51,113.878110909,22.6707559604,24.165070783585666,0.6497060170954144
BS34147D,32802.0,M3353,1.0,1,2019-01-04 10:03:54,113.8796201,22.6709755886,24.322064847070997,0.6539269849795212
BS30452D,32802.0,M3353,1.0,2,2019-01-04 10:03:58,113.879803485,22.6710022761,24.34114151235393,0.6544398833000532
BS49143D,32802.0,M3353,1.0,2,2019-01-04 10:04:02,113.879627571,22.6709766758,24.322842018998724,0.6539478801501699
BS34147D,3033.0,M3353,1.0,1,2019-01-04 10:04:03,113.880462371,22.6711005102,24.40972355914425,0.6562837913466483
BS49143D,32802.0,M3353,1.0,2,2019-01-04 10:04:06,113.879878741,22.6710132278,24.348970031807102,0.6546503621452934
BS30452D,3033.0,M3353,1.0,2,2019-01-04 10:04:11,113.880527178,22.6711104352,24.416473804208103,0.6564652795315632
BS34147D,3033.0,M3353,1.0,1,2019-01-04 10:04:17,113.88078117,22.6711493329,24.44292939474089,0.6571765688345781
BS34147D,3033.0,M3353,1.0,1,2019-01-04 10:04:18,113.88081213,22.6711540743,24.44615416183715,0.6572632704463769
BS49143D,3033.0,M3353,1.0,2,2019-01-04 10:04:21,113.880439436,22.6710969979,24.4073346701499,0.6562195632892299
BS30452D,3033.0,M3353,1.0,2,2019-01-04 10:04:25,113.881051498,22.6711907324,24.47108652146405,0.6579336059159088
BS30452D,3033.0,M3353,1.0,2,2019-01-04 10:04:26,113.881136067,22.6712036837,24.479895151415192,0.658170436171151
BS34147D,3033.0,M3353,1.0,1,2019-01-04 10:04:33,113.882236328,22.6714302319,24.59572774482441,0.6612847300868491
BS49143D,3033.0,M3353,1.0,2,2019-01-04 10:04:36,113.880653016,22.6711297066,24.429580982145893,0.6568176812459875
BS49143D,3033.0,M3353,1.0,2,2019-01-04 10:04:38,113.880761661,22.6711463451,24.44089735259691,0.657121935019525
BS30452D,3033.0,M3353,1.0,2,2019-01-04 10:04:39,113.882852432,22.6715937738,24.66159500492842,0.6630556479377594
BS34147D,3033.0,M3353,1.0,1,2019-01-04 10:04:48,113.884003814,22.6719792084,24.78751717188249,0.6664412117661646
BS49143D,3033.0,M3353,1.0,2,2019-01-04 10:04:51,113.882171683,22.6714167216,24.588917861944093,0.6611016384699165
BS30452D,2995.0,M3353,1.0,2,2019-01-04 10:04:53,113.8843727,22.6721162,24.828349742824784,0.6675390428990533
BS30452D,2995.0,M3353,1.0,2,2019-01-04 10:04:59,113.8843727,22.6721162,24.828349742824784,0.6675390428990533
BS34147D,3033.0,M3353,1.0,1,2019-01-04 10:05:03,113.884205384,22.6720540644,24.809829268807785,0.6670410984272134
BS49143D,3033.0,M3353,1.0,2,2019-01-04 10:05:06,113.883885814,22.6719353871,24.774455552953253,0.6660900349586419
BS30452D,2995.0,M3353,1.0,2,2019-01-04 10:05:13,113.8843727,22.6721162,24.828349742824784,0.6675390428990533
BS30452D,2995.0,M3353,1.0,2,2019-01-04 10:05:53,113.8843727,22.6721162,24.828349742824784,0.6675390428990533
BS34147D,2995.0,M3353,1.0,1,2019-01-04 10:06:18,113.884699221,22.6722628824,24.86563057946537,0.6685413815267636
BS30452D,2995.0,M3353,1.0,2,2019-01-04 10:06:21,113.884704924,22.6722654446,24.866281736644744,0.6685588886444254
BS49143D,3033.0,M3353,1.0,2,2019-01-04 10:06:21,113.8839996,22.6719776432,24.78705070649577,0.6664286703020308
BS34147D,2995.0,M3353,1.0,1,2019-01-04 10:06:24,113.885342312,22.6725567617,24.939297620709507,0.6705220055599628
BS30452D,2995.0,M3353,1.0,2,2019-01-04 10:06:28,113.885503083,22.6726396107,24.95820899380489,0.6710304598078998
BS34147D,2995.0,M3353,1.0,1,2019-01-04 10:06:33,113.886073863,22.6729337467,25.02530382107684,0.6728343822290238
BS49143D,2995.0,M3353,1.0,2,2019-01-04 10:06:36,113.885239917,22.6725057786,24.9273649923322,0.670201182975749
BS49143D,2995.0,M3353,1.0,2,2019-01-04 10:06:37,113.885361544,22.6725666721,24.94155536989453,0.6705827077711725
BS34147D,2995.0,M3353,1.0,1,2019-01-04 10:06:48,113.886298394,22.6730494532,25.051697296830323,0.673544001503996
BS30452D,2995.0,M3353,1.0,2,2019-01-04 10:06:51,113.886318218,22.6730596687,25.054027577995814,0.6736066538218106
BS34147D,2947.0,M3353,1.0,1,2019-01-04 10:06:51,113.886543342,22.6731756803,25.08049071590148,0.6743181460447182
BS49143D,2995.0,M3353,1.0,2,2019-01-04 10:06:51,113.886020198,22.6729060922,25.018995555258524,0.6726647771698745
BS30452D,2947.0,M3353,1.0,2,2019-01-04 10:06:53,113.88658358,22.6731964167,25.085220701915414,0.6744453172167605
BS34147D,2947.0,M3353,1.0,1,2019-01-04 10:07:03,113.887524088,22.6736810917,25.20654726988376,0.6777073230245858
BS30452D,2947.0,M3353,1.0,2,2019-01-04 10:07:06,113.887392868,22.6736134698,25.2219720906951,0.6781220372616554
BS49143D,2995.0,M3353,1.0,2,2019-01-04 10:07:06,113.886513015,22.673160052,25.0769257982416,0.674222299089631
BS34147D,2947.0,M3353,1.0,1,2019-01-04 10:07:18,113.887540805,22.6736897065,25.20458219894862,0.6776544898083288
BS30452D,2947.0,M3353,1.0,2,2019-01-04 10:07:20,113.887404925,22.6736196831,25.2205548016796,0.6780839317990405
BS49143D,2947.0,M3353,1.0,2,2019-01-04 10:07:21,113.887343902,22.6735882355,25.22772804085865,0.6782767926724239
BS30452D,2947.0,M3353,1.0,2,2019-01-04 10:07:33,113.887411915,22.6736232852,25.21973313576748,0.6780618403559022
BS49143D,2947.0,M3353,1.0,2,2019-01-04 10:07:36,113.887387062,22.6736104775,25.2226545972376,0.6781403872433849
BS30452D,2947.0,M3353,1.0,2,2019-01-04 10:08:01,113.887418129,22.6736264871,25.219002704393823,0.67804220185938
BS30452D,2947.0,M3353,1.0,2,2019-01-04 10:08:15,113.887671435,22.6737570041,25.213096387800796,0.6778834036723717
BS34147D,2969.0,M3353,1.0,1,2019-01-04 10:08:18,113.888060411,22.6739128094,25.25691357984352,0.67906147981282
BS49143D,2947.0,M3353,1.0,2,2019-01-04 10:08:21,113.88771524,22.6737795697,25.218245173492512,0.6780218347605569
BS30452D,2969.0,M3353,1.0,2,2019-01-04 10:08:29,113.88910685,22.6744539155,25.380842435482894,0.6823934511495372
BS34147D,2969.0,M3353,1.0,1,2019-01-04 10:08:33,113.889837091,22.674756014,25.463076906664284,0.6846044204952384
BS49143D,2969.0,M3353,1.0,2,2019-01-04 10:08:36,113.889301163,22.6745454035,25.40323558700345,0.6829955170575965
BS30452D,2969.0,M3353,1.0,2,2019-01-04 10:08:43,113.890989987,22.6750300262,25.585677527365927,0.6879006806917364
BS34147D,2969.0,M3353,1.0,1,2019-01-04 10:08:48,113.892096814,22.6750891925,25.699741572291718,0.690967425125726
BS34147D,2969.0,M3353,1.0,1,2019-01-04 10:08:49,113.892232523,22.6750867092,25.71369091519728,0.6913424694242276
BS49143D,2969.0,M3353,1.0,2,2019-01-04 10:08:51,113.891493353,22.6750782313,25.63769461487909,0.6892992205533304
BS30452D,31789.0,M3353,1.0,2,2019-01-04 10:08:55,113.892664551,22.6750586732,25.758227802435638,0.6925398954065721
BS49143D,2969.0,M3353,1.0,2,2019-01-04 10:08:56,113.892262903,22.6750860509,25.716813805560108,0.6914264319616285
BS34147D,31792.0,M3353,1.0,1,2019-01-04 10:09:03,113.893295878,22.6749579907,25.82406946664393,0.694310125082074
BS34147D,31792.0,M3353,1.0,1,2019-01-04 10:09:05,113.893398983,22.6749383283,25.834887047996517,0.6946009683309159
BS49143D,31792.0,M3353,1.0,2,2019-01-04 10:09:06,113.892984171,22.6750120946,25.791478926713456,0.6934338905333385
BS30452D,31792.0,M3353,1.0,2,2019-01-04 10:09:09,113.89341431,22.6749351136,25.83650187711837,0.6946443848889077
BS49143D,31792.0,M3353,1.0,2,2019-01-04 10:09:15,113.893376828,22.6749428789,25.83342972035995,0.6945617863834332
BS34147D,31792.0,M3353,1.0,1,2019-01-04 10:09:18,113.893728021,22.6748601672,25.869802910741782,0.695539721886444
BS49143D,31792.0,M3353,1.0,2,2019-01-04 10:09:21,113.893398217,22.674938489,25.834806342478775,0.6945987984692608
BS30452D,31792.0,M3353,1.0,2,2019-01-04 10:09:25,113.893724087,22.6748612732,25.869380482380933,0.6955283644089387
BS30452D,31792.0,M3353,1.0,2,2019-01-04 10:09:28,113.89395861,22.6747919865,25.89467339522976,0.696208393770943
BS34147D,31792.0,M3353,1.0,1,2019-01-04 10:09:33,113.894472865,22.6746202155,25.950847381781852,0.6977186966951094
BS49143D,31792.0,M3353,1.0,2,2019-01-04 10:09:36,113.893556563,22.6749048247,25.85150171313186,0.6950476729156917
BS34147D,52343.0,M3353,1.0,1,2019-01-04 10:09:41,113.895238325,22.6743645434,26.034451333800043,0.6999664861249698
BS30452D,52352.0,M3353,1.0,2,2019-01-04 10:09:42,113.894720055,22.6745376505,25.977845621583118,0.6984445757544737
BS34147D,52343.0,M3353,1.0,1,2019-01-04 10:09:48,113.896177123,22.6740509764,26.136987470564097,0.7027232893481814
BS34147D,52343.0,M3353,1.0,1,2019-01-04 10:09:50,113.896436852,22.6739642246,26.1653552785364,0.7034859908397876
BS49143D,52352.0,M3353,1.0,2,2019-01-04 10:09:51,113.894691398,22.6745472223,25.97471568797121,0.6983604238511347
BS30452D,52343.0,M3353,1.0,2,2019-01-04 10:09:56,113.896374534,22.6739850395,26.15854885059177,0.7033029921128171
BS49143D,52343.0,M3353,1.0,2,2019-01-04 10:09:57,113.89531841,22.6743377942,26.043198265575345,0.7002016575530376
BS34147D,52343.0,M3353,1.0,1,2019-01-04 10:10:03,113.897203471,22.6737081668,26.483131485672185,0.712029773546442
BS49143D,52343.0,M3353,1.0,2,2019-01-04 10:10:06,113.896313851,22.674005308,26.151921010634677,0.7031247949314788
BS49143D,52343.0,M3353,1.0,2,2019-01-04 10:10:07,113.896414542,22.6739716765,26.162918555927376,0.703420476720038
BS30452D,52343.0,M3353,1.0,2,2019-01-04 10:10:08,113.897141139,22.6737289864,26.489939454768518,0.7122128137090675
BS34147D,52343.0,M3353,1.0,1,2019-01-04 10:10:18,113.898020415,22.6734353003,26.39390396590104,0.7096307879608011
BS49143D,52343.0,M3353,1.0,2,2019-01-04 10:10:21,113.897103927,22.6737414155,26.49400378461416,0.7123220879412776
BS30452D,52343.0,M3353,1.0,2,2019-01-04 10:10:22,113.897567329,22.673586635,26.443390534332284,0.7109612918754441
BS30452D,52343.0,M3353,1.0,2,2019-01-04 10:10:30,113.897880821,22.6734819259,26.40915058573321,0.710040711057408
BS34147D,52343.0,M3353,1.0,1,2019-01-04 10:10:33,113.898059891,22.6734221148,26.389592343634057,0.7095148649843949
BS49143D,52343.0,M3353,1.0,2,2019-01-04 10:10:36,113.897696607,22.6735434552,26.42927065596632,0.7105816625328619
BS30452D,52343.0,M3353,1.0,2,2019-01-04 10:10:43,113.898192035,22.6733779778,26.37515942493997,0.7091268191887183
BS34147D,52343.0,M3353,1.0,1,2019-01-04 10:10:48,113.898655451,22.673269063,26.40623847326946,0.7099624155288287
BS49143D,52343.0,M3353,1.0,2,2019-01-04 10:10:51,113.897918578,22.6734693146,26.40502671740004,0.7099298360637541
BS30452D,52343.0,M3353,1.0,2,2019-01-04 10:10:57,113.899030132,22.6731890789,26.48465406975821,0.7120707099894215
BS34147D,52343.0,M3353,1.0,1,2019-01-04 10:11:03,113.899140753,22.6731654643,26.472988906407156,0.7117570785133353
BS49143D,52343.0,M3353,1.0,2,2019-01-04 10:11:03,113.898464749,22.6733097725,26.38612866027503,0.7094217398311592
BS49143D,52343.0,M3353,1.0,2,2019-01-04 10:11:06,113.89858238,22.6732846616,26.398533025604056,0.7097552456116593
BS30452D,52343.0,M3353,1.0,2,2019-01-04 10:11:14,113.899059319,22.6731828481,26.48157624954945,0.7119879592155017
BS49143D,52343.0,M3353,1.0,2,2019-01-04 10:11:21,113.898689598,22.6732617734,26.40983933084883,0.7100592287704273
BS34147D,52343.0,M3353,1.0,1,2019-01-04 10:11:33,113.89925643,22.6731443081,26.4695416644542,0.711664395406413
BS30452D,52343.0,M3353,1.0,2,2019-01-04 10:11:42,113.89967983,22.6730897323,26.51347124804376,0.71284549332424
BS30452D,52343.0,M3353,1.0,2,2019-01-04 10:11:47,113.89981814,22.6730797949,26.52773177922624,0.7132289042812865
BS03377D,2995.0,M3353,1.0,2,2019-01-04 10:12:33,113.88536528,22.6725685975,24.941993983102257,0.670594500397099
BS45211D,3033.0,M3353,1.0,2,2019-01-04 10:12:39,113.883726056,22.6718760582,24.75677166250241,0.6656145830084093
BS34603D,2995.0,M3353,1.0,1,2019-01-04 10:12:41,113.884702209,22.6722642249,24.8659717469396,0.6685505542108755
BS09218D,67951.0,M3353,1.0,2,2019-01-04 10:12:42,113.86022244,22.6345194815,18.87428795695876,0.5074571708830745
BS03377D,2995.0,M3353,1.0,2,2019-01-04 10:12:45,113.886018682,22.6729053111,25.01881735749839,0.6726599861159591
BS09298D,67951.0,M3353,1.0,2,2019-01-04 10:12:46,113.860209255,22.6344674324,18.88020903246668,0.5076163658806653
BS34603D,2995.0,M3353,1.0,1,2019-01-04 10:12:49,113.885401006,22.672587008,24.94618842265827,0.6707072727801096
BS45211D,2995.0,M3353,1.0,2,2019-01-04 10:12:53,113.885040435,22.6724161656,24.904588982851084,0.6695888234863924
BS03377D,2995.0,M3353,1.0,2,2019-01-04 10:12:54,113.886050748,22.6729218351,25.02258667435475,0.6727613285810339
BS09218D,67951.0,M3353,1.0,2,2019-01-04 10:12:56,113.860330878,22.6351999618,18.946900274265232,0.5094094374372161
BS34603D,2995.0,M3353,1.0,1,2019-01-04 10:12:56,113.885834721,22.6728105117,24.99719286242153,0.6720785864298623
BS45211D,2995.0,M3353,1.0,2,2019-01-04 10:12:57,113.885341166,22.672556171,24.93916308166263,0.6705183883213016
BS09218D,67951.0,M3353,1.0,2,2019-01-04 10:12:59,113.860330034,22.6352323647,18.95047891987449,0.5095056534841796
BS09298D,67951.0,M3353,1.0,2,2019-01-04 10:13:00,113.860325924,22.6351181531,18.93782656596354,0.5091654802423967
BS03377D,2947.0,M3353,1.0,2,2019-01-04 10:13:07,113.886588647,22.6731990279,25.085816326370985,0.6744613312725924
BS09218D,67951.0,M3353,1.0,2,2019-01-04 10:13:08,113.860329577,22.6352499164,18.952418153885223,0.5095577920446916
BS34603D,2995.0,M3353,1.0,1,2019-01-04 10:13:11,113.886046827,22.6729198145,25.022125762612216,0.6727489364330798
BS45211D,2995.0,M3353,1.0,2,2019-01-04 10:13:11,113.885834759,22.6728105311,24.99719731949969,0.6720787062635895
BS45211D,2995.0,M3353,1.0,2,2019-01-04 10:13:17,113.885994569,22.6728928846,25.01598286347755,0.6725837774494399
BS09218D,67951.0,M3353,1.0,2,2019-01-04 10:13:22,113.86032913,22.6352670709,18.95431394146119,0.5096087624973037
BS09218D,67951.0,M3353,1.0,2,2019-01-04 10:13:31,113.860327839,22.6353166283,18.959792629813013,0.5097560634019791
BS09298D,67951.0,M3353,1.0,2,2019-01-04 10:13:32,113.86033047,22.6352156073,18.948627934961053,0.5094558876032275
BS09218D,67951.0,M3353,1.0,2,2019-01-04 10:13:45,113.860326995,22.6353490313,18.96337610643109,0.5098524093362302
BS09298D,67951.0,M3353,1.0,2,2019-01-04 10:13:45,113.860330023,22.6352327619,18.950522796435383,0.5095068331565206
BS09298D,67951.0,M3353,1.0,2,2019-01-04 10:13:55,113.86032914,22.6352666737,18.95427003985235,0.5096075821515195
BS09218D,67951.0,M3353,1.0,2,2019-01-04 10:13:59,113.860324364,22.6354500522,18.97455238764253,0.5101528966477242
BS09298D,67951.0,M3353,1.0,2,2019-01-04 10:13:59,113.860328286,22.6352994738,18.95789586734964,0.5097050667383861
BS03377D,2969.0,M3353,1.0,2,2019-01-04 10:14:57,113.892066885,22.6750893846,25.69666580700813,0.6908847296008581
BS03377D,31789.0,M3353,1.0,2,2019-01-04 10:15:04,113.8926229,22.6750638,25.75390999547307,0.6924238061474361
BS45211D,2969.0,M3353,1.0,2,2019-01-04 10:15:08,113.891769603,22.6750892365,25.6661144577476,0.6900633210636056
BS03377D,31789.0,M3353,1.0,2,2019-01-04 10:15:18,113.8926229,22.6750638,25.75390999547307,0.6924238061474361
BS45211D,31789.0,M3353,1.0,2,2019-01-04 10:15:21,113.8926229,22.6750638,25.75390999547307,0.6924238061474361
BS45211D,31789.0,M3353,1.0,2,2019-01-04 10:15:35,113.8926229,22.6750638,25.75390999547307,0.6924238061474361
BS03377D,31789.0,M3353,1.0,2,2019-01-04 10:16:44,113.8926229,22.6750638,25.75390999547307,0.6924238061474361
BS03377D,31789.0,M3353,1.0,2,2019-01-04 10:16:56,113.892668713,22.6750581607,25.75865926471253,0.6925514957714111
BS45211D,31789.0,M3353,1.0,2,2019-01-04 10:16:57,113.8926229,22.6750638,25.75390999547307,0.6924238061474361
BS45211D,31789.0,M3353,1.0,2,2019-01-04 10:17:04,113.8926229,22.6750638,25.75390999547307,0.6924238061474361
BS03377D,31792.0,M3353,1.0,2,2019-01-04 10:17:10,113.893533892,22.6749100331,25.849100835536014,0.694983122530787
BS45211D,31792.0,M3353,1.0,2,2019-01-04 10:17:18,113.893093125,22.6749942497,25.80284925496999,0.6937395950251969
BS03377D,31792.0,M3353,1.0,2,2019-01-04 10:17:24,113.893864279,22.6748218642,25.884433997177645,0.6959330956522051
BS03377D,31792.0,M3353,1.0,2,2019-01-04 10:17:25,113.893944883,22.6747965717,25.893175245665567,0.6961681142784856
BS45211D,31792.0,M3353,1.0,2,2019-01-04 10:17:25,113.893501212,22.6749168873,25.84565772380257,0.6948905504696172
BS03377D,52343.0,M3353,1.0,2,2019-01-04 10:17:40,113.895592495,22.6742462473,26.07313399531501,0.7010065144438858
BS45211D,31792.0,M3353,1.0,2,2019-01-04 10:17:40,113.893905406,22.6748097575,25.88886772575768,0.6960523015987721
BS45211D,31792.0,M3353,1.0,2,2019-01-04 10:17:41,113.893986064,22.6747828162,25.897670041488634,0.696288962088865
BS09053D,2978.0,M3353,1.0,2,2019-01-04 10:20:11,113.859631314,22.6596618534,21.69977370959484,0.5834236396406155
BS09218D,2978.0,M3353,1.0,2,2019-01-04 10:20:20,113.859556077,22.6595384347,21.684070538358203,0.5830014416288121
BS09053D,2978.0,M3353,1.0,2,2019-01-04 10:20:22,113.859925822,22.6601449595,21.76124179538965,0.5850762805766958
BS09218D,2978.0,M3353,1.0,2,2019-01-04 10:20:34,113.859850584,22.6600215407,21.745538576514683,0.5846540812840803
BS09218D,2978.0,M3353,1.0,2,2019-01-04 10:20:43,113.859925032,22.660143665,21.761077046241777,0.5850718511043534
BS09053D,2978.0,M3353,1.0,2,2019-01-04 10:21:04,113.859932603,22.6601560841,21.762657199410008,0.5851143353590252
BS09218D,2978.0,M3353,1.0,2,2019-01-04 10:21:11,113.85994856,22.6601822587,21.76598755846513,0.5852038759333766
BS30452D,54089.0,M3353,1.0,2,2019-01-04 10:32:09,113.927716718,22.6806549904,29.971265663839475,0.8058123154759627
BS34147D,56248.0,M3353,1.0,1,2019-01-04 10:32:18,113.928089148,22.6809553485,29.99030689086985,0.8063242609978818
BS49143D,56248.0,M3353,1.0,2,2019-01-04 10:32:21,113.928014328,22.6808944108,29.98007685187826,0.8060492145083646
BS30452D,56248.0,M3353,1.0,2,2019-01-04 10:32:23,113.928561939,22.6814968687,30.067748334707176,0.8084063642321021
BS30452D,56248.0,M3353,1.0,2,2019-01-04 10:32:24,113.928602562,22.6815557961,30.075515439506727,0.8086151918729922
BS34147D,56248.0,M3353,1.0,1,2019-01-04 10:32:27,113.928607836,22.6815665652,30.0768253775394,0.8086504110796509
BS49143D,50442.0,M3353,1.0,2,2019-01-04 10:32:32,113.92861842,22.6815881885,30.07945536377605,0.8087211213166758
BS30452D,50442.0,M3353,1.0,2,2019-01-04 10:32:33,113.928741263,22.6818393322,30.112154549873125,0.8096002769438889
BS34147D,50442.0,M3353,1.0,1,2019-01-04 10:32:33,113.928732261,22.6818209297,30.114392563777344,0.8096604485491342
BS49143D,50442.0,M3353,1.0,2,2019-01-04 10:32:36,113.928670104,22.6816938522,30.092305461058608,0.809066611118858
BS30452D,56377.0,M3353,1.0,2,2019-01-04 10:32:47,113.928816119,22.6820282009,30.1322857275723,0.8101415270564793
BS34147D,50442.0,M3353,1.0,1,2019-01-04 10:32:48,113.928768848,22.6819075402,30.11806822785404,0.8097592730503674
BS49143D,50442.0,M3353,1.0,2,2019-01-04 10:32:51,113.928733865,22.6818242087,30.11399378916221,0.8096497270300774
BS08761D,66331.0,M3353,1.0,2,2019-01-04 10:34:52,113.913766662,22.6752143076,28.000926809714212,0.7528374650935002
BS08761D,66331.0,M3353,1.0,2,2019-01-04 10:35:06,113.913903923,22.6751984613,28.01514133218697,0.7532196390529062
BS08761D,66331.0,M3353,1.0,2,2019-01-04 10:35:07,113.913986743,22.6751889001,28.023718034320147,0.7534502336591734
BS08761D,55082.0,M3353,1.0,2,2019-01-04 10:35:15,113.914942795,22.6750177445,28.12390387946545,0.7561438465602747
BS08761D,55082.0,M3353,1.0,2,2019-01-04 10:35:26,113.915672218,22.6747899811,28.21995390883233,0.7587262632467693
BS09053D,52343.0,M3353,1.0,2,2019-01-04 10:35:32,113.900466919,22.6730569,26.594491093809804,0.7150238060537891
BS09298D,52343.0,M3353,1.0,2,2019-01-04 10:35:34,113.900413513,22.6730569,26.58900267748441,0.7148762436012366
BS09218D,52343.0,M3353,1.0,2,2019-01-04 10:35:35,113.900283813,22.6730569,26.57567369576849,0.714517878434416
BS09075D,66331.0,M3353,1.0,2,2019-01-04 10:35:37,113.913367634,22.6752233538,28.01407647300667,0.7531910090760691
BS08761D,55082.0,M3353,1.0,2,2019-01-04 10:35:39,113.916133898,22.6746433276,28.25316929845983,0.7596192976059243
BS09053D,52343.0,M3353,1.0,2,2019-01-04 10:35:42,113.900882516,22.6730680168,26.637253755114507,0.7161735299095765
BS09075D,66331.0,M3353,1.0,2,2019-01-04 10:35:42,113.913466755,22.675225812,28.003886550701964,0.7529170411703099
BS09298D,52343.0,M3353,1.0,2,2019-01-04 10:35:44,113.900860979,22.6730663031,26.6350323245558,0.7161138041668516
BS09218D,52343.0,M3353,1.0,2,2019-01-04 10:35:49,113.900830653,22.6730638902,26.63190435522554,0.7160297050755077
BS09218D,52343.0,M3353,1.0,2,2019-01-04 10:35:50,113.900898886,22.6730693192,26.638942234705564,0.7162189266460428
BS08761D,39647.0,M3353,1.0,2,2019-01-04 10:35:53,113.918053811,22.6740206632,28.462196172327747,0.7652392280792452
BS09075D,66331.0,M3353,1.0,2,2019-01-04 10:35:55,113.913986743,22.6751889001,28.023718034320147,0.7534502336591734
BS09075D,55082.0,M3353,1.0,2,2019-01-04 10:36:06,113.914938453,22.6750191001,28.12343551607556,0.7561312540661196
BS08761D,39647.0,M3353,1.0,2,2019-01-04 10:36:07,113.920139996,22.6733816268,28.68796524693052,0.7713092920801798
BS09075D,55082.0,M3353,1.0,2,2019-01-04 10:36:18,113.915681238,22.6747871648,28.21897589568176,0.7586999682263897
BS08761D,2910.0,M3353,1.0,2,2019-01-04 10:36:21,113.92133958,22.6730640351,28.816243750327743,0.7747582087528256
BS08761D,2910.0,M3353,1.0,2,2019-01-04 10:36:26,113.921437873,22.6730443386,28.826577912128556,0.7750360547050992
BS09075D,55082.0,M3353,1.0,2,2019-01-04 10:36:31,113.916177411,22.6746294578,28.257897410931456,0.7597464184056036
BS08761D,2910.0,M3353,1.0,2,2019-01-04 10:36:40,113.921449603,22.6730419881,28.832520639067017,0.7751958318265673
BS09075D,39647.0,M3353,1.0,2,2019-01-04 10:36:44,113.917618876,22.6741539855,28.4151239267398,0.7639736360406132
BS09075D,39647.0,M3353,1.0,2,2019-01-04 10:36:58,113.919647104,22.6735323203,28.63463388292052,0.7698754163672754
BS09075D,39647.0,M3353,1.0,2,2019-01-04 10:37:12,113.921060872,22.6731243912,28.78682491245039,0.7739672491005222
BS09075D,39647.0,M3353,1.0,2,2019-01-04 10:37:17,113.921108022,22.6731128229,28.791836897400827,0.7741020021417632
BS09218D,47349.0,M3353,1.0,2,2019-01-04 10:48:11,113.922929596,22.6738912338,29.02744909612076,0.7804367099760726
BS08761D,47349.0,M3353,1.0,2,2019-01-04 10:48:14,113.923792694,22.674754225,29.15783869011452,0.7839423857733029
BS09218D,47349.0,M3353,1.0,2,2019-01-04 10:48:14,113.922952487,22.6739141207,29.030911079072936,0.7805297894118935
BS09053D,47349.0,M3353,1.0,2,2019-01-04 10:48:15,113.922837083,22.6737987354,29.013474238734258,0.7800609796910933
BS08968D,47349.0,M3353,1.0,2,2019-01-04 10:48:17,113.923676385,22.6746379035,29.17468290108564,0.7843952619646938
BS09053D,47349.0,M3353,1.0,2,2019-01-04 10:48:17,113.92287714,22.6738387858,29.01952514247997,0.7802236652717673
BS08761D,47349.0,M3353,1.0,2,2019-01-04 10:48:18,113.923844801,22.6748070056,29.165765686964928,0.7841555122978362
BS09075D,47349.0,M3353,1.0,2,2019-01-04 10:48:19,113.923442715,22.6744042706,29.104966950099552,0.7825208675857641
BS09298D,47349.0,M3353,1.0,2,2019-01-04 10:48:22,113.923371183,22.6743327503,29.09416106217595,0.7822303387283526
BS09218D,47349.0,M3353,1.0,2,2019-01-04 10:48:27,113.923008757,22.6739703822,29.03941150197996,0.7807583331624999
BS09218D,47349.0,M3353,1.0,2,2019-01-04 10:48:30,113.923028786,22.673990408,29.0424371666714,0.7808396816747118
BS08968D,47349.0,M3353,1.0,2,2019-01-04 10:48:31,113.923803894,22.6747655696,29.15954252228496,0.7839881952817115
BS09053D,47349.0,M3353,1.0,2,2019-01-04 10:48:31,113.922900984,22.6738626263,29.02312700087089,0.7803205054213478
BS08761D,47349.0,M3353,1.0,2,2019-01-04 10:48:32,113.924051517,22.6750163934,29.197213177538536,0.7850010146359507
BS09075D,47349.0,M3353,1.0,2,2019-01-04 10:48:34,113.923529508,22.6744910496,29.1968707434582,0.7849918078976611
BS08968D,47349.0,M3353,1.0,2,2019-01-04 10:48:36,113.923933709,22.6748970627,29.17929116858107,0.7845191605928823
BS09053D,47349.0,M3353,1.0,2,2019-01-04 10:48:36,113.922952487,22.6739141207,29.030911079072936,0.7805297894118935
BS08761D,47349.0,M3353,1.0,2,2019-01-04 10:48:37,113.924082791,22.6750480716,29.201970855557907,0.7851289303397477
BS09298D,47349.0,M3353,1.0,2,2019-01-04 10:48:38,113.923451298,22.6744128523,29.10626353801703,0.7825557278590578
BS09075D,47349.0,M3353,1.0,2,2019-01-04 10:48:41,113.923668756,22.6746302753,29.17583540132355,0.7844262482732371
BS09298D,47349.0,M3353,1.0,2,2019-01-04 10:48:44,113.923578148,22.6745396816,29.18952301268557,0.7847942556149581
BS08761D,47349.0,M3353,1.0,2,2019-01-04 10:48:47,113.924107487,22.6750730869,29.205727839148363,0.7852299412106327
BS08968D,47349.0,M3353,1.0,2,2019-01-04 10:48:50,113.923985816,22.6749498433,29.187218161762125,0.7847322870187609
BS09075D,47349.0,M3353,1.0,2,2019-01-04 10:48:55,113.923767946,22.6747294495,29.16085137478241,0.7840233853024939
BS09298D,47349.0,M3353,1.0,2,2019-01-04 10:48:58,113.923684968,22.6746464852,29.17338631416416,0.7843604017181786
BS08968D,47349.0,M3353,1.0,2,2019-01-04 10:48:59,113.924133847,22.6750997876,29.209737956123664,0.7853377578668074
BS09075D,47349.0,M3353,1.0,2,2019-01-04 10:48:59,113.923835168,22.6747972478,29.164300204171628,0.7841161110894853
BS08761D,47349.0,M3353,1.0,2,2019-01-04 10:49:01,113.924325499,22.6752939178,29.259644457308937,0.7866795521616653
BS09298D,47349.0,M3353,1.0,2,2019-01-04 10:49:02,113.923752685,22.6747141907,29.16315677912441,0.7840853687779925
BS08968D,47349.0,M3353,1.0,2,2019-01-04 10:49:05,113.924193582,22.6751602956,29.2188254488997,0.7855820856732425
BS08968D,47349.0,M3353,1.0,2,2019-01-04 10:49:07,113.924201114,22.6751679243,29.219971230152822,0.7856128913340699
BS09075D,47349.0,M3353,1.0,2,2019-01-04 10:49:13,113.923942291,22.674905756,29.180596770230743,0.7845542632108436
BS08761D,47349.0,M3353,1.0,2,2019-01-04 10:49:16,113.924341613,22.6753102399,29.25719306844774,0.7866136437226781
BS09075D,47349.0,M3353,1.0,2,2019-01-04 10:49:16,113.923966987,22.6749307714,29.18435376371949,0.7846552743478556
BS09298D,47349.0,M3353,1.0,2,2019-01-04 10:49:17,113.923867493,22.6748299905,29.169217766279612,0.7842483254628515
BS09298D,47349.0,M3353,1.0,2,2019-01-04 10:49:20,113.923883606,22.6748463126,29.17166908940677,0.7843142321345025
BS08968D,47349.0,M3353,1.0,2,2019-01-04 10:49:22,113.924209696,22.6751766176,29.221276830657864,0.7856479939212563
BS09075D,47349.0,M3353,1.0,2,2019-01-04 10:49:30,113.923974616,22.6749384988,29.18551433877405,0.7846864777572308
BS09298D,47349.0,M3353,1.0,2,2019-01-04 10:49:34,113.923903486,22.674866449,29.17469336892663,0.7843955434047664
BS09298D,47349.0,M3353,1.0,2,2019-01-04 10:49:39,113.923918646,22.6748818052,29.176999665285432,0.7844575508631736
BS09298D,47349.0,M3353,1.0,2,2019-01-04 10:49:44,113.923950874,22.6749144493,29.181902441262263,0.7845893676942164
BS09298D,47349.0,M3353,1.0,2,2019-01-04 10:49:49,113.924002027,22.674966264,29.18968433813872,0.7847985930372882
BS08761D,47349.0,M3353,1.0,2,2019-01-04 10:49:58,113.924539493,22.6755111028,29.2714832084534,0.7869978507473527
BS09075D,47349.0,M3353,1.0,2,2019-01-04 10:49:59,113.923994496,22.6749586352,29.188538617391497,0.7847677890032323
BS09298D,47349.0,M3353,1.0,2,2019-01-04 10:50:03,113.924133847,22.6750997876,29.209737956123664,0.7853377578668074
BS08968D,47349.0,M3353,1.0,2,2019-01-04 10:50:04,113.924548612,22.6755203664,29.272872654346184,0.7870352076152491
BS09075D,47349.0,M3353,1.0,2,2019-01-04 10:50:05,113.924125264,22.6750910943,29.20843228587605,0.7853026534045108
BS08761D,47349.0,M3353,1.0,2,2019-01-04 10:50:12,113.924849714,22.6758370184,29.31965056357809,0.7882928860788172
BS09298D,47349.0,M3353,1.0,2,2019-01-04 10:50:17,113.92454593,22.6755176417,29.27246398873245,0.7870242201651978
BS08968D,47349.0,M3353,1.0,2,2019-01-04 10:50:19,113.924826736,22.6758113998,29.31595942612238,0.7881936455578032
BS09075D,47349.0,M3353,1.0,2,2019-01-04 10:50:19,113.924374454,22.6753435048,29.252197054398103,0.7864793200776695
BS08761D,47349.0,M3353,1.0,2,2019-01-04 10:50:26,113.925035371,22.6760784624,29.352517665845443,0.7891765563274512
BS08968D,47349.0,M3353,1.0,2,2019-01-04 10:50:29,113.924924835,22.6759293747,29.332470258650037,0.7886375584822279
BS09298D,47349.0,M3353,1.0,2,2019-01-04 10:50:30,113.924727586,22.6757021747,29.30419958393588,0.787877468531173
BS09075D,47349.0,M3353,1.0,2,2019-01-04 10:50:32,113.924612025,22.6755847834,29.28253465387487,0.7872949817035263
BS08968D,47349.0,M3353,1.0,2,2019-01-04 10:50:58,113.924916149,22.6759182679,29.33095052835633,0.7885966987667723
BS09298D,47349.0,M3353,1.0,2,2019-01-04 10:50:58,113.92473885,22.6757136174,29.30248330216404,0.7878313243007596
BS09075D,47349.0,M3353,1.0,2,2019-01-04 10:51:15,113.924613097,22.6755858729,29.28269803356763,0.787299374356476
BS09298D,47349.0,M3353,1.0,2,2019-01-04 10:51:26,113.924736168,22.6757108926,29.302891975699172,0.7878423119637871
BS08968D,47349.0,M3353,1.0,2,2019-01-04 10:51:40,113.924954691,22.67596755,29.33769381533393,0.7887779998754506
BS09075D,47349.0,M3353,1.0,2,2019-01-04 10:51:43,113.924604515,22.675577155,29.281390424800374,0.7872642177748257
BS08968D,47349.0,M3353,1.0,2,2019-01-04 10:51:48,113.925060887,22.6761150688,29.3573455886518,0.7893063606439977
BS09691D,61493.0,M3353,1.0,2,2019-01-04 10:52:13,113.869127704,22.6694357467,23.23036126664624,0.6245752652416108
BS09691D,61493.0,M3353,1.0,2,2019-01-04 10:52:16,113.871361534,22.6697622462,23.46276287532994,0.6308236526308594
BS09691D,61505.0,M3353,1.0,2,2019-01-04 10:52:26,113.873545026,22.6700860138,23.69000688495148,0.6369333719742138
BS09691D,61505.0,M3353,1.0,2,2019-01-04 10:52:41,113.874231566,22.6701878146,23.761457524430725,0.6388544054696552
BS36258D,61505.0,M3353,1.0,1,2019-01-04 10:52:48,113.875515339,22.6703781739,23.90450591465736,0.6427004277179819
BS09691D,61505.0,M3353,1.0,2,2019-01-04 10:52:55,113.875644026,22.670397024,23.908453049392936,0.6428065510234319
BS36258D,61505.0,M3353,1.0,1,2019-01-04 10:52:56,113.876267676,22.6704877655,23.97332834627873,0.644550798790179
BS36258D,32802.0,M3353,1.0,1,2019-01-04 10:53:11,113.87819866,22.6707687306,24.174199116219672,0.6499514429289027
BS09691D,61505.0,M3353,1.0,2,2019-01-04 10:53:20,113.87743034,22.6706569342,24.09427455973651,0.6478025783248701
BS36258D,32802.0,M3353,1.0,1,2019-01-04 10:53:23,113.879632596,22.6709774071,24.32336474622616,0.6539619342792891
BS36258D,32802.0,M3353,1.0,1,2019-01-04 10:53:26,113.879905635,22.6710171417,24.351767687184942,0.6547255803620748
BS09691D,32802.0,M3353,1.0,2,2019-01-04 10:53:35,113.879320842,22.6709320384,24.29093445902328,0.6530900083114101
BS36258D,3033.0,M3353,1.0,1,2019-01-04 10:53:41,113.880721853,22.6711402488,24.436750987593594,0.6570104551767447
BS36258D,3033.0,M3353,1.0,1,2019-01-04 10:53:42,113.880737904,22.6711427069,24.438422845298035,0.6570554050144684
BS09691D,32802.0,M3353,1.0,2,2019-01-04 10:53:49,113.879756212,22.6709953965,24.336223926777368,0.6543076682957072
BS36258D,3033.0,M3353,1.0,1,2019-01-04 10:53:56,113.881727125,22.6713238127,24.54208688302916,0.659842533166233
BS09691D,3033.0,M3353,1.0,2,2019-01-04 10:54:04,113.880576792,22.6711180333,24.42164155580428,0.6566042205401352
BS36258D,3033.0,M3353,1.0,1,2019-01-04 10:54:11,113.882733659,22.6715615016,24.648876410349093,0.6627136937386102
BS09691D,3033.0,M3353,1.0,2,2019-01-04 10:54:18,113.880964646,22.6711774314,24.46204009420273,0.6576903822035707
BS36258D,3033.0,M3353,1.0,1,2019-01-04 10:54:26,113.883727923,22.6718767517,24.756978330479644,0.6656201395172046
BS09691D,3033.0,M3353,1.0,2,2019-01-04 10:54:29,113.881148408,22.6712055736,24.48118057758434,0.6582049963478667
BS09691D,3033.0,M3353,1.0,2,2019-01-04 10:54:35,113.882669367,22.6715440326,24.641991814883845,0.6625285933869871
BS36258D,2995.0,M3353,1.0,1,2019-01-04 10:54:41,113.884752214,22.6722866885,24.87168110870848,0.6687040570384996
BS09691D,3033.0,M3353,1.0,2,2019-01-04 10:54:48,113.883502025,22.6717928607,24.7319732830515,0.6649478497516452
BS36258D,2995.0,M3353,1.0,1,2019-01-04 10:54:51,113.885364466,22.6725681779,24.94189841307754,0.6705919308858954
BS36258D,2995.0,M3353,1.0,1,2019-01-04 10:54:53,113.885494909,22.6726353986,24.957248152522084,0.6710046264731453
BS36258D,2995.0,M3353,1.0,1,2019-01-04 10:54:56,113.885651982,22.6727163416,24.97571197860305,0.6715010478993784
BS09691D,3033.0,M3353,1.0,2,2019-01-04 10:55:02,113.884213813,22.6720571949,24.81076229866036,0.6670661840193384
BS09691D,2995.0,M3353,1.0,2,2019-01-04 10:55:10,113.885147916,22.6724644492,24.91686071292195,0.6699187632138037
BS36258D,2995.0,M3353,1.0,1,2019-01-04 10:55:11,113.886060437,22.6729268282,25.02372561663941,0.6727919503682448
BS09691D,2995.0,M3353,1.0,2,2019-01-04 10:55:16,113.88533007,22.6725504532,24.93786052400437,0.6704833675445879
BS36258D,2995.0,M3353,1.0,1,2019-01-04 10:55:26,113.886217509,22.6730077713,25.042189328592872,0.673288368726027
BS09691D,2995.0,M3353,1.0,2,2019-01-04 10:55:31,113.885798588,22.6727918913,24.99294543871826,0.6719643895064648
BS36258D,2995.0,M3353,1.0,1,2019-01-04 10:55:41,113.886314889,22.6730579532,25.053636257274743,0.6735961327093598
BS09691D,2995.0,M3353,1.0,2,2019-01-04 10:55:44,113.885890938,22.6728394815,25.003801127998145,0.6722562573312282
BS09691D,2995.0,M3353,1.0,2,2019-01-04 10:55:47,113.885921265,22.6728551098,25.007366051955643,0.6723521044556342
BS49143D,77067.0,M3353,1.0,2,2019-01-04 10:56:06,113.921147633,22.6877910262,31.324055808866756,0.8421836509859175
BS30452D,77067.0,M3353,1.0,2,2019-01-04 10:56:08,113.918935396,22.6892075135,31.601360209835505,0.8496393021400129
BS30452D,77067.0,M3353,1.0,2,2019-01-04 10:56:14,113.918734113,22.689385297,31.629915252312543,0.8504070376489175
BS34147D,77067.0,M3353,1.0,1,2019-01-04 10:56:18,113.919333542,22.6888856571,31.547086902939974,0.848180101197732
BS34147D,77067.0,M3353,1.0,1,2019-01-04 10:56:19,113.919244718,22.6889558668,31.55907674549191,0.8485024620515356
BS49143D,77067.0,M3353,1.0,2,2019-01-04 10:56:21,113.919383001,22.6888465626,31.540410691660146,0.8480006034971561
BS49143D,77067.0,M3353,1.0,2,2019-01-04 10:56:23,113.919208137,22.6889847818,31.564014607937597,0.8486352222230774
BS30452D,77067.0,M3353,1.0,2,2019-01-04 10:56:27,113.918510856,22.6895925265,31.66237201712079,0.8512796754979938
BS34147D,77067.0,M3353,1.0,1,2019-01-04 10:56:33,113.918561891,22.689543224,31.65480170285267,0.8510761387992872
BS49143D,77067.0,M3353,1.0,2,2019-01-04 10:56:36,113.918662472,22.6894485743,31.64007863039236,0.8506802918823357
BS30452D,77067.0,M3353,1.0,2,2019-01-04 10:56:41,113.918313488,22.6897831905,31.691648421832497,0.8520668056690768
BS34147D,77067.0,M3353,1.0,1,2019-01-04 10:56:48,113.918181396,22.6899170239,31.711750822599686,0.8526072820804009
BS34147D,77067.0,M3353,1.0,1,2019-01-04 10:56:49,113.918108409,22.6899945248,31.723148407337977,0.8529137193944539
BS08968D,50442.0,M3353,1.0,2,2019-01-04 10:56:51,113.928755805,22.6818742474,30.114145325241743,0.8096538012537187
BS49143D,77067.0,M3353,1.0,2,2019-01-04 10:56:51,113.918458033,22.6896435553,31.670207474298078,0.8514903408720109
BS09075D,50442.0,M3353,1.0,2,2019-01-04 10:56:55,113.9286151,22.6815814,30.07862981417665,0.8086989254560908
BS30452D,77067.0,M3353,1.0,2,2019-01-04 10:56:57,113.917236398,22.691098142,31.87499800002048,0.8569963722011786
BS34147D,77067.0,M3353,1.0,1,2019-01-04 10:57:01,113.917223517,22.6911189184,31.877652320035946,0.8570677366801321
BS34147D,77067.0,M3353,1.0,1,2019-01-04 10:57:03,113.91711271,22.6912976394,31.900485245622804,0.8576816264251501
BS49143D,77067.0,M3353,1.0,2,2019-01-04 10:57:03,113.918122975,22.6899790579,31.720873788836887,0.8528525636320732
BS49143D,77067.0,M3353,1.0,2,2019-01-04 10:57:06,113.917919632,22.6901971604,31.75281167236803,0.8537112507548756
BS30452D,77067.0,M3353,1.0,2,2019-01-04 10:57:09,113.916815372,22.6918155886,31.965488535016352,0.8594293154192444
BS49143D,77067.0,M3353,1.0,2,2019-01-04 10:57:15,113.917212002,22.6911374904,31.880025048857924,0.8571315302525319
BS34147D,77067.0,M3353,1.0,1,2019-01-04 10:57:18,113.916828411,22.6917920268,31.962555422426664,0.859350455277869
BS08968D,50442.0,M3353,1.0,2,2019-01-04 10:57:20,113.928761635,22.6818891293,30.11589885687755,0.8097009469900235
BS30452D,77067.0,M3353,1.0,2,2019-01-04 10:57:21,113.916625086,22.6921928314,32.01163742256592,0.8606700819037183
BS49143D,77067.0,M3353,1.0,2,2019-01-04 10:57:21,113.916888263,22.6916838758,31.94909206371796,0.8589884772293999
BS09075D,50442.0,M3353,1.0,2,2019-01-04 10:57:27,113.9286151,22.6815814,30.07862981417665,0.8086989254560908
BS34147D,77067.0,M3353,1.0,1,2019-01-04 10:57:31,113.916653969,22.6921310894,32.004183793536214,0.8604696824232796
BS09075D,50442.0,M3353,1.0,2,2019-01-04 10:57:33,113.928652789,22.6816584525,30.08800040408533,0.8089508646580045
BS34147D,77067.0,M3353,1.0,1,2019-01-04 10:57:33,113.91662955,22.6921832879,32.01048532941023,0.8606391065400536
BS08968D,56377.0,M3353,1.0,2,2019-01-04 10:57:34,113.928833218,22.6820718579,30.137429694457083,0.8102798285854388
BS30452D,75282.0,M3353,1.0,2,2019-01-04 10:57:35,113.916008398,22.6936322212,32.18322517757893,0.8652834181480125
BS49143D,77067.0,M3353,1.0,2,2019-01-04 10:57:36,113.916682708,22.6920696558,31.996767383704963,0.8602702836242543
BS49143D,77067.0,M3353,1.0,2,2019-01-04 10:57:37,113.916653165,22.6921328085,32.00439131896481,0.8604752619856514
BS09075D,50442.0,M3353,1.0,2,2019-01-04 10:57:47,113.928661757,22.6816767881,30.09023022825544,0.8090108160727284
BS08968D,56377.0,M3353,1.0,2,2019-01-04 10:57:48,113.928918217,22.6822888742,30.16300007136939,0.8109673178913095
BS34147D,75287.0,M3353,1.0,1,2019-01-04 10:57:48,113.916224429,22.6930934826,32.119569422645355,0.8635719591842262
BS30452D,75282.0,M3353,1.0,2,2019-01-04 10:57:49,113.915279584,22.6954605542,32.409099679124765,0.8713563166748579
BS49143D,75287.0,M3353,1.0,2,2019-01-04 10:57:51,113.916220453,22.6931033188,32.12073277676734,0.8636032373120593
BS09075D,50442.0,M3353,1.0,2,2019-01-04 10:57:54,113.928753774,22.6818690648,30.113534635436256,0.8096373821484424
BS30452D,75282.0,M3353,1.0,2,2019-01-04 10:58:03,113.914578463,22.6973625722,32.62176414316542,0.8770740479882476
BS34147D,75282.0,M3353,1.0,1,2019-01-04 10:58:03,113.915405895,22.6951437664,32.36169487946523,0.8700817835334561
BS08968D,56377.0,M3353,1.0,2,2019-01-04 10:58:04,113.928924047,22.6823037572,30.1647537169519,0.8110144666912039
BS49143D,75282.0,M3353,1.0,2,2019-01-04 10:58:06,113.915436985,22.6950657933,32.35248816850423,0.869834250407541
BS49143D,75282.0,M3353,1.0,2,2019-01-04 10:58:07,113.915381757,22.6952043035,32.368842833463475,0.8702739645853624
BS09075D,50442.0,M3353,1.0,2,2019-01-04 10:58:08,113.928774679,22.6819224221,30.119821794556493,0.8098064197294798
BS09075D,50442.0,M3353,1.0,2,2019-01-04 10:58:10,113.92878837,22.6819573686,30.123939557859224,0.8099171305822936
BS30452D,75282.0,M3353,1.0,2,2019-01-04 10:58:17,113.914226754,22.6992860859,32.83809658392147,0.8828903971192261
BS34147D,75282.0,M3353,1.0,1,2019-01-04 10:58:18,113.914521249,22.6975673527,32.64519434358136,0.8777039961613077
BS49143D,75282.0,M3353,1.0,2,2019-01-04 10:58:21,113.914619967,22.6972257289,32.60602152982169,0.876650789529548
BS30452D,75282.0,M3353,1.0,2,2019-01-04 10:58:31,113.914082682,22.7010508762,33.034096790572484,0.888160090502438
BS34147D,75282.0,M3353,1.0,1,2019-01-04 10:58:33,113.914160695,22.7000268341,32.92041031921797,0.8851034975727975
BS49143D,75282.0,M3353,1.0,2,2019-01-04 10:58:36,113.914210358,22.6994636568,32.85783411223649,0.8834210635105519
BS30452D,75282.0,M3353,1.0,2,2019-01-04 10:58:37,113.914059888,22.701317913,33.06376100308803,0.8889576473371087
BS34147D,75282.0,M3353,1.0,1,2019-01-04 10:58:48,113.91406016,22.7013147264,33.063407014537134,0.8889481299434473
BS49143D,75282.0,M3353,1.0,2,2019-01-04 10:58:51,113.914075791,22.7011316063,33.043064823193475,0.8884012064837462
BS49143D,75282.0,M3353,1.0,2,2019-01-04 10:59:06,113.914074013,22.7011524354,33.0453786576607,0.8884634166129605
BS30452D,75282.0,M3353,1.0,2,2019-01-04 10:59:18,113.914018773,22.7017995677,33.11726640343255,0.8903962022191637
BS34147D,75282.0,M3353,1.0,1,2019-01-04 10:59:18,113.914042968,22.7015161355,33.08578086815022,0.8895496770048328
BS49143D,75282.0,M3353,1.0,2,2019-01-04 10:59:21,113.914060219,22.7013140338,33.06333007692254,0.888946061386248
BS30452D,64546.0,M3353,1.0,2,2019-01-04 10:59:28,113.913965252,22.7025510382,33.20068434360556,0.8926389905043494
BS34147D,64546.0,M3353,1.0,1,2019-01-04 10:59:28,113.91398222,22.7023324179,33.17641166889328,0.891986391430554
BS34147D,64546.0,M3353,1.0,1,2019-01-04 10:59:33,113.913954363,22.7026913368,33.2162612232939,0.8930577930210778
BS49143D,64546.0,M3353,1.0,2,2019-01-04 10:59:33,113.913982292,22.7023315009,33.17630985136611,0.8919836539479852
BS49143D,64546.0,M3353,1.0,2,2019-01-04 10:59:36,113.913966896,22.7025298546,33.19833240097381,0.8925757557928357
BS34147D,64546.0,M3353,1.0,1,2019-01-04 10:59:48,113.913929347,22.7030136444,33.312545619639465,0.8956465109362186
BS30452D,64546.0,M3353,1.0,2,2019-01-04 10:59:51,113.913910973,22.7032503752,33.28626219286487,0.8949398504559629
BS49143D,64546.0,M3353,1.0,2,2019-01-04 10:59:51,113.913939582,22.7028817783,33.237405302011666,0.8936262761549325
BS34147D,64546.0,M3353,1.0,1,2019-01-04 11:00:03,113.913903675,22.7033235326,33.28646705903105,0.8949453585209737
BS34147D,64546.0,M3353,1.0,1,2019-01-04 11:00:04,113.913896984,22.703378896,33.29263641837959,0.8951112289182205
BS30452D,64546.0,M3353,1.0,2,2019-01-04 11:00:05,113.913859302,22.7036906463,33.35190348373321,0.8967046928613094
BS49143D,64546.0,M3353,1.0,2,2019-01-04 11:00:06,113.913912855,22.7032261184,33.28895533883269,0.8950122588157762
BS49143D,64546.0,M3353,1.0,2,2019-01-04 11:00:16,113.913897753,22.7033725338,33.29192745261851,0.8950921675496438
BS34147D,64546.0,M3353,1.0,1,2019-01-04 11:00:18,113.913513223,22.7048622891,33.46255887009075,0.8996797915475234
BS30452D,64546.0,M3353,1.0,2,2019-01-04 11:00:19,113.913283202,22.7052931501,33.51584204082637,0.9011123715282272
BS49143D,64546.0,M3353,1.0,2,2019-01-04 11:00:21,113.913859624,22.7036879817,33.35220041011771,0.896712676072299
BS30452D,64175.0,M3353,1.0,2,2019-01-04 11:00:32,113.911900075,22.7067611482,33.73348025656245,0.906963827937355
BS34147D,64175.0,M3353,1.0,1,2019-01-04 11:00:33,113.912162761,22.7065695549,33.699118391639594,0.9060399692572404
BS49143D,64546.0,M3353,1.0,2,2019-01-04 11:00:36,113.913181709,22.7054519353,33.53628572361699,0.9016620237034518
BS30452D,63072.0,M3353,1.0,2,2019-01-04 11:00:42,113.910737804,22.7073289644,33.86911530841908,0.910610533966462
BS34147D,63072.0,M3353,1.0,1,2019-01-04 11:00:43,113.910876072,22.7072796762,33.85389686226316,0.91020136835189
BS34147D,63083.0,M3353,1.0,1,2019-01-04 11:00:48,113.910356181,22.7074649504,33.911116551100406,0.9117397861974996
BS49143D,64175.0,M3353,1.0,2,2019-01-04 11:00:51,113.911429574,22.7070519527,33.79161722719385,0.9085269079702336
BS30452D,63083.0,M3353,1.0,2,2019-01-04 11:00:53,113.909954639,22.707601703,33.95506211954384,0.9129213138867032
BS49143D,63072.0,M3353,1.0,2,2019-01-04 11:00:56,113.910768031,22.7073181895,33.86578838174579,0.910521085675686
BS34147D,63083.0,M3353,1.0,1,2019-01-04 11:01:03,113.910019686,22.7075797791,33.94795195802811,0.9127301489296188
BS49143D,63083.0,M3353,1.0,2,2019-01-04 11:01:06,113.910089929,22.707556104,33.9402739142273,0.9125237157972028
BS34147D,63083.0,M3353,1.0,1,2019-01-04 11:01:08,113.909742026,22.7076733634,33.9783026957322,0.9135461637919888
BS34147D,63083.0,M3353,1.0,1,2019-01-04 11:01:13,113.90935625,22.7078033873,34.02047201839945,0.9146799350488214
BS34147D,63083.0,M3353,1.0,1,2019-01-04 11:01:18,113.908652056,22.7080407329,34.216132458859725,0.9199404934230566
BS49143D,63083.0,M3353,1.0,2,2019-01-04 11:01:21,113.909734521,22.7076758928,33.97912306163424,0.913568220282845
BS30452D,63083.0,M3353,1.0,2,2019-01-04 11:01:22,113.907763519,22.7083608266,34.195437716898695,0.9193840912302084
BS34147D,63083.0,M3353,1.0,1,2019-01-04 11:01:33,113.906748713,22.7090440864,34.324615340697974,0.922857181799986
BS30452D,63083.0,M3353,1.0,2,2019-01-04 11:01:35,113.906227064,22.709491304,34.39768251690856,0.9248216777644852
BS49143D,63083.0,M3353,1.0,2,2019-01-04 11:01:36,113.908045052,22.7082483691,34.16392659816164,0.9185368781749592
BS34147D,63083.0,M3353,1.0,1,2019-01-04 11:01:48,113.905250431,22.7104245354,34.55237803384966,0.9289808465529577
BS30452D,75773.0,M3353,1.0,2,2019-01-04 11:01:49,113.9048407,22.7108377773,34.60392556290271,0.9303667617895442
BS30452D,75773.0,M3353,1.0,2,2019-01-04 11:01:50,113.90474804,22.7109279861,34.6177249132895,0.93073777336483
BS49143D,63083.0,M3353,1.0,2,2019-01-04 11:01:51,113.906217351,22.7095005618,34.39911321463249,0.9248601437358124
BS30452D,75773.0,M3353,1.0,2,2019-01-04 11:01:56,113.904383869,22.7112825259,34.67195907901135,0.9321959219511592
BS49143D,63083.0,M3353,1.0,2,2019-01-04 11:02:00,113.905288297,22.7103880045,34.55799055023705,0.9291317455799288
BS34147D,75773.0,M3353,1.0,1,2019-01-04 11:02:03,113.904443058,22.7112249022,34.663144356363915,0.9319589278866952
BS34147D,75773.0,M3353,1.0,1,2019-01-04 11:02:06,113.904406314,22.7112606749,34.66861649128312,0.932106052594717
BS49143D,75773.0,M3353,1.0,2,2019-01-04 11:02:06,113.904803313,22.7108741756,34.60949343221789,0.930516460428082
BS30452D,75773.0,M3353,1.0,2,2019-01-04 11:02:09,113.904199089,22.7114624187,34.699477388184015,0.932935783680094
BS49143D,75773.0,M3353,1.0,2,2019-01-04 11:02:13,113.90440621,22.7112607758,34.66863195145497,0.932106468259408
BS34147D,75773.0,M3353,1.0,1,2019-01-04 11:02:18,113.904243129,22.711419544,34.69291878502813,0.932759448010636
BS49143D,75773.0,M3353,1.0,2,2019-01-04 11:02:21,113.904280619,22.7113830448,34.68733553672153,0.9326093358900376
BS30452D,75773.0,M3353,1.0,2,2019-01-04 11:02:23,113.903748206,22.7119013765,34.76662494816535,0.9347411238814056
BS34147D,75189.0,M3353,1.0,1,2019-01-04 11:02:33,113.903385403,22.7122545852,34.82065526402265,0.9361937917271748
BS49143D,75773.0,M3353,1.0,2,2019-01-04 11:02:36,113.904004983,22.711651391,34.72838456409752,0.9337129867057518
BS30452D,75189.0,M3353,1.0,2,2019-01-04 11:02:37,113.902718231,22.7130146273,34.92931431924778,0.9391152167303916
BS34147D,75189.0,M3353,1.0,1,2019-01-04 11:02:48,113.902277244,22.7138051015,35.02810324452683,0.9417712718171324
BS30452D,75189.0,M3353,1.0,2,2019-01-04 11:02:51,113.901982154,22.7147001492,35.13209292253641,0.944567155186302
BS49143D,75189.0,M3353,1.0,2,2019-01-04 11:02:51,113.903009599,22.7126676063,34.88055296709722,0.9378042110984344
BS34147D,75189.0,M3353,1.0,1,2019-01-04 11:03:03,113.90188604,22.7156902625,35.24237993146039,0.9475323496170188
BS30452D,64436.0,M3353,1.0,2,2019-01-04 11:03:05,113.902061304,22.7166714106,35.35255842572495,0.9504946265049816
BS49143D,75189.0,M3353,1.0,2,2019-01-04 11:03:06,113.902190919,22.7139955839,35.0650448968009,0.9427644910788864
BS30452D,64431.0,M3353,1.0,2,2019-01-04 11:03:15,113.902131409,22.7171350442,35.404429533460515,0.95188924153057
BS34147D,64431.0,M3353,1.0,1,2019-01-04 11:03:18,113.902113935,22.7169825514,35.38744731811069,0.9514326549310436
BS49143D,64436.0,M3353,1.0,2,2019-01-04 11:03:21,113.901921441,22.715910339,35.267061220974554,0.94819593477473
BS30452D,64431.0,M3353,1.0,2,2019-01-04 11:03:24,113.902175364,22.71751863,35.4471472040602,0.9530377557589566
BS49143D,64436.0,M3353,1.0,2,2019-01-04 11:03:30,113.902073421,22.7167373431,35.35996515453251,0.9506937650184318
BS34147D,64431.0,M3353,1.0,1,2019-01-04 11:03:31,113.902156047,22.7173500564,35.428374162001674,0.9525330207017394
BS30452D,64431.0,M3353,1.0,2,2019-01-04 11:03:32,113.902208003,22.7178034562,35.478866614558115,0.9538905689803112
BS34147D,64431.0,M3353,1.0,1,2019-01-04 11:03:33,113.902174366,22.717509923,35.446177554314254,0.953011685598432
BS49143D,64431.0,M3353,1.0,2,2019-01-04 11:03:36,113.90210766,22.7169277984,35.38134979261478,0.9512687158704232
BS30452D,64431.0,M3353,1.0,2,2019-01-04 11:03:46,113.90224207,22.7181007546,35.51197496738402,0.9547807255306376
BS34147D,64431.0,M3353,1.0,1,2019-01-04 11:03:48,113.902223598,22.7179395547,35.494023090562955,0.9542980684553384
BS30452D,64431.0,M3353,1.0,2,2019-01-04 11:03:50,113.902272469,22.7183660485,35.54151916287913,0.955575055568208
BS09053D,56377.0,M3353,1.0,2,2019-01-04 11:06:01,113.928971415,22.6824246953,30.179003488750407,0.8113975883697059
BS09053D,56377.0,M3353,1.0,2,2019-01-04 11:06:06,113.929036893,22.6825918832,30.198702567108636,0.8119272209892497
BS09053D,56377.0,M3353,1.0,2,2019-01-04 11:06:10,113.929042722,22.6826067665,30.20045620842231,0.8119743696743716
BS36206D,56377.0,M3353,1.0,1,2019-01-04 11:06:11,113.928944276,22.682355407,30.170839430976336,0.8111780881866842
BS09053D,56377.0,M3353,1.0,2,2019-01-04 11:06:24,113.929165451,22.6829201403,30.237379716926,0.8129671011197691
BS36206D,56377.0,M3353,1.0,1,2019-01-04 11:06:26,113.929051962,22.6826303586,30.203235981585124,0.8120491071070163
BS36206D,56377.0,M3353,1.0,1,2019-01-04 11:06:27,113.929062043,22.682656101,30.2062690755037,0.8121306553626354
BS08968D,54090.0,M3353,1.0,2,2019-01-04 11:08:26,113.929542128,22.6838580127,30.34822600963634,0.8159473325451844
BS09298D,54090.0,M3353,1.0,2,2019-01-04 11:08:26,113.929474824,22.6836992422,30.329332458450136,0.8154393574599919
BS08968D,54142.0,M3353,1.0,2,2019-01-04 11:08:39,113.9295605,22.6839781,30.361864806114745,0.8163140274420178
BS09075D,54109.0,M3353,1.0,2,2019-01-04 11:08:40,113.92952449,22.6839944227,30.365983067907457,0.8164247516973143
BS09298D,54142.0,M3353,1.0,2,2019-01-04 11:08:40,113.9295605,22.6839781,30.361864806114745,0.8163140274420178
BS08968D,63792.0,M3353,1.0,2,2019-01-04 11:08:53,113.928492101,22.6844553877,30.483713956021912,0.8195900834727091
BS09075D,54109.0,M3353,1.0,2,2019-01-04 11:08:54,113.929442766,22.6840314668,30.37532938441124,0.8166760382805223
BS09298D,54109.0,M3353,1.0,2,2019-01-04 11:08:54,113.9293443,22.6840761,30.386590398545398,0.8169788037351357
BS08968D,63862.0,M3353,1.0,2,2019-01-04 11:09:08,113.927251513,22.6850117044,30.625301091274764,0.823396818182527
BS09298D,63792.0,M3353,1.0,2,2019-01-04 11:09:08,113.9283538,22.6845174,30.49949785222882,0.8200144518691719
BS09075D,63792.0,M3353,1.0,2,2019-01-04 11:09:10,113.928795292,22.6843195872,30.455904828522936,0.8188424027550292
BS08968D,63861.0,M3353,1.0,2,2019-01-04 11:09:21,113.926459916,22.6853666528,30.71564375037556,0.825825785585265
BS09298D,63862.0,M3353,1.0,2,2019-01-04 11:09:22,113.927150479,22.6850570119,30.636832026201343,0.8237068407713961
BS09075D,63862.0,M3353,1.0,2,2019-01-04 11:09:23,113.927554902,22.6848756541,30.590675556460763,0.8224658704309034
BS08968D,63861.0,M3353,1.0,2,2019-01-04 11:09:29,113.92579553,22.6856645539,30.79146773144757,0.827864401452928
BS09075D,63862.0,M3353,1.0,2,2019-01-04 11:09:29,113.927333663,22.6849748657,30.615925394705712,0.8231447416821134
BS09298D,63861.0,M3353,1.0,2,2019-01-04 11:09:36,113.925960203,22.6855907172,30.772674221803868,0.8273591161008921
BS09298D,63861.0,M3353,1.0,2,2019-01-04 11:09:37,113.925858397,22.6856363652,30.784292950734468,0.8276714991336096
BS08968D,63861.0,M3353,1.0,2,2019-01-04 11:09:40,113.925060849,22.6859935768,30.87529492722357,0.8301181930507119
BS09075D,63861.0,M3353,1.0,2,2019-01-04 11:09:43,113.926801422,22.6852135264,30.67666884752249,0.8247779000182776
BS09298D,63861.0,M3353,1.0,2,2019-01-04 11:09:50,113.925079928,22.6859850522,30.873118967804192,0.8300596898524226
BS09298D,63861.0,M3353,1.0,2,2019-01-04 11:09:51,113.925060849,22.6859935768,30.87529492722357,0.8301181930507119
BS08968D,63861.0,M3353,1.0,2,2019-01-04 11:09:52,113.924883417,22.6860728524,30.895530980573625,0.8306622628670819
BS09075D,63861.0,M3353,1.0,2,2019-01-04 11:09:53,113.925813931,22.6856563031,30.78936769063333,0.8278079394145844
BS09298D,63861.0,M3353,1.0,2,2019-01-04 11:10:05,113.924915149,22.6860586748,30.891911966422853,0.8305649614649563
BS08968D,63861.0,M3353,1.0,2,2019-01-04 11:10:07,113.924668335,22.6861689499,30.92006096536929,0.8313217800215622
BS08968D,63861.0,M3353,1.0,2,2019-01-04 11:10:08,113.924649222,22.6861774895,30.922240792536897,0.8313803872087583
BS09075D,63861.0,M3353,1.0,2,2019-01-04 11:10:08,113.925048129,22.6859992599,30.8767456300858,0.8301571968834359
BS08968D,63861.0,M3353,1.0,2,2019-01-04 11:10:11,113.924617423,22.6861916972,30.925867453392076,0.8314778942014203
BS09298D,63861.0,M3353,1.0,2,2019-01-04 11:10:19,113.924731967,22.6861405195,30.912803773885862,0.8311266619928909
BS08968D,63861.0,M3353,1.0,2,2019-01-04 11:10:20,113.924528995,22.6862312063,30.93595261019558,0.8317490453649021
BS09298D,63861.0,M3353,1.0,2,2019-01-04 11:10:24,113.924661942,22.6861718064,30.920790090115208,0.8313413833878787
BS08968D,63861.0,M3353,1.0,2,2019-01-04 11:10:34,113.924497163,22.686245429,30.939583045824723,0.8318466538467499
BS09298D,63861.0,M3353,1.0,2,2019-01-04 11:10:39,113.924649222,22.6861774895,30.922240792536897,0.8313803872087583
BS08968D,63861.0,M3353,1.0,2,2019-01-04 11:10:48,113.924484443,22.686251112,30.941033742817176,0.8318856575216582
BS09298D,63861.0,M3353,1.0,2,2019-01-04 11:10:53,113.924617423,22.6861916972,30.925867453392076,0.8314778942014203
BS08968D,63861.0,M3353,1.0,2,2019-01-04 11:10:58,113.924370576,22.6863019873,30.95402020629166,0.8322348136874201
BS09075D,63861.0,M3353,1.0,2,2019-01-04 11:11:05,113.924902463,22.6860643428,30.89335879649765,0.8306038611732887
BS09298D,63861.0,M3353,1.0,2,2019-01-04 11:11:06,113.924453321,22.6862650173,30.9445831945341,0.8319810886568918
BS08968D,63861.0,M3353,1.0,2,2019-01-04 11:11:12,113.92419947,22.6863784363,30.97353471488175,0.8327594839342068
BS09075D,63861.0,M3353,1.0,2,2019-01-04 11:11:16,113.924623817,22.6861888406,30.925138231342768,0.831458288218989
BS09075D,63861.0,M3353,1.0,2,2019-01-04 11:11:18,113.924591984,22.6862030633,30.92876876045813,0.8315558992143226
BS09298D,63861.0,M3353,1.0,2,2019-01-04 11:11:21,113.924148558,22.6864011836,30.979341195768622,0.8329155979222078
BS08968D,63861.0,M3353,1.0,2,2019-01-04 11:11:26,113.923661223,22.6866189223,31.03492135984448,0.8344099352388509
BS09075D,63861.0,M3353,1.0,2,2019-01-04 11:11:30,113.924256099,22.6863531348,30.967076219402006,0.8325858397759855
BS09298D,63861.0,M3353,1.0,2,2019-01-04 11:11:35,113.923546679,22.6866700999,31.047984997886672,0.8347611663325721
BS08968D,77061.0,M3353,1.0,2,2019-01-04 11:11:40,113.9229802,22.6869232,31.112591376207547,0.8364981839111147
BS09075D,63861.0,M3353,1.0,2,2019-01-04 11:11:44,113.924129512,22.6864096932,30.981513375555934,0.8329739995006956
BS08968D,77061.0,M3353,1.0,2,2019-01-04 11:11:47,113.9229802,22.6869232,31.112591376207547,0.8364981839111147
BS09298D,63861.0,M3353,1.0,2,2019-01-04 11:11:47,113.923249563,22.68680285,31.08187080495004,0.8356722256437726
BS09075D,77067.0,M3353,1.0,2,2019-01-04 11:14:06,113.920583936,22.6880633888,31.389374363804954,0.8439398162606393
BS09298D,77067.0,M3353,1.0,2,2019-01-04 11:14:06,113.920412278,22.6881575289,31.409863760819004,0.8444906975158983
BS08968D,77067.0,M3353,1.0,2,2019-01-04 11:14:07,113.919342877,22.6888782782,31.545826811776134,0.8481462221820831
BS08968D,77067.0,M3353,1.0,2,2019-01-04 11:14:10,113.919073678,22.6890910635,31.582164480767144,0.849123202651212
BS08968D,77067.0,M3353,1.0,2,2019-01-04 11:14:19,113.918734167,22.689385249,31.629907568353364,0.8504068310567431
BS09075D,77067.0,M3353,1.0,2,2019-01-04 11:14:20,113.919200714,22.6889906493,31.56501660251731,0.848662162012055
BS09298D,77067.0,M3353,1.0,2,2019-01-04 11:14:20,113.919089452,22.6890785949,31.580035221696377,0.8490659550460788
BS09298D,77067.0,M3353,1.0,2,2019-01-04 11:14:21,113.919007092,22.6891441881,31.5911890565452,0.8493658388610227
BS09075D,77067.0,M3353,1.0,2,2019-01-04 11:14:23,113.919032458,22.6891236457,31.58772855826816,0.8492727993424185
BS09590D,63457.0,M3353,1.0,2,2019-01-04 11:20:11,113.858328385,22.6260224494,17.90098381565042,0.4812887576913595
BS42653D,63480.0,M3353,1.0,3,2019-01-04 11:20:12,113.859665908,22.6306847594,18.4360209906147,0.4956738540586395
BS42653D,63480.0,M3353,1.0,3,2019-01-04 11:20:21,113.859679285,22.6308924075,18.459056790937503,0.4962931983267515
BS09590D,67861.0,M3353,1.0,2,2019-01-04 11:20:25,113.858785617,22.6274445317,18.065357287232263,0.4857081295398428
BS42653D,63480.0,M3353,1.0,3,2019-01-04 11:20:36,113.859683934,22.6312809709,18.502118733989363,0.4974509687201913
BS09590D,63480.0,M3353,1.0,2,2019-01-04 11:20:39,113.859255813,22.6289988496,18.24413985116145,0.490514906584975
BS09590D,63480.0,M3353,1.0,2,2019-01-04 11:20:48,113.85957884,22.6301007616,18.370634632438275,0.4939158658150447
BS42653D,63480.0,M3353,1.0,3,2019-01-04 11:20:51,113.859682291,22.6313669161,18.511637708469845,0.4977068974137976
BS09590D,63480.0,M3353,1.0,2,2019-01-04 11:21:01,113.859686445,22.6311497037,18.487580058655297,0.4970600795343192
BS09590D,63480.0,M3353,1.0,2,2019-01-04 11:21:02,113.859686122,22.6311665718,18.48944830835654,0.4971103095991596
BS42653D,63480.0,M3353,1.0,3,2019-01-04 11:21:02,113.859657454,22.6317501289,18.554207618344872,0.4988514389233471
BS42653D,63480.0,M3353,1.0,3,2019-01-04 11:21:06,113.859647593,22.6318242186,18.56247461477839,0.4990737067318823
BS09298D,63072.0,M3353,1.0,2,2019-01-04 11:21:08,113.910714011,22.7073374461,33.87173409046542,0.9106809429658068
BS09053D,64175.0,M3353,1.0,2,2019-01-04 11:21:10,113.911540937,22.7069915828,33.77834663184939,0.908170112588877
BS09075D,63072.0,M3353,1.0,2,2019-01-04 11:21:12,113.910684991,22.7073477909,33.87492817475985,0.9107668196348134
BS09218D,63072.0,M3353,1.0,2,2019-01-04 11:21:17,113.910661197,22.7073562727,33.87754705637381,0.9108372313111492
BS09590D,63480.0,M3353,1.0,2,2019-01-04 11:21:17,113.859681674,22.6313991833,18.51521150525844,0.4978029830945813
BS09053D,63072.0,M3353,1.0,2,2019-01-04 11:21:19,113.910762201,22.7073202676,33.8664300552941,0.9105383378149032
BS09298D,63083.0,M3353,1.0,2,2019-01-04 11:21:19,113.910262591,22.7074979093,33.921401540252695,0.91201631008596
BS09075D,63083.0,M3353,1.0,2,2019-01-04 11:21:22,113.910365827,22.707461515,33.910054989579336,0.911711244882064
BS09590D,2865.0,M3353,1.0,2,2019-01-04 11:21:23,113.8595721,22.6322215,18.60717626344366,0.5002755625167052
BS09298D,63083.0,M3353,1.0,2,2019-01-04 11:21:29,113.910030001,22.7075763025,33.94682445257568,0.9126998346349364
BS09075D,63083.0,M3353,1.0,2,2019-01-04 11:21:30,113.910148354,22.707536412,33.93388774983232,0.912352016344272
BS09218D,63083.0,M3353,1.0,2,2019-01-04 11:21:31,113.910262591,22.7074979093,33.921401540252695,0.91201631008596
BS09053D,63083.0,M3353,1.0,2,2019-01-04 11:21:33,113.910342223,22.7074699219,33.91265267230784,0.9117810866017232
BS09218D,63083.0,M3353,1.0,2,2019-01-04 11:21:33,113.910242037,22.7075048367,33.92364803246025,0.9120767096402456
BS09053D,63083.0,M3353,1.0,2,2019-01-04 11:21:34,113.910328682,22.7074747448,33.91414289835911,0.9118211530613256
BS09590D,2865.0,M3353,1.0,2,2019-01-04 11:21:37,113.8595721,22.6322215,18.60717626344366,0.5002755625167052
BS09590D,2865.0,M3353,1.0,2,2019-01-04 11:21:51,113.8595721,22.6322215,18.60717626344366,0.5002755625167052
BS09590D,2865.0,M3353,1.0,2,2019-01-04 11:22:19,113.8595721,22.6322215,18.60717626344366,0.5002755625167052
BS09590D,2865.0,M3353,1.0,2,2019-01-04 11:22:33,113.8595721,22.6322215,18.60717626344366,0.5002755625167052
BS42653D,2865.0,M3353,1.0,3,2019-01-04 11:22:36,113.859673897,22.6325675085,18.6468961381302,0.5013434775173784
BS09590D,2865.0,M3353,1.0,2,2019-01-04 11:22:47,113.859675935,22.6325744336,18.647691118016244,0.5013648514756862
BS42653D,67951.0,M3353,1.0,3,2019-01-04 11:22:51,113.860092008,22.6340045816,18.81188677290035,0.5057794425155597
BS42653D,67951.0,M3353,1.0,3,2019-01-04 11:22:55,113.860193788,22.6344063741,18.88715498482287,0.5078031158836217
BS09590D,67951.0,M3353,1.0,2,2019-01-04 11:23:01,113.860010223,22.6336817233,18.775158616288493,0.504791963332848
BS42653D,67951.0,M3353,1.0,3,2019-01-04 11:23:06,113.860325922,22.6351181218,18.937823093752225,0.5091653868879594
BS09590D,67951.0,M3353,1.0,2,2019-01-04 11:23:09,113.86022244,22.6345194815,18.87428795695876,0.5074571708830745
BS09590D,67951.0,M3353,1.0,2,2019-01-04 11:23:21,113.860315705,22.634951904,18.919386371637707,0.5086696941833696
BS42653D,67951.0,M3353,1.0,3,2019-01-04 11:23:21,113.860329096,22.6352683812,18.95445876292005,0.5096126561905632
BS42653D,67951.0,M3353,1.0,3,2019-01-04 11:23:28,113.860322854,22.6355080281,18.980968491132785,0.5103254010480323
BS09590D,67951.0,M3353,1.0,2,2019-01-04 11:23:30,113.860328961,22.6351675575,18.94330645698903,0.5093128134823517
BS42653D,67951.0,M3353,1.0,3,2019-01-04 11:23:36,113.860316887,22.635737152,19.00633320500469,0.5110073608640026
BS09590D,67951.0,M3353,1.0,2,2019-01-04 11:23:44,113.860323918,22.6354672067,18.976450727982566,0.5102039357343655
BS09590D,67951.0,M3353,1.0,2,2019-01-04 11:23:48,113.860321321,22.6355669173,18.98748670468533,0.5105006507960562
BS42653D,67951.0,M3353,1.0,3,2019-01-04 11:23:51,113.860307241,22.6361075225,19.04743226908116,0.5121123569745708
BS09590D,67951.0,M3353,1.0,2,2019-01-04 11:23:56,113.860315662,22.6357842077,19.011543399464127,0.5111474429982883
BS42653D,67951.0,M3353,1.0,3,2019-01-04 11:24:06,113.86030337,22.6362561948,19.063900892398784,0.5125551350553207
BS09590D,67951.0,M3353,1.0,2,2019-01-04 11:24:10,113.860312252,22.6359151298,19.02612067675025,0.5115393700425118
BS42653D,67951.0,M3353,1.0,3,2019-01-04 11:24:21,113.860297016,22.63650017,19.09092634601929,0.5132817457898484
BS09590D,63404.0,M3353,1.0,2,2019-01-04 11:24:24,113.8602876,22.6368617,19.13097350193483,0.5143584601267894
BS09590D,63404.0,M3353,1.0,2,2019-01-04 11:24:26,113.8602876,22.6368617,19.13097350193483,0.5143584601267894
BS09590D,63404.0,M3353,1.0,2,2019-01-04 11:24:40,113.8602876,22.6368617,19.13097350193483,0.5143584601267894
BS09590D,63404.0,M3353,1.0,2,2019-01-04 11:24:54,113.8602876,22.6368617,19.13097350193483,0.5143584601267894
BS08968D,64442.0,M3353,1.0,2,2019-01-04 11:25:01,113.904934806,22.7204370229,36.036814571304646,0.9688916483469212
BS09298D,64442.0,M3353,1.0,2,2019-01-04 11:25:03,113.904072104,22.7204951777,36.12567571715029,0.9712807835437078
BS09075D,64442.0,M3353,1.0,2,2019-01-04 11:25:05,113.904117674,22.7204921059,36.12098185869295,0.9711545837030188
BS42653D,67951.0,M3353,1.0,3,2019-01-04 11:25:06,113.860287738,22.6368564038,19.13038683469737,0.5143426868961781
BS09590D,63404.0,M3353,1.0,2,2019-01-04 11:25:09,113.8602876,22.6368617,19.13097350193483,0.5143584601267894
BS08968D,64442.0,M3353,1.0,2,2019-01-04 11:25:15,113.905515362,22.7204577264,36.08455503832372,0.9701752062954584
BS09298D,64442.0,M3353,1.0,2,2019-01-04 11:25:15,113.904933782,22.7204370919,36.03692004647343,0.9688944841694364
BS09075D,64442.0,M3353,1.0,2,2019-01-04 11:25:16,113.904820883,22.7204447025,36.04854901780115,0.9692071425809062
BS42653D,63404.0,M3353,1.0,3,2019-01-04 11:25:21,113.860215418,22.6381703846,19.27611126033181,0.5182606574670228
BS08968D,81475.0,M3353,1.0,2,2019-01-04 11:25:23,113.906243263,22.7206037555,36.16154545121568,0.9722451830384418
BS09590D,63404.0,M3353,1.0,2,2019-01-04 11:25:23,113.860256359,22.6375977925,19.212556080051016,0.516551902569683
BS09298D,64442.0,M3353,1.0,2,2019-01-04 11:25:29,113.905432619,22.7204532219,36.07604002392604,0.9699462702356648
BS09075D,64442.0,M3353,1.0,2,2019-01-04 11:25:30,113.905262468,22.7204440192,36.05853031309377,0.9694755013069408
BS09298D,64442.0,M3353,1.0,2,2019-01-04 11:25:30,113.905516294,22.7204577772,36.08465095007598,0.9701777849944042
BS08968D,81475.0,M3353,1.0,2,2019-01-04 11:25:32,113.906784574,22.7207791427,36.220449722294816,0.973828892835755
BS09075D,64442.0,M3353,1.0,2,2019-01-04 11:25:32,113.905461183,22.7204547769,36.07897952209664,0.9700253020608056
BS42653D,63404.0,M3353,1.0,3,2019-01-04 11:25:36,113.859978593,22.6397668423,19.454629987810232,0.5230603409624973
BS09590D,63404.0,M3353,1.0,2,2019-01-04 11:25:37,113.860112435,22.6389439185,19.36246593008929,0.5205824031406929
BS09298D,81475.0,M3353,1.0,2,2019-01-04 11:25:38,113.906280948,22.7206159656,36.1656462517506,0.9723554378275258
BS09075D,81475.0,M3353,1.0,2,2019-01-04 11:25:40,113.906171614,22.7205805409,36.15374875974455,0.9720355599254952
BS08968D,81475.0,M3353,1.0,2,2019-01-04 11:25:46,113.90707846,22.720874363,36.25242971856404,0.974688712208472
BS09298D,81475.0,M3353,1.0,2,2019-01-04 11:25:48,113.90674818,22.7207673509,36.216489410166815,0.9737224152407924
BS09075D,81475.0,M3353,1.0,2,2019-01-04 11:25:49,113.906636416,22.7207311388,36.204327500102025,0.9733954281518972
BS09590D,63404.0,M3353,1.0,2,2019-01-04 11:25:51,113.859868003,22.6404267491,19.528588670884837,0.5250488061253082
BS42653D,63404.0,M3353,1.0,3,2019-01-04 11:25:51,113.859835134,22.6418034608,19.68150487547825,0.5291601360330701
BS08968D,59216.0,M3353,1.0,2,2019-01-04 11:25:52,113.9072639,22.7204606656,36.30479574124962,0.9760966335977728
BS42653D,63404.0,M3353,1.0,3,2019-01-04 11:25:54,113.859856709,22.6422029916,19.72580465457371,0.5303511870873823
BS08968D,59216.0,M3353,1.0,2,2019-01-04 11:26:02,113.907532368,22.7197496886,36.38822039242203,0.978339602315978
BS09298D,59216.0,M3353,1.0,2,2019-01-04 11:26:02,113.907150024,22.72076224,36.269409596258136,0.9751452359574068
BS09075D,81475.0,M3353,1.0,2,2019-01-04 11:26:03,113.906993175,22.7208467303,36.24314920366977,0.9744391947780224
BS09590D,63404.0,M3353,1.0,2,2019-01-04 11:26:05,113.859856548,22.6422000096,19.72547401633085,0.5303422974938944
BS42653D,13750.0,M3353,1.0,3,2019-01-04 11:26:06,113.859914046,22.6431279589,19.82840797355382,0.5331097965825639
BS09298D,59216.0,M3353,1.0,2,2019-01-04 11:26:07,113.907218784,22.7205801442,36.2907763475863,0.975719705903223
BS09590D,63404.0,M3353,1.0,2,2019-01-04 11:26:08,113.859872783,22.6425006466,19.758808068432145,0.5312385222315887
BS09075D,59216.0,M3353,1.0,2,2019-01-04 11:26:10,113.9072295,22.7205517656,36.29410623997155,0.975809233930612
BS08968D,59216.0,M3353,1.0,2,2019-01-04 11:26:16,113.907837384,22.7189419255,36.48300182350758,0.9808879112630812
BS09590D,13750.0,M3353,1.0,2,2019-01-04 11:26:16,113.859892738,22.6428365769,19.79606635787892,0.5322402546517849
BS42653D,13750.0,M3353,1.0,3,2019-01-04 11:26:16,113.859925619,22.643286214,19.84597332135984,0.5335820613759986
BS08968D,59216.0,M3353,1.0,2,2019-01-04 11:26:19,113.907856629,22.7188909588,36.48898215290605,0.9810486993703954
BS09298D,59216.0,M3353,1.0,2,2019-01-04 11:26:21,113.907548757,22.7197062861,36.3933131591699,0.9784765272697424
BS42653D,13750.0,M3353,1.0,3,2019-01-04 11:26:21,113.859948356,22.6435971229,19.880482311968027,0.5345098757011798
BS09590D,13750.0,M3353,1.0,2,2019-01-04 11:26:22,113.859906138,22.6430198183,19.81640503007612,0.5327870834951429
BS09075D,59216.0,M3353,1.0,2,2019-01-04 11:26:24,113.907548757,22.7197062861,36.3933131591699,0.9784765272697424
BS42653D,13750.0,M3353,1.0,3,2019-01-04 11:26:30,113.860020825,22.6445881081,19.990475610967536,0.5374671733991736
BS08968D,59216.0,M3353,1.0,2,2019-01-04 11:26:33,113.907975548,22.7185760298,36.52593535572292,0.9820422291819187
BS09298D,59216.0,M3353,1.0,2,2019-01-04 11:26:35,113.907843057,22.7189269015,36.48476470737046,0.980935308444882
BS09590D,13750.0,M3353,1.0,2,2019-01-04 11:26:36,113.859945107,22.6435527,19.875551638865023,0.5343773088234727
BS42653D,2892.0,M3353,1.0,3,2019-01-04 11:26:36,113.860057699,22.6451177312,20.04925646360911,0.5390475649483336
BS09298D,59216.0,M3353,1.0,2,2019-01-04 11:26:37,113.907853773,22.7188985229,36.48809460351578,0.9810248365733653
BS09590D,13750.0,M3353,1.0,2,2019-01-04 11:26:37,113.859952322,22.6436513545,19.886501688742637,0.5346717136425891
BS09075D,59216.0,M3353,1.0,2,2019-01-04 11:26:38,113.907822229,22.7189820589,36.478292629718766,0.98076129911418
BS42653D,2892.0,M3353,1.0,3,2019-01-04 11:26:51,113.860014052,22.6467311994,20.22798678071129,0.543852937276791
BS09590D,2892.0,M3353,1.0,2,2019-01-04 11:26:52,113.860053219,22.645283343,20.06760194240145,0.5395408044701467
BS42653D,2892.0,M3353,1.0,3,2019-01-04 11:26:52,113.860011319,22.6468322149,20.23917667321441,0.5441537905436834
BS42653D,2892.0,M3353,1.0,3,2019-01-04 11:27:05,113.859981134,22.6479480229,20.36277920531713,0.5474769882928046
BS09590D,2892.0,M3353,1.0,2,2019-01-04 11:27:06,113.860003585,22.647118108,20.27084619812181,0.5450052625329508
BS09590D,2892.0,M3353,1.0,2,2019-01-04 11:27:14,113.859986931,22.6477337311,20.339041241106184,0.5468387655323762
BS09590D,2892.0,M3353,1.0,2,2019-01-04 11:27:20,113.859981506,22.6479342687,20.361255597467515,0.5474360243247511
BS42653D,2892.0,M3353,1.0,3,2019-01-04 11:27:21,113.859973607,22.6482262921,20.393604202415,0.5483057541702478
BS09590D,2892.0,M3353,1.0,2,2019-01-04 11:27:34,113.859976104,22.6481339814,20.383378575104143,0.5480308262938952
BS42653D,29700.0,M3353,1.0,3,2019-01-04 11:27:36,113.859959011,22.648766089,20.453399663058512,0.5499134246349033
BS09590D,2892.0,M3353,1.0,2,2019-01-04 11:27:37,113.859975691,22.648149229,20.385067614467864,0.5480762380805003
BS09590D,29700.0,M3353,1.0,2,2019-01-04 11:27:51,113.859961694,22.6486667732,20.442398060944345,0.5496176337739835
BS42653D,29700.0,M3353,1.0,3,2019-01-04 11:27:51,113.859921024,22.650577785,20.719633008014267,0.5570714175792768
BS09590D,29700.0,M3353,1.0,2,2019-01-04 11:27:53,113.859956276,22.6488673107,20.46461239067402,0.5502148918503355
BS42653D,29700.0,M3353,1.0,3,2019-01-04 11:27:55,113.859915127,22.651056555,20.707089923912037,0.5567341821833147
BS42653D,29700.0,M3353,1.0,3,2019-01-04 11:28:06,113.859909334,22.6515276886,20.75926626286504,0.5581370037049799
BS09590D,29700.0,M3353,1.0,2,2019-01-04 11:28:07,113.859921161,22.6505665294,20.720879523178983,0.5571049315884089
BS09590D,29700.0,M3353,1.0,2,2019-01-04 11:28:09,113.8599185,22.6507839346,20.69680270125649,0.556457598244523
BS42653D,29700.0,M3353,1.0,3,2019-01-04 11:28:21,113.859905357,22.6518522631,20.80527563874161,0.5593740192559593
BS09590D,29700.0,M3353,1.0,2,2019-01-04 11:28:23,113.859910481,22.6514340556,20.748896752232724,0.5578582073582825
BS42653D,29700.0,M3353,1.0,3,2019-01-04 11:28:25,113.859868965,22.6521337162,20.82663816192873,0.5599483755232888
BS09590D,29700.0,M3353,1.0,2,2019-01-04 11:28:28,113.859908658,22.6515828065,20.765370368722674,0.5583011196862743
BS42653D,2897.0,M3353,1.0,3,2019-01-04 11:28:36,113.859758448,22.6526813803,20.888473841535543,0.5616108996462895
BS09590D,29700.0,M3353,1.0,2,2019-01-04 11:28:42,113.85990702,22.6517164878,20.780175082183685,0.5586991616164276
BS09590D,29700.0,M3353,1.0,2,2019-01-04 11:28:44,113.859905379,22.6518504495,20.805476488031925,0.5593794193225934
BS42653D,24190.0,M3353,1.0,3,2019-01-04 11:28:51,113.859153278,22.6541363943,21.06135318172285,0.5662589616593119
BS09590D,2897.0,M3353,1.0,2,2019-01-04 11:28:57,113.859763736,22.6526643485,20.886511002640223,0.5615581264410174
BS42653D,24190.0,M3353,1.0,3,2019-01-04 11:28:58,113.858880289,22.6548821528,21.14860753411775,0.5686048963464652
BS42653D,24190.0,M3353,1.0,3,2019-01-04 11:29:06,113.858722243,22.655499552,21.218934441645484,0.5704957170021827
BS09590D,24190.0,M3353,1.0,2,2019-01-04 11:29:11,113.859230292,22.6539531504,21.03956410860418,0.565673137101258
BS09590D,24190.0,M3353,1.0,2,2019-01-04 11:29:17,113.859001017,22.6545364899,21.108342084634625,0.5675223129332186
BS42653D,33976.0,M3353,1.0,3,2019-01-04 11:29:21,113.858677978,22.65572073,21.24384648199413,0.5711655061642998
BS42653D,33976.0,M3353,1.0,3,2019-01-04 11:29:25,113.858658051,22.6559791687,21.272569002012048,0.571937744501564
BS09590D,24190.0,M3353,1.0,2,2019-01-04 11:29:30,113.858719819,22.6555116583,21.220298037180715,0.5705323788531683
BS42653D,33976.0,M3353,1.0,3,2019-01-04 11:29:36,113.858645823,22.6561938335,21.296374016681916,0.5725777699915187
BS09590D,33976.0,M3353,1.0,2,2019-01-04 11:29:41,113.858702859,22.6555963898,21.22984168383314,0.5707889708867958
BS09590D,33976.0,M3353,1.0,2,2019-01-04 11:29:50,113.858658833,22.6559654272,21.27104515776865,0.5718967741777888
BS09590D,33976.0,M3353,1.0,2,2019-01-04 11:30:04,113.858656033,22.6560145932,21.276497363149307,0.5720433630570012
BS42653D,2978.0,M3353,1.0,3,2019-01-04 11:30:06,113.858642432,22.6565753702,21.338656944887614,0.5737145956653056
BS09590D,2978.0,M3353,1.0,2,2019-01-04 11:30:18,113.858687728,22.6572532464,21.41394100462669,0.5757386951203367
BS42653D,2978.0,M3353,1.0,3,2019-01-04 11:30:21,113.858983784,22.6583751682,21.54219185390235,0.5791868682797795
BS09590D,2978.0,M3353,1.0,2,2019-01-04 11:30:31,113.85920192,22.6588829554,21.602736997268675,0.5808146948358568
BS42653D,2978.0,M3353,1.0,3,2019-01-04 11:30:36,113.859758601,22.6598706529,21.726340355427077,0.5841379147944451
BS09590D,2978.0,M3353,1.0,2,2019-01-04 11:30:45,113.859796168,22.6599322767,21.734181085164312,0.5843487219273653
BS42653D,2878.0,M3353,1.0,3,2019-01-04 11:30:51,113.860174667,22.6605279386,21.810777551906543,0.5864081069701966
BS42653D,2878.0,M3353,1.0,3,2019-01-04 11:30:58,113.860552205,22.6610901423,21.88413744279372,0.5883804729090225
BS09590D,2878.0,M3353,1.0,2,2019-01-04 11:30:59,113.860261713,22.6606575606,21.827691490627576,0.5868628578731943
BS42653D,2878.0,M3353,1.0,3,2019-01-04 11:31:06,113.860978069,22.6617243102,21.96688756541827,0.5906053061431579
BS09590D,2878.0,M3353,1.0,2,2019-01-04 11:31:08,113.860657511,22.6612469572,21.90459961192491,0.5889306221110017
BS09590D,2878.0,M3353,1.0,2,2019-01-04 11:31:18,113.860945632,22.6616760079,21.96058476306229,0.5904358479755442
BS42653D,2878.0,M3353,1.0,3,2019-01-04 11:31:21,113.861098762,22.6619040385,21.99033958341984,0.591235840907368
BS42653D,2878.0,M3353,1.0,3,2019-01-04 11:31:28,113.86130304,22.6622082361,22.429675429287585,0.6030478958002452
BS09590D,2878.0,M3353,1.0,2,2019-01-04 11:31:32,113.861063626,22.6618517157,21.983512212786792,0.5910522791118759
BS42653D,2878.0,M3353,1.0,3,2019-01-04 11:31:36,113.861770774,22.6629047538,22.338789717747733,0.600604327801448
BS09590D,2878.0,M3353,1.0,2,2019-01-04 11:31:47,113.861249643,22.6621287204,22.440051092843863,0.6033268575754557
BS09590D,2878.0,M3353,1.0,2,2019-01-04 11:31:50,113.861396819,22.662347885,22.411453197350166,0.6025579699133866
BS09590D,61505.0,M3353,1.0,2,2019-01-04 11:36:06,113.874713776,22.6702593173,23.811642791880004,0.6402036947195542
BS42653D,61505.0,M3353,1.0,3,2019-01-04 11:36:06,113.875165573,22.6703263101,23.940907243571765,0.6436791197581484
BS09590D,61505.0,M3353,1.0,2,2019-01-04 11:36:16,113.875002707,22.6703021603,23.957857259272668,0.6441348406326852
BS09590D,61505.0,M3353,1.0,2,2019-01-04 11:36:30,113.875004921,22.6703024886,23.957626840646945,0.6441286455600979
BS09590D,61505.0,M3353,1.0,2,2019-01-04 11:36:45,113.875042248,22.6703080234,23.953742094158343,0.6440241996351866
BS42653D,61505.0,M3353,1.0,3,2019-01-04 11:36:49,113.875527232,22.6703799374,23.90326817040561,0.6426671495250401
BS42653D,61505.0,M3353,1.0,3,2019-01-04 11:36:51,113.875619033,22.6703933875,23.905853147440467,0.6427366496373568
BS09590D,61505.0,M3353,1.0,2,2019-01-04 11:36:58,113.875430177,22.670365546,23.91336900965081,0.6429387223291958
BS09590D,61505.0,M3353,1.0,2,2019-01-04 11:37:02,113.875596753,22.6703901457,23.903535465066717,0.6426743360527027
BS42653D,61505.0,M3353,1.0,3,2019-01-04 11:37:06,113.876388984,22.670505416,23.98594742846215,0.6448900774828926
BS09590D,61505.0,M3353,1.0,2,2019-01-04 11:37:16,113.876263599,22.6704871724,23.97290423761996,0.6445393961359109
BS42653D,61505.0,M3353,1.0,3,2019-01-04 11:37:21,113.877684639,22.6706939348,24.120728011353837,0.6485138101206565
BS09590D,61505.0,M3353,1.0,2,2019-01-04 11:37:30,113.876930174,22.6705841595,24.04224476887881,0.646403696919092
BS42653D,32802.0,M3353,1.0,3,2019-01-04 11:37:36,113.879503955,22.6709586864,24.309982836745977,0.653602146088004
BS42653D,32802.0,M3353,1.0,3,2019-01-04 11:37:37,113.879626212,22.670976478,24.322700648221225,0.6539440792324899
BS09590D,32802.0,M3353,1.0,2,2019-01-04 11:37:43,113.878562169,22.670821631,24.21201327173688,0.650968120454532
BS42653D,3033.0,M3353,1.0,3,2019-01-04 11:37:51,113.880670208,22.6711323396,24.43137168846613,0.6568658264668945
BS09590D,32802.0,M3353,1.0,2,2019-01-04 11:37:53,113.87984627,22.6710085024,24.345592229574702,0.6545595460059739
BS42653D,3033.0,M3353,1.0,3,2019-01-04 11:37:59,113.880769686,22.6711475742,24.44173323161755,0.6571444085986068
BS09590D,3033.0,M3353,1.0,2,2019-01-04 11:38:04,113.880574223,22.6711176399,24.42137397147653,0.6565970262244482
BS42653D,3033.0,M3353,1.0,3,2019-01-04 11:38:06,113.881329759,22.6712407665,24.50022721475582,0.658717087327718
BS09590D,3033.0,M3353,1.0,2,2019-01-04 11:38:18,113.881044078,22.671189596,24.470313659802358,0.6579128266317724
BS09590D,3033.0,M3353,1.0,2,2019-01-04 11:38:19,113.881128647,22.6712025473,24.479122289822964,0.6581496568888824
BS42653D,3033.0,M3353,1.0,3,2019-01-04 11:38:21,113.882924714,22.6716134139,24.66933519624484,0.6632637519783717
BS09590D,3033.0,M3353,1.0,2,2019-01-04 11:38:33,113.882926241,22.6716138289,24.66949871519441,0.6632681483754028
BS42653D,3033.0,M3353,1.0,3,2019-01-04 11:38:36,113.884005202,22.6719797237,24.787670805448304,0.6664453423831624
BS09590D,3033.0,M3353,1.0,2,2019-01-04 11:38:47,113.884145094,22.6720316747,24.803155671177784,0.6668616709976514
BS42653D,2995.0,M3353,1.0,3,2019-01-04 11:38:51,113.884997492,22.6723968741,24.899685917983756,0.6694569988881927
BS42653D,2995.0,M3353,1.0,3,2019-01-04 11:38:55,113.885418907,22.6725962326,24.948290227494898,0.6707637822462454
BS09590D,2995.0,M3353,1.0,2,2019-01-04 11:39:01,113.885167537,22.6724732635,24.91910095485831,0.669978994722283
BS09590D,2995.0,M3353,1.0,2,2019-01-04 11:39:03,113.885316091,22.6725432491,24.936219558802083,0.6704392482876934
BS42653D,2995.0,M3353,1.0,3,2019-01-04 11:39:06,113.886085735,22.6729398647,25.026699370656385,0.6728719032016336
BS09590D,2995.0,M3353,1.0,2,2019-01-04 11:39:16,113.885987579,22.6728892826,25.015161199632693,0.6725616860618825
BS09590D,2995.0,M3353,1.0,2,2019-01-04 11:39:18,113.886006626,22.6728990979,25.017400158122022,0.6726218830633964
BS42653D,2995.0,M3353,1.0,3,2019-01-04 11:39:21,113.886437789,22.6731212863,25.068083045783723,0.6739845514111318
BS42653D,2995.0,M3353,1.0,3,2019-01-04 11:39:22,113.886512053,22.6731595565,25.07681272892001,0.6742192590894902
BS09590D,2995.0,M3353,1.0,2,2019-01-04 11:39:33,113.886316295,22.6730586779,25.053801539823866,0.6736005765228146
BS42653D,2947.0,M3353,1.0,3,2019-01-04 11:39:36,113.887065928,22.6734449867,25.14192050737528,0.6759697573934652
BS09590D,2995.0,M3353,1.0,2,2019-01-04 11:39:37,113.886483095,22.6731446335,25.07340872619118,0.674127738519369
BS09590D,2995.0,M3353,1.0,2,2019-01-04 11:39:47,113.8865362,22.673172,25.07965118743532,0.6742955743460515
BS09590D,2995.0,M3353,1.0,2,2019-01-04 11:40:15,113.8865362,22.673172,25.07965118743532,0.6742955743460515
BS42653D,2855.0,M3353,1.0,3,2019-01-04 11:40:21,113.8878679,22.6738599,25.23628038113329,0.6785067322818065
BS09590D,2947.0,M3353,1.0,2,2019-01-04 11:40:28,113.887346638,22.6735896459,25.227406401594557,0.6782681450269403
BS42653D,2969.0,M3353,1.0,3,2019-01-04 11:40:36,113.88951151,22.6746358689,25.427064420423477,0.6836361829423356
BS09590D,2969.0,M3353,1.0,2,2019-01-04 11:40:42,113.888496488,22.6741417634,25.38592098222084,0.6825299937818057
BS42653D,2969.0,M3353,1.0,3,2019-01-04 11:40:51,113.891112802,22.6750448316,25.59840481721677,0.6882428686733677
BS09590D,2969.0,M3353,1.0,2,2019-01-04 11:40:56,113.88986451,22.6747656283,25.466089097380063,0.6846854067439528
BS42653D,2969.0,M3353,1.0,3,2019-01-04 11:41:06,113.891975055,22.6750899742,25.68722855452565,0.6906309980981603
BS09590D,2969.0,M3353,1.0,2,2019-01-04 11:41:10,113.891024147,22.6750341442,25.589217520311408,0.687995857516905
BS42653D,2969.0,M3353,1.0,3,2019-01-04 11:41:21,113.892172054,22.6750880194,25.707475047896004,0.6911753486066115
BS09590D,31789.0,M3353,1.0,2,2019-01-04 11:41:24,113.8926229,22.6750638,25.75390999547307,0.6924238061474361
BS09590D,31789.0,M3353,1.0,2,2019-01-04 11:41:30,113.8926229,22.6750638,25.75390999547307,0.6924238061474361
BS09590D,31789.0,M3353,1.0,2,2019-01-04 11:41:44,113.8926229,22.6750638,25.75390999547307,0.6924238061474361
BS09590D,31789.0,M3353,1.0,2,2019-01-04 11:42:40,113.8926229,22.6750638,25.75390999547307,0.6924238061474361
BS42653D,2969.0,M3353,1.0,3,2019-01-04 11:42:58,113.892240521,22.6750865359,25.71451306386389,0.6913645738467815
BS42653D,31789.0,M3353,1.0,3,2019-01-04 11:43:06,113.892684322,22.6750562395,25.760277391237395,0.6925950009839156
BS09590D,31789.0,M3353,1.0,2,2019-01-04 11:43:08,113.8926229,22.6750638,25.75390999547307,0.6924238061474361
BS09590D,31789.0,M3353,1.0,2,2019-01-04 11:43:11,113.8926229,22.6750638,25.75390999547307,0.6924238061474361
BS09590D,31792.0,M3353,1.0,2,2019-01-04 11:43:25,113.893264227,22.6749638994,25.820751646748533,0.6942209216376073
BS42653D,31792.0,M3353,1.0,3,2019-01-04 11:43:26,113.893492399,22.6749187358,25.84472919828333,0.6948655859817298
BS09590D,31792.0,M3353,1.0,2,2019-01-04 11:43:31,113.893363165,22.6749454294,25.83112283430796,0.6944997630704394
BS42653D,31792.0,M3353,1.0,3,2019-01-04 11:43:40,113.893738457,22.6748572338,25.87092349821761,0.695569850183284
BS09590D,31792.0,M3353,1.0,2,2019-01-04 11:43:41,113.893498146,22.6749175303,25.845334696328177,0.6948818655004863
BS42653D,52352.0,M3353,1.0,3,2019-01-04 11:43:50,113.894682242,22.6745502806,25.97371566154206,0.6983335369781727
BS09590D,31792.0,M3353,1.0,2,2019-01-04 11:43:55,113.893691796,22.6748697703,25.865931101272302,0.6954356237883298
BS42653D,52343.0,M3353,1.0,3,2019-01-04 11:43:55,113.895256637,22.6743584269,26.0364513853076,0.7000202598345773
BS36258D,608.0,M3353,1.0,3,2019-01-04 14:12:11,113.839948383,22.6927650903,0.6968012908157517,0.0187343126538804
BS36258D,608.0,M3353,1.0,3,2019-01-04 14:12:26,113.839905327,22.6929933529,0.6998387344743081,0.018815977857315
BS36258D,608.0,M3353,1.0,3,2019-01-04 14:12:41,113.8399027,22.6930143,0.7021740635660453,0.0188787658944943
BS09691D,26946.0,M3353,1.0,4,2019-01-04 14:12:57,113.839491243,22.6905889571,0.3964405442663558,0.0106587648485345
BS09298D,74120.0,M3353,1.0,4,2019-01-04 14:14:07,113.83990986,22.6931250766,4.095112874432465,0.1101018697206101
BS09691D,608.0,M3353,1.0,4,2019-01-04 14:14:17,113.839906505,22.6929839576,0.6987912840448103,0.0187878159349789
BS09691D,608.0,M3353,1.0,4,2019-01-04 14:14:33,113.8399055,22.693057615,0.706979376159648,0.0190079623091892
BS09945D,74120.0,M3353,1.0,4,2019-01-04 14:14:45,113.839908691,22.6931069998,4.0971182951789045,0.110155787788446
BS09075D,74120.0,M3353,1.0,4,2019-01-04 14:14:54,113.8399215,22.6928644,4.124114197907595,0.1108816040128978
BS09691D,608.0,M3353,1.0,4,2019-01-04 14:14:56,113.839906604,22.6930747098,0.7088758456732182,0.0190589510964863
BS34643D,66639.0,M3353,1.0,3,2019-01-04 14:32:09,113.853892189,22.6197205043,17.046558516389666,0.458316540350894
BS08968D,66639.0,M3353,1.0,4,2019-01-04 14:32:21,113.85345527,22.6193816246,16.98802256060019,0.4567427331382668
BS34643D,73375.0,M3353,1.0,3,2019-01-04 14:32:24,113.85452091,22.6202778128,17.13603187251743,0.4607221355327387
BS08968D,73375.0,M3353,1.0,4,2019-01-04 14:32:35,113.854325334,22.6200862758,17.106805792311427,0.4599363583944879
BS34643D,79118.0,M3353,1.0,3,2019-01-04 14:32:39,113.854548481,22.620304288,17.140110351729692,0.4608317901871171
BS08968D,73375.0,M3353,1.0,4,2019-01-04 14:32:43,113.854421807,22.6201807561,17.12122229782111,0.4603239629026233
BS08968D,79118.0,M3353,1.0,4,2019-01-04 14:34:20,113.854711148,22.6204529988,17.163580874918953,0.4614628224848084
BS34643D,79118.0,M3353,1.0,3,2019-01-04 14:34:24,113.854911935,22.620636559,17.19255154791753,0.4622417327034065
BS08968D,78503.0,M3353,1.0,4,2019-01-04 14:34:35,113.855300907,22.6209805358,17.247813499167357,0.4637275144983365
BS34643D,20025.0,M3353,1.0,3,2019-01-04 14:34:39,113.855621041,22.6211824799,17.28871942244296,0.4648273177939699
BS08968D,20025.0,M3353,1.0,4,2019-01-04 14:34:49,113.855929812,22.6213919796,17.328699238116148,0.4659022216102202
BS34643D,20025.0,M3353,1.0,3,2019-01-04 14:34:54,113.856628035,22.6223004613,17.452556196645148,0.469232259909553
BS08968D,20025.0,M3353,1.0,4,2019-01-04 14:35:02,113.856707999,22.6224227896,17.46840194754072,0.4696582913412193
BS34643D,20025.0,M3353,1.0,3,2019-01-04 14:35:06,113.857249001,22.6234394045,17.594121961818654,0.4730384200599474
BS34643D,20025.0,M3353,1.0,3,2019-01-04 14:35:09,113.857313478,22.6235885973,17.611923509462276,0.4735170353605708
BS08968D,20025.0,M3353,1.0,4,2019-01-04 14:35:11,113.857116041,22.6231511091,17.559371275597183,0.4721041074672601
BS34643D,20025.0,M3353,1.0,3,2019-01-04 14:35:24,113.857448137,22.6238980479,17.648882401624256,0.4745107181367508
BS08968D,20025.0,M3353,1.0,4,2019-01-04 14:35:25,113.857413752,22.6238195507,17.639498364034576,0.4742584173783021
BS08968D,20025.0,M3353,1.0,4,2019-01-04 14:35:39,113.857515942,22.6240528373,17.667386734195656,0.4750082286270631
BS34643D,20025.0,M3353,1.0,3,2019-01-04 14:35:39,113.857639712,22.6243353917,17.729977025064496,0.4766910413509911
BS34643D,20025.0,M3353,1.0,3,2019-01-04 14:35:41,113.857707539,22.6244902436,17.719676263897874,0.476414093413592
BS08968D,20025.0,M3353,1.0,4,2019-01-04 14:35:48,113.857545389,22.6241200632,17.675423226043396,0.4752242990518748
BS34643D,20025.0,M3353,1.0,3,2019-01-04 14:35:54,113.857985382,22.6251461545,17.797735589509813,0.4785128091175383
BS08968D,20025.0,M3353,1.0,4,2019-01-04 14:36:02,113.85791108,22.6249583242,17.775577271729954,0.4779170569875646
BS34643D,63457.0,M3353,1.0,3,2019-01-04 14:36:09,113.858346432,22.6260688336,17.90644513644736,0.4814355916491342
BS08968D,63457.0,M3353,1.0,4,2019-01-04 14:36:16,113.858241868,22.625800084,17.87480229967295,0.4805848372013439
BS34643D,67861.0,M3353,1.0,3,2019-01-04 14:36:24,113.85872031,22.6272309387,18.04076989691716,0.4850470689712453
BS08968D,67861.0,M3353,1.0,4,2019-01-04 14:36:30,113.858585878,22.6267997507,17.99106001581383,0.4837105610358383
BS34643D,63480.0,M3353,1.0,3,2019-01-04 14:36:39,113.859110972,22.6285135498,18.18837374509496,0.489015570001778
BS08968D,63480.0,M3353,1.0,4,2019-01-04 14:36:44,113.858919439,22.6278821656,18.115735132129032,0.4870625964582663
BS34643D,63480.0,M3353,1.0,3,2019-01-04 14:36:54,113.859573779,22.6300794454,18.36821744574279,0.4938508769410388
BS08968D,63480.0,M3353,1.0,4,2019-01-04 14:36:58,113.85927694,22.6290696364,18.25227401162785,0.490733602944128
BS34643D,63480.0,M3353,1.0,3,2019-01-04 14:36:59,113.859667514,22.6307096861,18.43878627820626,0.4957482020298632
BS08968D,63480.0,M3353,1.0,4,2019-01-04 14:37:06,113.859550829,22.6299827754,18.35725542840212,0.4935561503627671
BS34643D,63480.0,M3353,1.0,3,2019-01-04 14:37:09,113.859679816,22.6314962872,18.548164783923134,0.498688970295828
BS08968D,63480.0,M3353,1.0,4,2019-01-04 14:37:19,113.859686742,22.6311341588,18.485858363009637,0.4970137897456149
BS34643D,63480.0,M3353,1.0,3,2019-01-04 14:37:24,113.859678164,22.63158267,18.53859734106361,0.4984317384735122
BS08968D,63480.0,M3353,1.0,4,2019-01-04 14:37:27,113.85968295,22.6313324505,18.507820425041057,0.4976042653116675
BS34643D,63480.0,M3353,1.0,3,2019-01-04 14:37:39,113.859663271,22.631706417,18.549330215363103,0.4987203042747697
BS08968D,63480.0,M3353,1.0,4,2019-01-04 14:37:41,113.859679407,22.6315176874,18.54579457655888,0.4986252445157501
BS08968D,63480.0,M3353,1.0,4,2019-01-04 14:37:47,113.859678131,22.6315844202,18.53840349617495,0.4984265267283584
BS08968D,63480.0,M3353,1.0,4,2019-01-04 14:38:01,113.859678125,22.6315847119,18.53837118778041,0.4984256580796165
BS34643D,63480.0,M3353,1.0,3,2019-01-04 14:38:11,113.859647175,22.6318273604,18.562825177687,0.4990831320231686
BS08968D,63480.0,M3353,1.0,4,2019-01-04 14:38:15,113.85964184,22.6318674453,18.567297885993,0.4992033859849777
BS34643D,63480.0,M3353,1.0,3,2019-01-04 14:38:24,113.8595721,22.6322215,18.60717626344366,0.5002755625167052
BS08968D,2865.0,M3353,1.0,4,2019-01-04 14:38:29,113.859639355,22.6324500997,18.6334182565532,0.5009811090047142
BS34643D,67951.0,M3353,1.0,3,2019-01-04 14:38:39,113.859934849,22.6333841715,18.741234079634964,0.5038798627315973
BS08968D,67951.0,M3353,1.0,4,2019-01-04 14:38:43,113.859973381,22.6335362825,18.758509394434995,0.5043443296505365
BS34643D,67951.0,M3353,1.0,3,2019-01-04 14:38:53,113.860202959,22.6344425773,18.88303652825424,0.5076923863915482
BS34643D,67951.0,M3353,1.0,3,2019-01-04 14:38:54,113.860213867,22.634485641,18.878137646190957,0.5075606742528973
BS08968D,67951.0,M3353,1.0,4,2019-01-04 14:38:57,113.860187892,22.6343830975,18.88980290818532,0.5078743083811235
BS08968D,67951.0,M3353,1.0,4,2019-01-04 14:38:58,113.86019561,22.6344135672,18.88633670532861,0.5077811154882639
BS34643D,67951.0,M3353,1.0,3,2019-01-04 14:39:09,113.86032423,22.635090585,18.93476874138975,0.5090832670743656
BS08968D,67951.0,M3353,1.0,4,2019-01-04 14:39:12,113.86030688,22.6348645839,18.91394697282277,0.508523449623563
BS08968D,67951.0,M3353,1.0,4,2019-01-04 14:39:19,113.860317604,22.6349828053,18.92281391225894,0.508761847597088
BS34643D,67951.0,M3353,1.0,3,2019-01-04 14:39:24,113.86032994,22.6352359783,18.95087813546212,0.5095163868592946
BS08968D,67951.0,M3353,1.0,4,2019-01-04 14:39:31,113.860322744,22.6350664127,18.93208757148461,0.5090111807049184
BS34643D,67951.0,M3353,1.0,3,2019-01-04 14:39:46,113.860326721,22.6353595543,18.96454002568331,0.5098837026582466
BS34643D,67951.0,M3353,1.0,3,2019-01-04 14:39:54,113.860323881,22.6354685967,18.97660455037328,0.5102080714281404
BS03377D,56377.0,M3353,1.0,4,2019-01-04 14:58:11,113.929338577,22.6833622329,30.28946910617576,0.8143675848975936
BS45211D,56377.0,M3353,1.0,4,2019-01-04 14:58:12,113.928919988,22.6822933941,30.163532661610343,0.8109816371990116
BS45211D,56377.0,M3353,1.0,4,2019-01-04 14:58:13,113.928922017,22.6822985756,30.164143166527744,0.8109980513333568
BS03377D,56377.0,M3353,1.0,4,2019-01-04 14:58:19,113.929419,22.6835676,30.313666401643676,0.8150181573127846
BS45211D,56377.0,M3353,1.0,4,2019-01-04 14:58:27,113.929021933,22.6825536843,30.19420175633041,0.8118062114598092
BS45211D,56377.0,M3353,1.0,4,2019-01-04 14:58:28,113.929047645,22.6826193357,30.20193719921671,0.8120141878333583
BS09053D,24190.0,M3353,1.0,4,2019-01-04 14:58:37,113.85899531,22.6545514844,21.11010312419212,0.567569660528725
BS09218D,24190.0,M3353,1.0,4,2019-01-04 14:58:37,113.859670613,22.6529472141,20.9192658109781,0.5624387775368288
BS45211D,56377.0,M3353,1.0,4,2019-01-04 14:58:42,113.929385183,22.6834812443,30.303491591243034,0.8147445957081321
BS45211D,56377.0,M3353,1.0,4,2019-01-04 14:58:47,113.929417735,22.6835643707,30.313285897139444,0.8150079270068963
BS09053D,24190.0,M3353,1.0,4,2019-01-04 14:58:51,113.85871299,22.6555457708,21.22414028254764,0.5706356820860206
BS09218D,24190.0,M3353,1.0,4,2019-01-04 14:58:51,113.85920856,22.6540017548,21.045391594612497,0.5658298158363649
BS09218D,24190.0,M3353,1.0,4,2019-01-04 14:58:57,113.859001017,22.6545364899,21.108342084634625,0.5675223129332186
BS09053D,33976.0,M3353,1.0,4,2019-01-04 14:59:03,113.858706162,22.6555798846,21.227982650665627,0.5707389886191778
BS09218D,24190.0,M3353,1.0,4,2019-01-04 14:59:11,113.858732669,22.6554474735,21.21306859722151,0.5703380069564836
BS09053D,33976.0,M3353,1.0,4,2019-01-04 14:59:12,113.858660625,22.6559339735,21.267469842421004,0.5718006476687799
BS03377D,56377.0,M3353,1.0,4,2019-01-04 14:59:15,113.929419,22.6835676,30.313666401643676,0.8150181573127846
BS09218D,24190.0,M3353,1.0,4,2019-01-04 14:59:15,113.85871299,22.6555457708,21.22414028254764,0.5706356820860206
BS45211D,54090.0,M3353,1.0,4,2019-01-04 14:59:15,113.929419381,22.6835684989,30.313773368080355,0.8150210332297708
BS09218D,33976.0,M3353,1.0,4,2019-01-04 14:59:24,113.858705574,22.6555828204,21.228313328379656,0.5707478792738938
BS09218D,33976.0,M3353,1.0,4,2019-01-04 14:59:27,113.858702272,22.6555993256,21.23017234277805,0.5707978610368823
BS45211D,54090.0,M3353,1.0,4,2019-01-04 14:59:28,113.929421707,22.6835739833,30.31442604920601,0.8150385813204998
BS09218D,33976.0,M3353,1.0,4,2019-01-04 14:59:41,113.858698969,22.6556158309,21.23203138682865,0.5708478435971047
BS34643D,81475.0,M3353,1.0,3,2019-01-04 15:34:09,113.906812365,22.7207881471,36.223473875586485,0.9739102007122272
BS08968D,81475.0,M3353,1.0,4,2019-01-04 15:34:13,113.906761989,22.7207718251,36.217992075179446,0.97376281613633
BS34643D,81475.0,M3353,1.0,3,2019-01-04 15:34:19,113.907078633,22.720874419,36.25244854209422,0.9746892183009612
BS34643D,81475.0,M3353,1.0,3,2019-01-04 15:34:24,113.9071045,22.7208828,36.25526332778033,0.9747648970859925
BS08968D,81475.0,M3353,1.0,4,2019-01-04 15:34:28,113.906993175,22.7208467303,36.24314920366977,0.9744391947780224
BS08968D,81475.0,M3353,1.0,4,2019-01-04 15:34:30,113.907012018,22.7208528354,36.2451996510758,0.9744943234399398
BS09945D,39647.0,M3353,1.0,4,2019-01-04 15:53:06,113.921046479,22.6731279224,28.78529495883899,0.773926114519287
BS09945D,2910.0,M3353,1.0,4,2019-01-04 15:53:14,113.92145585,22.6730407363,28.831863852781755,0.7751781733638505
BS36242D,39647.0,M3353,1.0,3,2019-01-04 15:53:19,113.919885301,22.6734594344,28.660409129223027,0.7705684138248384
BS36242D,2910.0,M3353,1.0,3,2019-01-04 15:53:34,113.921459863,22.673039932,28.8314419372226,0.7751668296736148
BS36242D,2910.0,M3353,1.0,3,2019-01-04 15:53:49,113.921521093,22.6730283505,28.835311814110867,0.7752708758120369
BS09945D,2910.0,M3353,1.0,4,2019-01-04 15:53:56,113.921470519,22.6730377967,28.83032160495435,0.7751367082383274
BS36242D,2910.0,M3353,1.0,3,2019-01-04 15:54:04,113.921543213,22.673024228,28.83763042589391,0.7753332143849401
BS03377D,63480.0,M3353,1.0,6,2019-01-04 18:29:14,113.859679182,22.6315294401,18.544492890075304,0.4985902471615803
BS03377D,63480.0,M3353,1.0,6,2019-01-04 18:29:25,113.859651512,22.6317947721,18.55918894984802,0.4989853678110266
BS45211D,20025.0,M3353,1.0,6,2019-01-04 18:29:31,113.857551531,22.624134083,17.677099251866682,0.4752693609543186
BS03377D,63480.0,M3353,1.0,6,2019-01-04 18:29:39,113.859647006,22.6318286281,18.562966632277263,0.4990869351942524
BS45211D,20025.0,M3353,1.0,6,2019-01-04 18:29:44,113.857936244,22.6250219366,17.78308162546607,0.4781188202606968
BS03377D,63480.0,M3353,1.0,6,2019-01-04 18:29:53,113.859646741,22.6318306236,18.56318928452965,0.499092921458865
BS45211D,67861.0,M3353,1.0,6,2019-01-04 18:29:59,113.858491797,22.626505926,17.957115189855962,0.4827979149330567
BS03377D,63480.0,M3353,1.0,6,2019-01-04 18:30:07,113.859644496,22.631847491,18.565071364768315,0.4991435233737806
BS45211D,63480.0,M3353,1.0,6,2019-01-04 18:30:13,113.858885898,22.6277724798,18.10310872816004,0.4867231209108368
BS03377D,2865.0,M3353,1.0,6,2019-01-04 18:30:21,113.859606457,22.6323382779,18.62058173896271,0.500635984308338
BS45211D,63480.0,M3353,1.0,6,2019-01-04 18:30:27,113.85930085,22.6291497507,18.31287935055893,0.4923630479279339
BS03377D,67951.0,M3353,1.0,6,2019-01-04 18:30:35,113.859882122,22.6331760228,18.717627922253943,0.5032451837510016
BS45211D,63480.0,M3353,1.0,6,2019-01-04 18:30:35,113.85955835,22.6300144575,18.360848049124478,0.4936527421468906
BS03377D,67951.0,M3353,1.0,6,2019-01-04 18:30:49,113.860191112,22.6343958102,18.88835672726842,0.5078354261261558
BS03377D,67951.0,M3353,1.0,6,2019-01-04 18:30:51,113.860236141,22.6345749539,18.87676383663851,0.5075237377861863
BS03377D,67951.0,M3353,1.0,6,2019-01-04 18:31:03,113.860328142,22.635154225,18.941827631626825,0.5092730535435266
BS03377D,67951.0,M3353,1.0,6,2019-01-04 18:31:17,113.860329076,22.6351694264,18.943513754344995,0.5093183869127258
BS45211D,63480.0,M3353,1.0,6,2019-01-04 18:31:18,113.859647541,22.6318246098,18.56251826438825,0.4990748803023809
BS03377D,31789.0,M3353,1.0,6,2019-01-04 18:50:03,113.892638072,22.6750619324,25.75548282250768,0.6924660934304898
BS45211D,2969.0,M3353,1.0,6,2019-01-04 18:50:13,113.891254417,22.6750594435,25.613049196781905,0.6886365998403609
BS03377D,31792.0,M3353,1.0,6,2019-01-04 18:50:18,113.893240536,22.674968322,25.81826823717893,0.6941541522846544
BS03377D,31792.0,M3353,1.0,6,2019-01-04 18:50:19,113.893255281,22.6749655694,25.81981388266318,0.694195708760131
BS45211D,2969.0,M3353,1.0,6,2019-01-04 18:50:26,113.892462216,22.6750777855,25.73732245343165,0.691977830798568
BS45211D,31789.0,M3353,1.0,6,2019-01-04 18:50:29,113.892629054,22.6750630424,25.754547959716657,0.6924409585576841
BS03377D,31792.0,M3353,1.0,6,2019-01-04 18:50:31,113.893392797,22.6749396257,25.83423530197962,0.6945834453816729
BS45211D,31792.0,M3353,1.0,6,2019-01-04 18:50:43,113.893162688,22.6749823211,25.810119012249213,0.6939350508998945
BS03377D,31792.0,M3353,1.0,6,2019-01-04 18:50:44,113.893422029,22.6749334948,25.83731513443361,0.6946662502571446
BS45211D,31792.0,M3353,1.0,6,2019-01-04 18:50:45,113.89320215,22.6749754879,25.814244367327877,0.6940459658664287
BS03377D,47349.0,M3353,1.0,6,2019-01-04 19:01:27,113.923585777,22.6745473098,29.188370512103536,0.7847632692971627
BS45211D,47349.0,M3353,1.0,6,2019-01-04 19:01:37,113.9233626,22.6743241686,29.092864473918272,0.7821954784459122
BS03377D,47349.0,M3353,1.0,6,2019-01-04 19:01:39,113.923926178,22.674889434,29.17814545574116,0.7844883567714236
BS03377D,47349.0,M3353,1.0,6,2019-01-04 19:01:53,113.923927228,22.6748904985,29.17830526699889,0.7844926534828498
BS45211D,47349.0,M3353,1.0,6,2019-01-04 19:01:55,113.923668756,22.6746302753,29.17583540132355,0.7844262482732371
BS45211D,47349.0,M3353,1.0,6,2019-01-04 19:02:06,113.923795311,22.6747568763,29.15823685062358,0.7839530907814042
BS03377D,47349.0,M3353,1.0,6,2019-01-04 19:02:19,113.924166172,22.6751325304,29.2146555215767,0.785469972330109
BS45211D,47349.0,M3353,1.0,6,2019-01-04 19:02:20,113.923918549,22.6748817066,29.176984880500797,0.784457153357053
BS45211D,47349.0,M3353,1.0,6,2019-01-04 19:02:22,113.923949823,22.6749133848,29.18174256059582,0.7845850691166564
BS45211D,54090.0,M3353,1.0,6,2019-01-04 19:08:10,113.929419,22.6835676,30.31366640164368,0.8150181573127847
BS45211D,54090.0,M3353,1.0,6,2019-01-04 19:08:15,113.929419,22.6835676,30.31366640164368,0.8150181573127847
BS03377D,54090.0,M3353,1.0,6,2019-01-04 19:08:29,113.929419026,22.6835676602,30.31367358362516,0.8150183504087052
BS45211D,54090.0,M3353,1.0,6,2019-01-04 19:08:57,113.929419,22.6835676,30.31366640164368,0.8150181573127847
BS03377D,54090.0,M3353,1.0,6,2019-01-04 19:09:40,113.929427521,22.6835876943,30.316057714381184,0.815082450535355
BS45211D,54090.0,M3353,1.0,6,2019-01-04 19:09:53,113.929419,22.6835676,30.31366640164368,0.8150181573127847
BS03377D,54090.0,M3353,1.0,6,2019-01-04 19:09:54,113.929537917,22.683848063,30.34704225793239,0.8159155060046503
BS09053D,67951.0,M3353,1.0,6,2019-01-04 19:09:57,113.860200616,22.6344333305,18.88408845334812,0.5077206686204375
BS09218D,67951.0,M3353,1.0,6,2019-01-04 19:10:05,113.859906597,22.6332726426,18.728578354902428,0.503539598861358
BS03377D,54109.0,M3353,1.0,6,2019-01-04 19:10:07,113.929442515,22.6840315809,30.37535810571581,0.8166768104861809
BS45211D,54090.0,M3353,1.0,6,2019-01-04 19:10:07,113.929535599,22.6838425865,30.34639069193348,0.8158979878954001
BS09053D,67951.0,M3353,1.0,6,2019-01-04 19:10:11,113.860324873,22.6351010516,18.935929684742828,0.5091144803858745
BS09218D,67951.0,M3353,1.0,6,2019-01-04 19:10:18,113.860213341,22.6344835634,18.87837398583561,0.5075670285189611
BS03377D,63792.0,M3353,1.0,6,2019-01-04 19:10:21,113.928821541,22.6843079457,30.45889440534847,0.8189227810030183
BS09053D,67951.0,M3353,1.0,6,2019-01-04 19:10:26,113.860330012,22.635184659,18.94520333822312,0.5093638133392334
BS09053D,67951.0,M3353,1.0,6,2019-01-04 19:10:32,113.860319583,22.6356336293,18.9948717435434,0.5106992061500023
BS09218D,67951.0,M3353,1.0,6,2019-01-04 19:10:32,113.86031769,22.6349842069,18.92296937551759,0.5087660274075048
BS45211D,63792.0,M3353,1.0,6,2019-01-04 19:10:34,113.928732458,22.6843476155,30.45628271823153,0.8188525627590975
BS03377D,63862.0,M3353,1.0,6,2019-01-04 19:10:35,113.927662887,22.68482723,30.57835131967817,0.8221345189995143
BS09218D,67951.0,M3353,1.0,6,2019-01-04 19:10:37,113.860322887,22.6350687488,18.932346686021184,0.5090181473004246
BS09053D,67951.0,M3353,1.0,6,2019-01-04 19:10:46,113.86029226,22.6366827542,19.11115144048578,0.5138255209638953
BS03377D,63861.0,M3353,1.0,6,2019-01-04 19:10:49,113.926941172,22.6851508645,30.660719651500656,0.8243490873441488
BS45211D,63862.0,M3353,1.0,6,2019-01-04 19:10:49,113.927751388,22.6847875427,30.568250749619494,0.8218629534327513
BS09218D,67951.0,M3353,1.0,6,2019-01-04 19:10:51,113.860324873,22.6351010516,18.935929684742828,0.5091144803858745
BS03377D,63861.0,M3353,1.0,6,2019-01-04 19:11:00,113.925858997,22.6856360965,30.784224490908183,0.8276696585116033
BS09053D,63404.0,M3353,1.0,6,2019-01-04 19:11:00,113.860249279,22.6377352643,19.227796952925004,0.5169616711526388
BS09218D,67951.0,M3353,1.0,6,2019-01-04 19:11:02,113.860319137,22.6356507838,18.99677088598713,0.5107502668021338
BS45211D,63861.0,M3353,1.0,6,2019-01-04 19:11:03,113.927036082,22.6851083082,30.6498878893764,0.8240578628287769
BS03377D,63861.0,M3353,1.0,6,2019-01-04 19:11:12,113.925067785,22.685990478,30.87450388829033,0.8300969250495012
BS09053D,63404.0,M3353,1.0,6,2019-01-04 19:11:14,113.860106519,22.6389814271,19.366663875445795,0.5206952697812248
BS09218D,67951.0,M3353,1.0,6,2019-01-04 19:11:16,113.860293987,22.6366164394,19.10380566287058,0.5136280211941002
BS09218D,67951.0,M3353,1.0,6,2019-01-04 19:11:17,113.860293541,22.6366335939,19.105705887540303,0.5136791109431355
BS45211D,63861.0,M3353,1.0,6,2019-01-04 19:11:17,113.926054887,22.6855482619,30.761868263998466,0.827068585364627
BS45211D,63861.0,M3353,1.0,6,2019-01-04 19:11:21,113.925820883,22.6856531861,30.78857429306635,0.8277866079987638
BS03377D,63861.0,M3353,1.0,6,2019-01-04 19:11:27,113.924681698,22.6861629795,30.918536928566866,0.8312808045206137
BS03377D,63861.0,M3353,1.0,6,2019-01-04 19:11:28,113.924598953,22.6861999494,30.92797394116995,0.8315345295738751
BS09053D,63404.0,M3353,1.0,6,2019-01-04 19:11:28,113.859895019,22.6402546894,19.525459196379614,0.5249646665655862
BS09218D,67951.0,M3353,1.0,6,2019-01-04 19:11:31,113.860293094,22.6366507484,19.10760611469895,0.5137302007590883
BS45211D,63861.0,M3353,1.0,6,2019-01-04 19:11:35,113.9251372,22.6859594634,30.86658712806769,0.8298840737486044
BS45211D,63861.0,M3353,1.0,6,2019-01-04 19:11:39,113.925074245,22.6859875914,30.87376711404346,0.8300771160174598
BS03377D,63861.0,M3353,1.0,6,2019-01-04 19:11:42,113.923332241,22.6867659101,31.072441470114526,0.8354187070162169
BS45211D,63861.0,M3353,1.0,6,2019-01-04 19:11:53,113.924953375,22.6860415955,30.88755230413769,0.8304477468768202
BS03377D,85892.0,M3353,1.0,6,2019-01-04 19:11:56,113.9223022,22.6872261,31.189915185758725,0.8385771244108159
BS09390D,25734.0,M3353,1.0,6,2019-01-04 19:30:58,113.836026701,22.6905561771,5.281443548378907,0.1419977488608198
BS30452D,25734.0,M3353,1.0,6,2019-01-04 19:31:06,113.836551657,22.6902393333,5.217094569956148,0.1402676517777354
BS09390D,25734.0,M3353,1.0,6,2019-01-04 19:31:12,113.835459412,22.6908678565,5.34920779000099,0.1438196692648635
BS30452D,25734.0,M3353,1.0,6,2019-01-04 19:31:20,113.835824425,22.6906673117,5.305582533718691,0.1426467535404373
BS09390D,25734.0,M3353,1.0,6,2019-01-04 19:31:26,113.835417005,22.6908911556,5.354271878718396,0.143955823176444
BS30452D,25734.0,M3353,1.0,6,2019-01-04 19:31:28,113.835414237,22.6908926766,5.354602435283063,0.1439647105739185
BS09390D,25734.0,M3353,1.0,6,2019-01-04 19:31:33,113.835392179,22.6909047953,5.357236502223499,0.144035530525408
BS09053D,77067.0,M3353,1.0,6,2019-01-04 19:52:36,113.916877068,22.6917041056,31.951610385574213,0.859056185239761
BS09218D,77067.0,M3353,1.0,6,2019-01-04 19:52:41,113.91719543,22.6911642186,31.88343980042184,0.8572233398175784
BS09053D,77067.0,M3353,1.0,6,2019-01-04 19:52:50,113.916751652,22.6919307284,31.97982191841094,0.8598146850926958
BS09218D,77067.0,M3353,1.0,6,2019-01-04 19:52:55,113.916835166,22.6917798213,31.961035984575343,0.8593096034250669
BS09218D,77067.0,M3353,1.0,6,2019-01-04 19:52:57,113.916822527,22.6918026595,31.96387903971728,0.859386042267278
BS09053D,77067.0,M3353,1.0,6,2019-01-04 19:53:04,113.916746286,22.6919404252,31.98102902547232,0.8598471395691621
BS09218D,77067.0,M3353,1.0,6,2019-01-04 19:53:11,113.916783512,22.6918731585,31.97265522700635,0.8596220002638397
BS09053D,77067.0,M3353,1.0,6,2019-01-04 19:53:16,113.916667523,22.6921021154,32.00068599213287,0.8603756399667642
BS09218D,77067.0,M3353,1.0,6,2019-01-04 19:53:17,113.916746286,22.6919404252,31.98102902547232,0.8598471395691621
BS09053D,77067.0,M3353,1.0,6,2019-01-04 19:53:24,113.916621237,22.6922010589,32.012630670966665,0.8606967865415079
BS09218D,77067.0,M3353,1.0,6,2019-01-04 19:53:31,113.916715912,22.6919986787,31.98819883910473,0.8600399083427422
BS09390D,20025.0,M3353,1.0,6,2019-01-04 19:58:32,113.857143396,22.6232023874,17.573446890233654,0.4724825467280233
BS30452D,61757.0,M3353,1.0,6,2019-01-04 19:58:43,113.85544759,22.6211162632,17.26911831222539,0.4643003191617642
BS09390D,20025.0,M3353,1.0,6,2019-01-04 19:58:46,113.857514546,22.6240496506,17.667005776522004,0.4749979861371881
BS30452D,20025.0,M3353,1.0,6,2019-01-04 19:58:58,113.856528465,22.6221481421,17.432825503754902,0.4687017772965676
BS09390D,20025.0,M3353,1.0,6,2019-01-04 19:59:00,113.857551531,22.624134083,17.677099251866682,0.4752693609543186
BS09390D,20025.0,M3353,1.0,6,2019-01-04 19:59:14,113.85793005,22.6250062787,17.781234463410414,0.4780691571617199
BS30452D,20025.0,M3353,1.0,6,2019-01-04 19:59:19,113.857509633,22.6240384348,17.665664983100392,0.4749619373475319
BS09390D,20025.0,M3353,1.0,6,2019-01-04 19:59:27,113.858052093,22.6253147972,17.817630318846142,0.4790477020410499
BS30452D,20025.0,M3353,1.0,6,2019-01-04 19:59:33,113.857515942,22.6240528373,17.667386734195656,0.4750082286270631
BS30452D,20025.0,M3353,1.0,6,2019-01-04 19:59:36,113.857536624,22.6241000527,17.673031087485597,0.4751599836261661
BS03377D,75284.0,M3353,2.0,3,2019-01-04 12:04:13,113.921281793,22.6875872603,6.385646754990856,0.2036614676927739
BS45211D,75284.0,M3353,2.0,3,2019-01-04 12:04:14,113.918518155,22.6894032586,6.035770056839958,0.1925026290361849
BS03377D,77068.0,M3353,2.0,3,2019-01-04 12:04:21,113.921673173,22.6874091929,6.430437987122684,0.2050900227672628
BS45211D,75284.0,M3353,2.0,3,2019-01-04 12:04:26,113.91880481,22.6891487715,6.076538185381846,0.193802872725274
BS03377D,77068.0,M3353,2.0,3,2019-01-04 12:04:35,113.921685816,22.6874034423,6.43188482862782,0.2051361677977915
BS45211D,75284.0,M3353,2.0,3,2019-01-04 12:04:40,113.919836523,22.6883696343,6.213340958453399,0.1981660100263497
BS45211D,75284.0,M3353,2.0,3,2019-01-04 12:04:54,113.920943722,22.6877463384,6.346695328041539,0.2024191652157342
BS45211D,77068.0,M3353,2.0,3,2019-01-04 12:05:08,113.921553338,22.6874636993,6.416724289183802,0.2046526431318256
BS03377D,77068.0,M3353,2.0,3,2019-01-04 12:05:16,113.921692285,22.6874004996,6.432625144157024,0.2051597791488447
BS03377D,77068.0,M3353,2.0,3,2019-01-04 12:05:58,113.921723322,22.6873863826,6.436176960680269,0.2052730594779725
BS45211D,77068.0,M3353,2.0,3,2019-01-04 12:06:05,113.921692285,22.6874004996,6.432625144157024,0.2051597791488447
BS03377D,85814.0,M3353,2.0,3,2019-01-04 12:06:12,113.922446341,22.6870504374,6.51929024298398,0.2079238439181716
BS45211D,85814.0,M3353,2.0,3,2019-01-04 12:06:18,113.922312912,22.6871086463,6.504139744041236,0.2074406394802585
BS03377D,77059.0,M3353,2.0,3,2019-01-04 12:06:26,113.923344309,22.68665924,6.621226567550171,0.2111749635414316
BS45211D,77059.0,M3353,2.0,3,2019-01-04 12:06:32,113.923076432,22.6867761761,6.5908063737681415,0.2102047530755451
BS03377D,77059.0,M3353,2.0,3,2019-01-04 12:06:38,113.923992285,22.6863763792,6.69481112444811,0.2135218423200994
BS03377D,77059.0,M3353,2.0,3,2019-01-04 12:06:44,113.924087482,22.6863348233,6.705621939708725,0.2138666384836534
BS45211D,77059.0,M3353,2.0,3,2019-01-04 12:06:47,113.92361103,22.6865428086,6.651515538285917,0.21214098882777
BS03377D,77059.0,M3353,2.0,3,2019-01-04 12:06:57,113.924595518,22.6861130503,6.763314950238309,0.2157066781305203
BS45211D,77059.0,M3353,2.0,3,2019-01-04 12:06:59,113.923909206,22.6864126456,6.685376615700393,0.2132209415699884
BS03377D,77059.0,M3353,2.0,3,2019-01-04 12:07:04,113.924811087,22.6860189481,6.78779516917099,0.2164874412244659
BS45211D,77059.0,M3353,2.0,3,2019-01-04 12:07:11,113.923992285,22.6863763792,6.69481112444811,0.2135218423200994
BS03377D,77059.0,M3353,2.0,3,2019-01-04 12:07:18,113.925047964,22.6859155443,6.866487179171103,0.2189972152328373
BS03377D,77059.0,M3353,2.0,3,2019-01-04 12:07:21,113.925257467,22.6858240901,6.842695793905139,0.218238421546368
BS45211D,77059.0,M3353,2.0,3,2019-01-04 12:07:25,113.924614629,22.6861047079,6.765485207552196,0.2157758955186371
BS45211D,77059.0,M3353,2.0,3,2019-01-04 12:07:31,113.924817381,22.6860162005,6.7885099259193,0.2165102374131668
BS03377D,77059.0,M3353,2.0,3,2019-01-04 12:07:34,113.926473507,22.6852790078,6.977260586114224,0.2225301815093906
BS45211D,77059.0,M3353,2.0,3,2019-01-04 12:07:45,113.92504167,22.6859182919,6.86720193634392,0.2190200114350773
BS03377D,64576.0,M3353,2.0,3,2019-01-04 12:07:48,113.927492798,22.684821923,7.093591294425245,0.2262403903106911
BS03377D,31804.0,M3353,2.0,3,2019-01-04 12:24:01,113.89183114,22.6753177249,11.962070367874524,0.3815138702843975
BS45211D,31804.0,M3353,2.0,3,2019-01-04 12:24:01,113.89276159,22.6752093854,11.865600744863368,0.3784371036287937
BS45211D,31804.0,M3353,2.0,3,2019-01-04 12:24:14,113.892130133,22.6752900904,11.931105694255969,0.3805262943789728
BS03377D,31804.0,M3353,2.0,3,2019-01-04 12:24:15,113.891800685,22.6753163407,11.9652038609739,0.381613808760187
BS45211D,31804.0,M3353,2.0,3,2019-01-04 12:24:24,113.891869208,22.675319455,11.958153579336852,0.3813889496721508
BS03377D,31804.0,M3353,2.0,3,2019-01-04 12:24:25,113.891295934,22.6752934004,12.017137328560674,0.3832701556639413
BS45211D,31804.0,M3353,2.0,3,2019-01-04 12:24:38,113.891349229,22.6752958226,12.011653843861737,0.3830952674208696
BS03377D,31804.0,M3353,2.0,3,2019-01-04 12:24:39,113.890037051,22.6750396824,12.149898936099822,0.3875044055186709
BS45211D,31804.0,M3353,2.0,3,2019-01-04 12:24:39,113.891265479,22.6752920162,12.020270822212638,0.3833700941573548
BS45211D,31804.0,M3353,2.0,3,2019-01-04 12:24:52,113.890183504,22.675079445,12.134217594814542,0.3870042705904344
BS03377D,37333.0,M3353,2.0,3,2019-01-04 12:24:53,113.888917781,22.6745967397,12.27518751610116,0.3915003133831755
BS03377D,37332.0,M3353,2.0,3,2019-01-04 12:25:02,113.888742058,22.6745143346,12.29542073051619,0.3921456240779281
BS45211D,37333.0,M3353,2.0,3,2019-01-04 12:25:06,113.889205589,22.6747315084,12.24205779092561,0.3904436861201285
BS03377D,37332.0,M3353,2.0,3,2019-01-04 12:25:16,113.888735459,22.6745112408,12.296180517513829,0.39216985644483
BS45211D,37333.0,M3353,2.0,3,2019-01-04 12:25:17,113.888886206,22.6745819264,12.278823456708356,0.3916162767348793
BS03377D,12740.0,M3353,2.0,3,2019-01-04 12:25:30,113.888019025,22.6741272159,12.414130754368326,0.3959317178935113
BS45211D,12740.0,M3353,2.0,3,2019-01-04 12:25:32,113.888367499,22.6743149209,12.339803568271224,0.3935611539724521
BS03377D,12744.0,M3353,2.0,3,2019-01-04 12:25:40,113.887167767,22.673685408,12.48146601645028,0.3980792839630516
BS45211D,12744.0,M3353,2.0,3,2019-01-04 12:25:45,113.887404406,22.6738033591,12.453861432028864,0.3971988735059713
BS45211D,12744.0,M3353,2.0,3,2019-01-04 12:25:50,113.887105913,22.6736545775,12.48868144639466,0.3983094102304275
BS03377D,12699.0,M3353,2.0,3,2019-01-04 12:25:54,113.886221228,22.6732045129,12.59237090317466,0.401616443607364
BS45211D,12699.0,M3353,2.0,3,2019-01-04 12:26:04,113.886447697,22.6733245484,12.565568677468988,0.4007616232838966
BS03377D,12699.0,M3353,2.0,3,2019-01-04 12:26:08,113.886172074,22.6731784599,12.598188191993106,0.4018019780761837
BS03377D,12699.0,M3353,2.0,3,2019-01-04 12:26:12,113.885980984,22.6730771763,12.620803392179283,0.4025232589485532
BS45211D,12699.0,M3353,2.0,3,2019-01-04 12:26:14,113.886228331,22.6732082777,12.591530275195923,0.4015896329279603
BS03377D,12699.0,M3353,2.0,3,2019-01-04 12:26:21,113.885748201,22.6729537942,12.64835290574667,0.403401912996081
BS45211D,12699.0,M3353,2.0,3,2019-01-04 12:26:28,113.886172074,22.6731784599,12.598188191993106,0.4018019780761837
BS45211D,12699.0,M3353,2.0,3,2019-01-04 12:26:30,113.886128087,22.6731551456,12.603393973747227,0.4019680093637278
BS03377D,12699.0,M3353,2.0,3,2019-01-04 12:26:35,113.885736288,22.6729474804,12.649762766725186,0.4034468785833025
BS45211D,12699.0,M3353,2.0,3,2019-01-04 12:26:44,113.886116175,22.6731488317,12.60480374943723,0.4020129722307888
BS03377D,12699.0,M3353,2.0,3,2019-01-04 12:27:03,113.885532497,22.6728394646,12.673881156217645,0.4042161016222345
BS45211D,12699.0,M3353,2.0,3,2019-01-04 12:27:11,113.886006313,22.6730906016,12.617805736126767,0.4024276528095483
BS03377D,12699.0,M3353,2.0,3,2019-01-04 12:27:17,113.88473353,22.672452622,12.76654576689727,0.4071715126147768
BS45211D,12699.0,M3353,2.0,3,2019-01-04 12:27:25,113.885220779,22.6726742449,12.718696932107806,0.4056454394863196
BS03377D,27489.0,M3353,2.0,3,2019-01-04 12:27:30,113.88401673,22.6721529285,12.84738857535947,0.4097498833978066
BS45211D,12699.0,M3353,2.0,3,2019-01-04 12:27:39,113.884506084,22.6723504307,12.792515372063574,0.4079997776451651
BS03377D,27489.0,M3353,2.0,3,2019-01-04 12:27:44,113.882945449,22.6717824002,12.964981457483034,0.4135003475062057
BS45211D,27489.0,M3353,2.0,3,2019-01-04 12:27:53,113.883559189,22.6719830123,12.898034549525011,0.4113651674601802
BS09053D,33589.0,M3353,2.0,3,2019-01-04 13:38:19,113.831624087,22.6930562001,30.35213122214616,0.9680397036485938
BS09218D,33574.0,M3353,2.0,3,2019-01-04 13:38:31,113.830410758,22.692429409,30.187372394611472,0.962784946234268
BS09053D,33589.0,M3353,2.0,3,2019-01-04 13:38:33,113.832100168,22.6927275783,30.41310158365288,0.969984269921464
BS09053D,33589.0,M3353,2.0,3,2019-01-04 13:38:36,113.832141164,22.6926992804,30.418351818946064,0.970151718993824
BS09218D,33595.0,M3353,2.0,3,2019-01-04 13:38:45,113.831028758,22.6931231002,30.287220330188397,0.965969459547629
BS09218D,33595.0,M3353,2.0,3,2019-01-04 13:38:48,113.831171943,22.6931616914,30.30261835479119,0.9664605584778548
BS09053D,33589.0,M3353,2.0,3,2019-01-04 13:38:50,113.832169858,22.6926794735,30.42202661250406,0.9702689215072428
BS09053D,33589.0,M3353,2.0,3,2019-01-04 13:38:59,113.832337934,22.6925634568,30.556933918930117,0.9745716054926568
BS09218D,33589.0,M3353,2.0,3,2019-01-04 13:39:02,113.831877904,22.6928809993,30.384636839774853,0.9690764258552124
BS09218D,33589.0,M3353,2.0,3,2019-01-04 13:39:10,113.832141164,22.6926992804,30.418351818946064,0.970151718993824
BS09053D,33589.0,M3353,2.0,3,2019-01-04 13:39:14,113.832674977,22.692330808,30.513769676755388,0.9731949410371292
BS09053D,33589.0,M3353,2.0,3,2019-01-04 13:39:21,113.832746977,22.6922811091,30.50454882261108,0.9729008545083148
BS09053D,33589.0,M3353,2.0,3,2019-01-04 13:39:34,113.832755002,22.6922755695,30.50352106535272,0.97286807559653
BS09218D,33589.0,M3353,2.0,3,2019-01-04 13:39:38,113.832159524,22.6926866071,30.420703137863875,0.970226711094106
BS09075D,28006.0,M3353,2.0,3,2019-01-04 13:44:09,113.823921688,22.6702843408,27.52257191225588,0.8777947802936328
BS09075D,28006.0,M3353,2.0,3,2019-01-04 13:44:10,113.823921393,22.6703835221,27.533555234483718,0.8781450783309169
BS09298D,54927.0,M3353,2.0,3,2019-01-04 13:44:17,113.823926328,22.6739157694,27.924717368264226,0.8906206594784823
BS09075D,28006.0,M3353,2.0,3,2019-01-04 13:44:24,113.823917788,22.6721667507,27.731029753991677,0.8844432579857002
BS09075D,54927.0,M3353,2.0,3,2019-01-04 13:44:34,113.823923148,22.6734827125,27.876759761440464,0.8890911172147913
BS09075D,54927.0,M3353,2.0,3,2019-01-04 13:44:41,113.823926328,22.6739157694,27.924717368264226,0.8906206594784823
BS09298D,54963.0,M3353,2.0,3,2019-01-04 13:44:45,113.823869268,22.6744628523,27.985959617030904,0.8925738972235673
BS09298D,54963.0,M3353,2.0,3,2019-01-04 13:44:47,113.823838657,22.674592749,28.00068427035249,0.8930435198979499
BS09075D,54927.0,M3353,2.0,3,2019-01-04 13:44:55,113.823928049,22.6741501365,27.95067166134716,0.8914484361509185
BS09298D,29521.0,M3353,2.0,3,2019-01-04 13:45:01,113.82372634,22.675733567,28.12819842178408,0.897110409318643
BS09075D,54963.0,M3353,2.0,3,2019-01-04 13:45:03,113.823793142,22.6747858906,28.02257815066066,0.8937417952595751
BS09298D,29521.0,M3353,2.0,3,2019-01-04 13:45:15,113.823726586,22.6771659858,28.286825185916317,0.9021695929594038
BS09075D,29521.0,M3353,2.0,3,2019-01-04 13:45:16,113.823726451,22.6763839729,28.20022268950559,0.8994075248085026
BS09075D,29521.0,M3353,2.0,3,2019-01-04 13:45:30,113.823726744,22.6780834178,28.58983031145793,0.9118335269278788
BS09298D,29521.0,M3353,2.0,3,2019-01-04 13:45:30,113.82372683,22.6785831431,28.53449096184634,0.910068554076186
BS09075D,29521.0,M3353,2.0,3,2019-01-04 13:45:44,113.82372803,22.6801490509,28.617168505856537,0.912705441239603
BS09298D,29521.0,M3353,2.0,3,2019-01-04 13:45:44,113.823727901,22.6800174738,28.602597709363348,0.912240725618286
BS09075D,81044.0,M3353,2.0,3,2019-01-04 13:45:53,113.823858991,22.6811260053,28.726366123842425,0.9161881498830428
BS09298D,81044.0,M3353,2.0,3,2019-01-04 13:45:57,113.823858991,22.6811260053,28.726366123842425,0.9161881498830428
BS09075D,80970.0,M3353,2.0,3,2019-01-04 13:46:07,113.823931161,22.6820024405,28.82377901768321,0.9192950008713644
BS09075D,80970.0,M3353,2.0,3,2019-01-04 13:46:10,113.823936431,22.6820359438,28.82752847481217,0.9194145846772392
BS09298D,80970.0,M3353,2.0,3,2019-01-04 13:46:11,113.823923169,22.6819302278,28.815736797863774,0.9190385052719712
BS09075D,80970.0,M3353,2.0,3,2019-01-04 13:46:23,113.823998087,22.6823934096,28.86762571194813,0.9206934312027149
BS09298D,80970.0,M3353,2.0,3,2019-01-04 13:46:25,113.823953369,22.6821436277,28.83957970377386,0.9197989421389046
BS09298D,80970.0,M3353,2.0,3,2019-01-04 13:46:28,113.823977461,22.6822922114,28.856220387640544,0.9203296739863954
BS09075D,80970.0,M3353,2.0,3,2019-01-04 13:46:36,113.824447698,22.6836782141,29.01776143133389,0.9254818045870266
BS09298D,80970.0,M3353,2.0,3,2019-01-04 13:46:42,113.82434977,22.6834773309,28.99333275769266,0.924702685459638
BS09075D,29388.0,M3353,2.0,3,2019-01-04 13:46:47,113.825055993,22.6849148863,29.168301245134163,0.9302830660098884
BS09298D,29388.0,M3353,2.0,3,2019-01-04 13:46:56,113.824955691,22.6847114057,29.143522514326307,0.929492782288048
BS09298D,29388.0,M3353,2.0,3,2019-01-04 13:46:58,113.825049941,22.6849026104,29.16680631963403,0.930235387406118
BS09075D,29388.0,M3353,2.0,3,2019-01-04 13:47:00,113.825487304,22.685789885,29.27485348608091,0.9336814039715378
BS09075D,29388.0,M3353,2.0,3,2019-01-04 13:47:11,113.825598973,22.6860164266,29.302440400912317,0.9345612508812166
BS09298D,29388.0,M3353,2.0,3,2019-01-04 13:47:11,113.825474531,22.6857639722,29.271697983626,0.9335807635374624
BS09075D,61806.0,M3353,2.0,3,2019-01-04 13:47:25,113.826261862,22.6873613719,29.46621668504168,0.939784671417748
BS09075D,81025.0,M3353,2.0,3,2019-01-04 13:47:36,113.826501811,22.6878407767,29.524754910933414,0.9416516680523372
BS09298D,61806.0,M3353,2.0,3,2019-01-04 13:47:36,113.826103504,22.6870400756,29.427091939127383,0.9385368411694206
BS09298D,81025.0,M3353,2.0,3,2019-01-04 13:47:47,113.826538732,22.6879114803,29.533455349746195,0.94192915664608
BS09075D,81025.0,M3353,2.0,3,2019-01-04 13:47:50,113.826877807,22.6885607979,29.613357390668707,0.9444775229354004
BS09075D,81025.0,M3353,2.0,3,2019-01-04 13:47:52,113.826903059,22.6886091546,29.619307942747565,0.9446673076536072
BS09298D,81025.0,M3353,2.0,3,2019-01-04 13:48:01,113.826850138,22.6885078121,29.606837217231917,0.944269570923224
BS09075D,81025.0,M3353,2.0,3,2019-01-04 13:48:15,113.827060762,22.6889111511,29.817906131175093,0.951001325191402
BS09298D,81025.0,M3353,2.0,3,2019-01-04 13:48:15,113.826954068,22.6887068343,29.8430483700862,0.951803202506917
BS09298D,81025.0,M3353,2.0,3,2019-01-04 13:48:20,113.827063754,22.6889168796,29.817201183559455,0.950978841851569
BS09075D,33574.0,M3353,2.0,3,2019-01-04 13:48:29,113.827797541,22.6897534341,29.80025230142108,0.9504382804418174
BS09298D,33574.0,M3353,2.0,3,2019-01-04 13:48:34,113.8275911,22.6896835,29.76102983649445,0.949187333579271
BS09075D,33574.0,M3353,2.0,3,2019-01-04 13:48:43,113.829081354,22.6909080512,29.97046863718888,0.9558670976153734
BS09298D,33574.0,M3353,2.0,3,2019-01-04 13:48:48,113.828630347,22.6903919226,29.89688620392876,0.9535202865672288
BS09075D,33574.0,M3353,2.0,3,2019-01-04 13:48:57,113.83037913,22.6923932134,30.182212148640524,0.9626203672482352
BS09298D,33574.0,M3353,2.0,3,2019-01-04 13:49:02,113.829492227,22.6913782505,30.03750351775895,0.9580050834275136
BS09075D,33595.0,M3353,2.0,3,2019-01-04 13:49:09,113.831188399,22.6931637067,30.304323908047024,0.9665149547657546
BS09298D,33574.0,M3353,2.0,3,2019-01-04 13:49:16,113.830549135,22.6925877661,30.20994887191829,0.9635049920933728
BS09075D,33589.0,M3353,2.0,3,2019-01-04 13:49:23,113.832144365,22.6926970709,30.4187617600092,0.970164793503234
BS09075D,33589.0,M3353,2.0,3,2019-01-04 13:49:24,113.832151498,22.6926921467,30.419675300118303,0.970193929615292
BS09298D,33595.0,M3353,2.0,3,2019-01-04 13:49:28,113.831268699,22.6931675398,30.312590896226567,0.9667786190445103
BS09298D,33589.0,M3353,2.0,3,2019-01-04 13:49:42,113.832073782,22.6927457912,30.409722427691804,0.9698764963647672
BS09075D,33589.0,M3353,2.0,3,2019-01-04 13:49:44,113.832392465,22.6925258157,30.54995025608507,0.974348871119857
BS09298D,33589.0,M3353,2.0,3,2019-01-04 13:49:45,113.83211567,22.6927168778,30.41508688430625,0.9700475883699144
BS09075D,33589.0,M3353,2.0,3,2019-01-04 13:49:50,113.832578901,22.6923971258,30.526073888026733,0.9735873670234814
BS09298D,33589.0,M3353,2.0,3,2019-01-04 13:49:57,113.832400491,22.6925202761,30.548922417548415,0.9743160896158124
BS09298D,33589.0,M3353,2.0,3,2019-01-04 13:50:03,113.832480516,22.6924650376,30.538673815130924,0.9739892244617832
BS09075D,33589.0,M3353,2.0,3,2019-01-04 13:50:31,113.83259957,22.6923828584,30.52342683949473,0.9735029430317128
BS09298D,33589.0,M3353,2.0,3,2019-01-04 13:50:43,113.832883296,22.6921862959,30.51344510020701,0.9731845891121392
BS09075D,11045.0,M3353,2.0,3,2019-01-04 13:50:44,113.833310052,22.6919331556,30.565513668942074,0.9748452448821998
BS09075D,11045.0,M3353,2.0,3,2019-01-04 13:50:52,113.834047684,22.6915268117,30.65366463690729,0.9776566994150244
BS09298D,11045.0,M3353,2.0,3,2019-01-04 13:50:57,113.833876998,22.6916208388,30.63326792871837,0.9770061743100128
BS09298D,11045.0,M3353,2.0,3,2019-01-04 13:50:59,113.834041236,22.6915303642,30.6528940859452,0.9776321237462012
BS09075D,25748.0,M3353,2.0,3,2019-01-04 13:51:06,113.834964061,22.6910219927,30.763170838716885,0.981149249917379
BS09298D,25748.0,M3353,2.0,3,2019-01-04 13:51:13,113.834871464,22.6910730041,30.752105511157072,0.9807963364322144
BS09298D,25748.0,M3353,2.0,3,2019-01-04 13:51:15,113.834890425,22.6910625585,30.75437135004043,0.980868602263734
BS09075D,25748.0,M3353,2.0,3,2019-01-04 13:51:16,113.835229798,22.6908756002,30.79492631972207,0.9821620475425764
BS09298D,25748.0,M3353,2.0,3,2019-01-04 13:51:29,113.834975767,22.6910155438,30.76456970987544,0.9811938649993268
BS09075D,60604.0,M3353,2.0,3,2019-01-04 13:51:30,113.836327904,22.6902660576,30.92641358782184,0.986355654084182
BS09298D,25748.0,M3353,2.0,3,2019-01-04 13:51:35,113.835259063,22.6908594781,30.798423491954104,0.9822735850667896
BS09075D,60604.0,M3353,2.0,3,2019-01-04 13:51:44,113.837046767,22.6898076256,31.01607746956191,0.9892153609321912
BS09298D,60604.0,M3353,2.0,3,2019-01-04 13:51:50,113.836291736,22.6902866919,30.922050867912297,0.9862165111008632
BS09390D,11045.0,M3353,2.0,3,2019-01-04 14:08:22,113.834133834,22.6914793541,30.66395940138233,0.9779850368447291
BS09691D,25748.0,M3353,2.0,3,2019-01-04 14:08:33,113.834503877,22.6912755051,30.70817903661864,0.9793953616181796
BS09390D,25748.0,M3353,2.0,3,2019-01-04 14:08:37,113.834896874,22.6910590059,30.75514199693454,0.9808931809921776
BS09390D,25748.0,M3353,2.0,3,2019-01-04 14:08:40,113.834933394,22.6910388871,30.75950613396573,0.9810323691726528
BS09691D,25748.0,M3353,2.0,3,2019-01-04 14:08:48,113.834834348,22.6910934511,30.747670160634254,0.9806548769948438
BS09390D,25748.0,M3353,2.0,3,2019-01-04 14:08:54,113.835102082,22.6909459582,30.77966428550336,0.9816752858396168
BS09390D,25748.0,M3353,2.0,3,2019-01-04 14:08:56,113.835210837,22.6908860458,30.79266047857903,0.9820897816389876
BS09691D,25748.0,M3353,2.0,3,2019-01-04 14:09:02,113.834846054,22.6910870023,30.749069025604857,0.9806994918794354
BS36263D,34045.0,M3353,2.0,4,2019-01-04 18:12:03,113.865662414,22.6685900589,14.784671005527946,0.47153685630782
BS36263D,34045.0,M3353,2.0,4,2019-01-04 18:12:15,113.865289189,22.6682746312,14.836598101677492,0.4731930000033
BS36263D,34045.0,M3353,2.0,4,2019-01-04 18:12:18,113.86507808,22.6680658439,14.868345258733818,0.474205532147536
BS36263D,34045.0,M3353,2.0,4,2019-01-04 18:12:33,113.864146046,22.6667583564,15.042154817376224,0.4797489502491527
BS36263D,34045.0,M3353,2.0,4,2019-01-04 18:12:48,113.86334911,22.6655647263,15.197654701094264,0.4847084063166715
BS36263D,34042.0,M3353,2.0,4,2019-01-04 18:12:53,113.863078287,22.6651590872,15.250499053322091,0.486393804639963
BS36263D,34042.0,M3353,2.0,4,2019-01-04 18:13:00,113.862854762,22.6648242829,15.294115185214045,0.4877848814998369
BS36263D,34021.0,M3353,2.0,4,2019-01-04 18:13:03,113.86280395,22.6647481662,15.304030870257282,0.4881011287096449
BS09390D,34019.0,M3353,2.0,5,2019-01-04 18:13:17,113.862638956,22.664502058,15.33612941325929,0.4891248678279227
BS36263D,34037.0,M3353,2.0,4,2019-01-04 18:13:18,113.862521419,22.6643267526,15.358994090734194,0.4898541054371315
BS36263D,34037.0,M3353,2.0,4,2019-01-04 18:13:33,113.862189485,22.6638316138,15.423571677008644,0.4919137192092888
BS36263D,34037.0,M3353,2.0,4,2019-01-04 18:13:44,113.862122602,22.663731845,15.436583818915867,0.4923287236748241
BS36263D,34037.0,M3353,2.0,4,2019-01-04 18:13:48,113.861952064,22.663477457,15.469761941088011,0.4933868944938704
BS36263D,34037.0,M3353,2.0,4,2019-01-04 18:14:03,113.861091317,22.6621934971,15.637220423418142,0.4987277537047723
BS36263D,34037.0,M3353,2.0,4,2019-01-04 18:14:18,113.860383745,22.6611380255,15.77487898662898,0.5031181852616207
BS36263D,34037.0,M3353,2.0,4,2019-01-04 18:14:33,113.86024232,22.6609270636,15.802393428142045,0.5039957207339544
BS09390D,34037.0,M3353,2.0,5,2019-01-04 18:14:54,113.862223891,22.6638829356,15.41687808843342,0.4917002363585038
BS48832D,33968.0,M5583,2.0,8,2019-01-04 19:49:42,113.8626704,22.656365,19.46185803290272,0.9779081203789198
BS49978D,29729.0,M5583,2.0,8,2019-01-04 19:49:46,113.8626704,22.656365,19.46185803290272,0.9779081203789196
BS49978D,29729.0,M5583,2.0,8,2019-01-04 19:50:00,113.8626704,22.656365,19.46185803290272,0.9779081203789196
BS48832D,33968.0,M5583,2.0,8,2019-01-04 19:50:10,113.8626704,22.656365,19.46185803290272,0.9779081203789198
BS49978D,29729.0,M5583,2.0,8,2019-01-04 19:50:14,113.8626704,22.656365,19.46185803290272,0.9779081203789196
BS49978D,29729.0,M5583,2.0,8,2019-01-04 19:50:29,113.8626704,22.656365,19.46185803290272,0.9779081203789196
BS49978D,29729.0,M5583,2.0,8,2019-01-04 19:50:34,113.8626704,22.656365,19.46185803290272,0.9779081203789196
BS49978D,29729.0,M5583,2.0,8,2019-01-04 19:50:48,113.8626704,22.656365,19.46185803290272,0.9779081203789196
BS48832D,33968.0,M5583,2.0,8,2019-01-04 19:50:52,113.8626704,22.656365,19.46185803290272,0.9779081203789198
